claim_id,exact_claim_text,claim_type,section,figure,dataset,consumer,backbone,experimental_protocol,source_script,source_artifact,sample_unit,n,effect_size,confidence_interval,raw_p,multiple_testing_family,corrected_p,status,notes
PAGE-001,01 · OVERVIEW,exploratory,overview,,DAVIS; SegTrack where specified,see exact claim/protocol,see source; not inferred,historical source; exact run identity not fully archived,audit_workspace/source/legacy/core.py; audit_workspace/source/legacy/fig_e21.py,ZIP/site/index.html:46; q1q3_all90.json; e21_clip.json,video,,,,,,,PROVISIONAL,"Exact source statement retained; not independently confirmed merely by appearance in draft/page. Missing fields are unknown or inapplicable, not zero."
PAGE-002,"Store for the reader, not for the image.",exploratory,overview,,synthetic serving,see exact claim/protocol,see source; not inferred,historical source; exact run identity not fully archived,audit_workspace/source/legacy/mp_store.py; audit_workspace/source/legacy/mt_store.py,ZIP/site/index.html:47; mp_store2.json; mt_store.json,run / synthetic trace,,,,,,,PROVISIONAL,"Exact source statement retained; not independently confirmed merely by appearance in draft/page. Missing fields are unknown or inapplicable, not zero."
PAGE-003,"An embodied agent keeps a compact state in memory and reads it back later. We measure which reader that stored state actually serves, and find the answer changes with the record's age. FRAME sizes and lays out every record for the reader that will consume it.",exploratory,overview,,synthetic serving,see exact claim/protocol,see source; not inferred,historical source; exact run identity not fully archived,audit_workspace/source/legacy/mp_store.py; audit_workspace/source/legacy/mt_store.py,ZIP/site/index.html:49; mp_store2.json; mt_store.json,run / synthetic trace,,,,,,,PROVISIONAL,"Exact source statement retained; not independently confirmed merely by appearance in draft/page. Missing fields are unknown or inapplicable, not zero."
PAGE-004,The diagram is wider than this screen. Scroll it sideways.,exploratory,overview,,DAVIS; SegTrack where specified,see exact claim/protocol,see source; not inferred,historical source; exact run identity not fully archived,audit_workspace/source/legacy/core.py; audit_workspace/source/legacy/fig_e21.py,ZIP/site/index.html:215; q1q3_all90.json; e21_clip.json,video,,,,,,,PROVISIONAL,"Exact source statement retained; not independently confirmed merely by appearance in draft/page. Missing fields are unknown or inapplicable, not zero."
PAGE-005,"Figure 1. The full loop. Solid arrows carry data. Dashed arrows close the loop and mark the two places time is spent, namely sensing again and the world changing while the agent decides. The band at the bottom lists which stages this work measures.",exploratory,overview,Figure 1,LIBERO replay; custom SAPIEN,see exact claim/protocol,see source; not inferred,historical source; exact run identity not fully archived,audit_workspace/source/legacy/libero_multi.py; audit_workspace/source/legacy/fig_frontier.py,ZIP/site/index.html:216; libero_10tasks.json; e11_frontier.json,task / demonstration (pairing unavailable),,,,,,,PROVISIONAL,"Exact source statement retained; not independently confirmed merely by appearance in draft/page. Missing fields are unknown or inapplicable, not zero."
PAGE-006,What prior systems assume,exploratory,overview,,DAVIS; SegTrack where specified,see exact claim/protocol,see source; not inferred,historical source; exact run identity not fully archived,audit_workspace/source/legacy/core.py; audit_workspace/source/legacy/fig_e21.py,ZIP/site/index.html:224; q1q3_all90.json; e21_clip.json,video,,,,,,,PROVISIONAL,"Exact source statement retained; not independently confirmed merely by appearance in draft/page. Missing fields are unknown or inapplicable, not zero."
PAGE-007,The worth of a stored record is a property of the record. Compression work optimises how well the record reconstructs. Cache work optimises how recently the record was touched. Both then apply one fidelity setting to every reader and one deadline to every age.,exploratory,overview,,synthetic serving,see exact claim/protocol,see source; not inferred,historical source; exact run identity not fully archived,audit_workspace/source/legacy/mp_store.py; audit_workspace/source/legacy/mt_store.py,ZIP/site/index.html:225; mp_store2.json; mt_store.json,run / synthetic trace,,,,,,,PROVISIONAL,"Exact source statement retained; not independently confirmed merely by appearance in draft/page. Missing fields are unknown or inapplicable, not zero."
PAGE-008,What we measure instead,exploratory,overview,,DAVIS; SegTrack where specified,see exact claim/protocol,see source; not inferred,historical source; exact run identity not fully archived,audit_workspace/source/legacy/core.py; audit_workspace/source/legacy/fig_e21.py,ZIP/site/index.html:230; q1q3_all90.json; e21_clip.json,video,,,,,,,PROVISIONAL,"Exact source statement retained; not independently confirmed merely by appearance in draft/page. Missing fields are unknown or inapplicable, not zero."
PAGE-009,"The worth of a record is a property of its reader. Holding the record and its size fixed, the reader with the lowest error changes as the record ages. A setting chosen without knowing the reader is therefore wrong for one of them at every age.",exploratory,overview,,DAVIS; SegTrack where specified,see exact claim/protocol,see source; not inferred,historical source; exact run identity not fully archived,audit_workspace/source/legacy/core.py; audit_workspace/source/legacy/fig_e21.py,ZIP/site/index.html:231; q1q3_all90.json; e21_clip.json,video,,,,,,,PROVISIONAL,"Exact source statement retained; not independently confirmed merely by appearance in draft/page. Missing fields are unknown or inapplicable, not zero."
PAGE-010,The consequence for a memory system,exploratory,overview,,DAVIS; SegTrack where specified,see exact claim/protocol,see source; not inferred,historical source; exact run identity not fully archived,audit_workspace/source/legacy/core.py; audit_workspace/source/legacy/fig_e21.py,ZIP/site/index.html:237; q1q3_all90.json; e21_clip.json,video,,,,,,,PROVISIONAL,"Exact source statement retained; not independently confirmed merely by appearance in draft/page. Missing fields are unknown or inapplicable, not zero."
PAGE-011,"A fidelity requirement cannot be a byte count. It has to return two things, a byte tier and a reference grid, where the reference grid is the coordinate system and granularity the reader indexes. Our measurements show the second is the binding one. Holding bits and capacity fixed and permuting the index destroys the record. Granting the misaligned encoding 64 times the capacity does not recover it.",exploratory,overview,,DAVIS,see exact claim/protocol,see source; not inferred,historical source; exact run identity not fully archived,audit_workspace/source/legacy/relayout.py; audit_workspace/source/legacy/frame_ref.py,ZIP/site/index.html:238; relayout.json; frame_ref3.json,video,,,,,,,PROVISIONAL,"Exact source statement retained; not independently confirmed merely by appearance in draft/page. Missing fields are unknown or inapplicable, not zero."
PAGE-012,"Every value is measured. Validation spans two encoders, two video datasets and two physics engines.",exploratory,overview,,DAVIS; SegTrack where specified,see exact claim/protocol,see source; not inferred,historical source; exact run identity not fully archived,audit_workspace/source/legacy/core.py; audit_workspace/source/legacy/fig_e21.py,ZIP/site/index.html:255; q1q3_all90.json; e21_clip.json,video,,,,,,,NOT_SUPPORTED,Overclaimed; see RESULTS_AUDIT.md for protocol and statistical corrections.
PAGE-013,02 · METHOD,exploratory,method,,DAVIS; SegTrack where specified,see exact claim/protocol,see source; not inferred,historical source; exact run identity not fully archived,audit_workspace/source/legacy/core.py; audit_workspace/source/legacy/fig_e21.py,ZIP/site/index.html:265; q1q3_all90.json; e21_clip.json,video,,,,,,,PROVISIONAL,"Exact source statement retained; not independently confirmed merely by appearance in draft/page. Missing fields are unknown or inapplicable, not zero."
PAGE-014,"A requirement that returns two values, and a rule that compares ages.",exploratory,method,,DAVIS; SegTrack where specified,see exact claim/protocol,see source; not inferred,historical source; exact run identity not fully archived,audit_workspace/source/legacy/core.py; audit_workspace/source/legacy/fig_e21.py,ZIP/site/index.html:266; q1q3_all90.json; e21_clip.json,video,,,,,,,PROVISIONAL,"Exact source statement retained; not independently confirmed merely by appearance in draft/page. Missing fields are unknown or inapplicable, not zero."
PAGE-015,"The write path chooses a tier and a grid for each reader. The read path picks one of three ways to answer, using a single comparison and no cost term.",exploratory,method,,DAVIS,see exact claim/protocol,see source; not inferred,historical source; exact run identity not fully archived,audit_workspace/source/legacy/relayout.py; audit_workspace/source/legacy/frame_ref.py,ZIP/site/index.html:268; relayout.json; frame_ref3.json,video,,,,,,,NOT_SUPPORTED,Overclaimed; see RESULTS_AUDIT.md for protocol and statistical corrections.
PAGE-016,2.1 Distortion in the reader's decision space,exploratory,method,,DAVIS; SegTrack where specified,see exact claim/protocol,see source; not inferred,historical source; exact run identity not fully archived,audit_workspace/source/legacy/core.py; audit_workspace/source/legacy/fig_e21.py,ZIP/site/index.html:274; q1q3_all90.json; e21_clip.json,video,,,,,,,PROVISIONAL,"Exact source statement retained; not independently confirmed merely by appearance in draft/page. Missing fields are unknown or inapplicable, not zero."
PAGE-017,"A record is written at time t by encoder e and read at t+Δ by reader c whose read-out is gc. Error is measured on the reader's own decision, never on pixels.",exploratory,method,,DAVIS; SegTrack where specified,see exact claim/protocol,see source; not inferred,historical source; exact run identity not fully archived,audit_workspace/source/legacy/core.py; audit_workspace/source/legacy/fig_e21.py,ZIP/site/index.html:275; q1q3_all90.json; e21_clip.json,video,,,,,,,PROVISIONAL,"Exact source statement retained; not independently confirmed merely by appearance in draft/page. Missing fields are unknown or inapplicable, not zero."
PAGE-018,"Every error on this page is divided by a no-memory baseline, defined as the same read-out scored against a record drawn from a uniformly random frame of the same sequence. That record carries no information about the queried time step. A value of 1.0 means the memory adds nothing. Above 1.0 means the memory is worse than having none. This is what lets three readers with different loss functions be compared on one axis.",exploratory,method,,DAVIS; SegTrack where specified,see exact claim/protocol,see source; not inferred,historical source; exact run identity not fully archived,audit_workspace/source/legacy/core.py; audit_workspace/source/legacy/fig_e21.py,ZIP/site/index.html:282; q1q3_all90.json; e21_clip.json,video,,,,,,,NOT_SUPPORTED,Overclaimed; see RESULTS_AUDIT.md for protocol and statistical corrections.
PAGE-019,2.2 Write path,exploratory,method,,DAVIS; SegTrack where specified,see exact claim/protocol,see source; not inferred,historical source; exact run identity not fully archived,audit_workspace/source/legacy/core.py; audit_workspace/source/legacy/fig_e21.py,ZIP/site/index.html:288; q1q3_all90.json; e21_clip.json,video,,,,,,,PROVISIONAL,"Exact source statement retained; not independently confirmed merely by appearance in draft/page. Missing fields are unknown or inapplicable, not zero."
PAGE-020,A conventional store admits at one globally chosen tier. FRAME admits at the grid the requesting reader indexes. Writing ro(c) for that grid and B(g) for the bytes of a g×g payload:,exploratory,method,,DAVIS,see exact claim/protocol,see source; not inferred,historical source; exact run identity not fully archived,audit_workspace/source/legacy/relayout.py; audit_workspace/source/legacy/frame_ref.py,ZIP/site/index.html:289; relayout.json; frame_ref3.json,video,,,,,,,PROVISIONAL,"Exact source statement retained; not independently confirmed merely by appearance in draft/page. Missing fields are unknown or inapplicable, not zero."
PAGE-021,"The direction of the fallback is the design. A byte-driven store compacts toward whatever fits. FRAME holds the reader's own granularity as long as it can, because Section 4 shows that going below it is where the error appears.",exploratory,method,,DAVIS,see exact claim/protocol,see source; not inferred,historical source; exact run identity not fully archived,audit_workspace/source/legacy/relayout.py; audit_workspace/source/legacy/frame_ref.py,ZIP/site/index.html:298; relayout.json; frame_ref3.json,video,,,,,,,PROVISIONAL,"Exact source statement retained; not independently confirmed merely by appearance in draft/page. Missing fields are unknown or inapplicable, not zero."
PAGE-022,2.3 Read path,exploratory,method,,DAVIS; SegTrack where specified,see exact claim/protocol,see source; not inferred,historical source; exact run identity not fully archived,audit_workspace/source/legacy/core.py; audit_workspace/source/legacy/fig_e21.py,ZIP/site/index.html:302; q1q3_all90.json; e21_clip.json,video,,,,,,,PROVISIONAL,"Exact source statement retained; not independently confirmed merely by appearance in draft/page. Missing fields are unknown or inapplicable, not zero."
PAGE-023,"Three ways can answer a read. Their belief errors have a closed form, with |v| the object speed, σ the per-observation noise, and W the window over which a velocity was estimated before the record was written.",exploratory,method,,DAVIS; SegTrack where specified,see exact claim/protocol,see source; not inferred,historical source; exact run identity not fully archived,audit_workspace/source/legacy/core.py; audit_workspace/source/legacy/fig_e21.py,ZIP/site/index.html:303; q1q3_all90.json; e21_clip.json,video,,,,,,,PROVISIONAL,"Exact source statement retained; not independently confirmed merely by appearance in draft/page. Missing fields are unknown or inapplicable, not zero."
PAGE-024,"Sensing again is never current. Sensing, transfer and encoding take 39.8 ms on our measured pipeline, which at 24 frames per second is already about one frame of delay before the agent moves. Writing Ac for the effective age of a stored record as that reader experiences it, the rule reduces to one comparison.",exploratory,method,,LIBERO replay; custom SAPIEN,see exact claim/protocol,see source; not inferred,historical source; exact run identity not fully archived,audit_workspace/source/legacy/libero_multi.py; audit_workspace/source/legacy/fig_frontier.py,ZIP/site/index.html:313; libero_10tasks.json; e11_frontier.json,task / demonstration (pairing unavailable),,,,,,,PROVISIONAL,"Exact source statement retained; not independently confirmed merely by appearance in draft/page. Missing fields are unknown or inapplicable, not zero."
PAGE-025,"The rule carries no cost term, and that absence is a measured result. We measured energy and latency for both options across every cell of the fidelity ladder, and returning the stored record was cheaper in all of them. Cost therefore never changes the decision, and the rule reduces to a question of delay.",exploratory,method,,synthetic serving,see exact claim/protocol,see source; not inferred,historical source; exact run identity not fully archived,audit_workspace/source/legacy/mp_store.py; audit_workspace/source/legacy/mt_store.py,ZIP/site/index.html:320; mp_store2.json; mt_store.json,run / synthetic trace,,,,,,,NOT_SUPPORTED,Overclaimed; see RESULTS_AUDIT.md for protocol and statistical corrections.
PAGE-026,Requirement returns two values,exploratory,method,,DAVIS; SegTrack where specified,see exact claim/protocol,see source; not inferred,historical source; exact run identity not fully archived,audit_workspace/source/legacy/core.py; audit_workspace/source/legacy/fig_e21.py,ZIP/site/index.html:328; q1q3_all90.json; e21_clip.json,video,,,,,,,PROVISIONAL,"Exact source statement retained; not independently confirmed merely by appearance in draft/page. Missing fields are unknown or inapplicable, not zero."
PAGE-027,A byte tier fixes how much is kept. A reference grid fixes the coordinate system and granularity it is kept on. Section 4 shows the grid is the binding one.,exploratory,method,,DAVIS,see exact claim/protocol,see source; not inferred,historical source; exact run identity not fully archived,audit_workspace/source/legacy/relayout.py; audit_workspace/source/legacy/frame_ref.py,ZIP/site/index.html:329; relayout.json; frame_ref3.json,video,,,,,,,PROVISIONAL,"Exact source statement retained; not independently confirmed merely by appearance in draft/page. Missing fields are unknown or inapplicable, not zero."
PAGE-028,Admission follows granularity,exploratory,method,,DAVIS,see exact claim/protocol,see source; not inferred,historical source; exact run identity not fully archived,audit_workspace/source/legacy/relayout.py; audit_workspace/source/legacy/frame_ref.py,ZIP/site/index.html:333; relayout.json; frame_ref3.json,video,,,,,,,PROVISIONAL,"Exact source statement retained; not independently confirmed merely by appearance in draft/page. Missing fields are unknown or inapplicable, not zero."
PAGE-029,"When the budget cannot hold the reader's grid, FRAME falls back to the finest grid that fits, and never below the reader's own granularity if it can avoid it.",exploratory,method,,DAVIS,see exact claim/protocol,see source; not inferred,historical source; exact run identity not fully archived,audit_workspace/source/legacy/relayout.py; audit_workspace/source/legacy/frame_ref.py,ZIP/site/index.html:334; relayout.json; frame_ref3.json,video,,,,,,,PROVISIONAL,"Exact source statement retained; not independently confirmed merely by appearance in draft/page. Missing fields are unknown or inapplicable, not zero."
PAGE-030,"Order is recoverable, granularity is not",exploratory,method,,DAVIS,see exact claim/protocol,see source; not inferred,historical source; exact run identity not fully archived,audit_workspace/source/legacy/relayout.py; audit_workspace/source/legacy/frame_ref.py,ZIP/site/index.html:338; relayout.json; frame_ref3.json,video,,,,,,,PROVISIONAL,"Exact source statement retained; not independently confirmed merely by appearance in draft/page. Missing fields are unknown or inapplicable, not zero."
PAGE-031,"A permutation can be stored as 104 bytes of metadata and undone in about 10 microseconds, measured at 9.65 to 10.02 across four tiers. Coarsening cannot be undone by any metadata.",exploratory,method,,DAVIS,see exact claim/protocol,see source; not inferred,historical source; exact run identity not fully archived,audit_workspace/source/legacy/relayout.py; audit_workspace/source/legacy/frame_ref.py,ZIP/site/index.html:339; relayout.json; frame_ref3.json,video,,,,,,,CONTRADICTED,"104 B is a coding lower bound, not the implemented index storage; 144 int64 indices require 1152 B."
PAGE-032,Reads are routed by delay,exploratory,method,,DAVIS; SegTrack where specified,see exact claim/protocol,see source; not inferred,historical source; exact run identity not fully archived,audit_workspace/source/legacy/core.py; audit_workspace/source/legacy/fig_e21.py,ZIP/site/index.html:343; q1q3_all90.json; e21_clip.json,video,,,,,,,PROVISIONAL,"Exact source statement retained; not independently confirmed merely by appearance in draft/page. Missing fields are unknown or inapplicable, not zero."
PAGE-033,"One comparison of two ages selects among returning the record, predicting it forward, or sensing again. No cost term appears, because cost never decided in any measured cell.",exploratory,method,,LIBERO replay; custom SAPIEN,see exact claim/protocol,see source; not inferred,historical source; exact run identity not fully archived,audit_workspace/source/legacy/libero_multi.py; audit_workspace/source/legacy/fig_frontier.py,ZIP/site/index.html:344; libero_10tasks.json; e11_frontier.json,task / demonstration (pairing unavailable),,,,,,,NOT_SUPPORTED,Overclaimed; see RESULTS_AUDIT.md for protocol and statistical corrections.
PAGE-034,03 · WHICH READER IS BEST SERVED,exploratory,chart,,DAVIS; SegTrack where specified,see exact claim/protocol,see source; not inferred,historical source; exact run identity not fully archived,audit_workspace/source/legacy/core.py; audit_workspace/source/legacy/fig_e21.py,ZIP/site/index.html:355; q1q3_all90.json; e21_clip.json,video,,,,,,,PROVISIONAL,"Exact source statement retained; not independently confirmed merely by appearance in draft/page. Missing fields are unknown or inapplicable, not zero."
PAGE-035,The reader with the lowest error changes as the record ages.,exploratory,chart,,DAVIS; SegTrack where specified,see exact claim/protocol,see source; not inferred,historical source; exact run identity not fully archived,audit_workspace/source/legacy/core.py; audit_workspace/source/legacy/fig_e21.py,ZIP/site/index.html:356; q1q3_all90.json; e21_clip.json,video,,,,,,,PROVISIONAL,"Exact source statement retained; not independently confirmed merely by appearance in draft/page. Missing fields are unknown or inapplicable, not zero."
PAGE-036,"This is the measurement the whole design rests on. We hold the record and its size fixed, vary its age, and ask which of the three readers has the lowest error.",exploratory,chart,,DAVIS; SegTrack where specified,see exact claim/protocol,see source; not inferred,historical source; exact run identity not fully archived,audit_workspace/source/legacy/core.py; audit_workspace/source/legacy/fig_e21.py,ZIP/site/index.html:358; q1q3_all90.json; e21_clip.json,video,,,,,,,PROVISIONAL,"Exact source statement retained; not independently confirmed merely by appearance in draft/page. Missing fields are unknown or inapplicable, not zero."
PAGE-037,"For a record of a given size and age, which reader does it serve best?",exploratory,chart,,DAVIS; SegTrack where specified,see exact claim/protocol,see source; not inferred,historical source; exact run identity not fully archived,audit_workspace/source/legacy/core.py; audit_workspace/source/legacy/fig_e21.py,ZIP/site/index.html:363; q1q3_all90.json; e21_clip.json,video,,,,,,,PROVISIONAL,"Exact source statement retained; not independently confirmed merely by appearance in draft/page. Missing fields are unknown or inapplicable, not zero."
PAGE-038,"Thirteen JPEG tiers from 886 bytes to 117 kilobytes, crossed with ten record ages from 0 to 40 frames, on 90 DAVIS sequences of 60 frames each. Three readers score the fraction of their own decisions corrupted.",exploratory,chart,,DAVIS; SegTrack where specified,see exact claim/protocol,see source; not inferred,historical source; exact run identity not fully archived,audit_workspace/source/legacy/core.py; audit_workspace/source/legacy/fig_e21.py,ZIP/site/index.html:365; q1q3_all90.json; e21_clip.json,video,,,,,,,PROVISIONAL,"Exact source statement retained; not independently confirmed merely by appearance in draft/page. Missing fields are unknown or inapplicable, not zero."
PAGE-039,"Each reader's error is divided by its own no-memory baseline, measured inside its own pipeline. Without this the comparison measures how hard each reader's task is instead of how much the memory helps.",exploratory,chart,,DAVIS; SegTrack where specified,see exact claim/protocol,see source; not inferred,historical source; exact run identity not fully archived,audit_workspace/source/legacy/core.py; audit_workspace/source/legacy/fig_e21.py,ZIP/site/index.html:368; q1q3_all90.json; e21_clip.json,video,,,,,,,PROVISIONAL,"Exact source statement retained; not independently confirmed merely by appearance in draft/page. Missing fields are unknown or inapplicable, not zero."
PAGE-040,"If one reader were best at every age, a single fidelity setting would be correct and the rest of this work would be unnecessary.",exploratory,chart,,DAVIS; SegTrack where specified,see exact claim/protocol,see source; not inferred,historical source; exact run identity not fully archived,audit_workspace/source/legacy/core.py; audit_workspace/source/legacy/fig_e21.py,ZIP/site/index.html:371; q1q3_all90.json; e21_clip.json,video,,,,,,,PROVISIONAL,"Exact source statement retained; not independently confirmed merely by appearance in draft/page. Missing fields are unknown or inapplicable, not zero."
PAGE-041,"Figure 2. Each reader has a region where its error is lowest. The latent dynamics reader is lowest where records are large and recent. The symbolic reader is lowest across small sizes and middle ages. The metric reader is lowest where records are large and old. Panel A is internally consistent, since its main run and its baseline come from one code path. Panel B is marked as pending for the reason given in Section 8.",exploratory,chart,Figure 2,DAVIS; SegTrack where specified,see exact claim/protocol,see source; not inferred,historical source; exact run identity not fully archived,audit_workspace/source/legacy/core.py; audit_workspace/source/legacy/fig_e21.py,ZIP/site/index.html:385; q1q3_all90.json; e21_clip.json,video,,,,,,,PROVISIONAL,"Exact source statement retained; not independently confirmed merely by appearance in draft/page. Missing fields are unknown or inapplicable, not zero."
PAGE-042,"Figure 3. The structure reproduces on a second encoder. The whole pipeline was rebuilt from raw video with CLIP, which supplies a different latent and therefore a different latent reader, together with a different linear probe and therefore a different symbolic reader. The same three-part structure appears. The position of the boundary differs and is less sharp under CLIP, at 108 of 130 cells confirmed against 123 of 130. The structure is the design rule. The position of the boundary is a per-deployment measurement.",exploratory,chart,Figure 3,DAVIS; SegTrack where specified,see exact claim/protocol,see source; not inferred,historical source; exact run identity not fully archived,audit_workspace/source/legacy/core.py; audit_workspace/source/legacy/fig_e21.py,ZIP/site/index.html:394; q1q3_all90.json; e21_clip.json,video,,,,,,,PROVISIONAL,"Exact source statement retained; not independently confirmed merely by appearance in draft/page. Missing fields are unknown or inapplicable, not zero."
PAGE-043,"camel, stored at JPEG quality 50 and 224 pixels. The latent reader has zero error while the record is recent and reaches 6.91 times its own no-memory baseline by age 20. The symbolic reader stays between 0.72 and 1.50 across the whole range.",exploratory,chart,,synthetic serving,see exact claim/protocol,see source; not inferred,historical source; exact run identity not fully archived,audit_workspace/source/legacy/mp_store.py; audit_workspace/source/legacy/mt_store.py,ZIP/site/index.html:409; mp_store2.json; mt_store.json,run / synthetic trace,,,,,,,PROVISIONAL,"Exact source statement retained; not independently confirmed merely by appearance in draft/page. Missing fields are unknown or inapplicable, not zero."
PAGE-044,"car-roundabout, stored at JPEG quality 50 and 518 pixels. The latent reader holds zero error through age 8, then rises to 1.94 by age 20. By age 40 the metric reader has the lowest error at 0.90.",exploratory,chart,,synthetic serving,see exact claim/protocol,see source; not inferred,historical source; exact run identity not fully archived,audit_workspace/source/legacy/mp_store.py; audit_workspace/source/legacy/mt_store.py,ZIP/site/index.html:418; mp_store2.json; mt_store.json,run / synthetic trace,,,,,,,PROVISIONAL,"Exact source statement retained; not independently confirmed merely by appearance in draft/page. Missing fields are unknown or inapplicable, not zero."
PAGE-045,"Video 1. One stored record, read back as it ages. The left panel is the actual payload the store holds, encoded at the stated tier and then held fixed. The right panel is the scene as it actually is at that moment. The curves are the measured error of each reader for that specific sequence at that specific tier, each divided by its own no-memory baseline for that sequence. Every plotted value comes from the measurement files, and the dashed line at 1.0 marks the point where the stored record stops being worth more than holding nothing.",exploratory,chart,,synthetic serving,see exact claim/protocol,see source; not inferred,historical source; exact run identity not fully archived,audit_workspace/source/legacy/mp_store.py; audit_workspace/source/legacy/mt_store.py,ZIP/site/index.html:423; mp_store2.json; mt_store.json,run / synthetic trace,,,,,,,PROVISIONAL,"Exact source statement retained; not independently confirmed merely by appearance in draft/page. Missing fields are unknown or inapplicable, not zero."
PAGE-046,StatementDINOv2CLIP,exploratory,chart,,DAVIS; SegTrack where specified,see exact claim/protocol,see source; not inferred,historical source; exact run identity not fully archived,audit_workspace/source/legacy/core.py; audit_workspace/source/legacy/fig_e21.py,ZIP/site/index.html:435; q1q3_all90.json; e21_clip.json,video,,,,,,,PROVISIONAL,"Exact source statement retained; not independently confirmed merely by appearance in draft/page. Missing fields are unknown or inapplicable, not zero."
PAGE-047,Symbolic reader lowest at the oldest age13 / 13 tiers13 / 13 tiers,exploratory,chart,,DAVIS; SegTrack where specified,see exact claim/protocol,see source; not inferred,historical source; exact run identity not fully archived,audit_workspace/source/legacy/core.py; audit_workspace/source/legacy/fig_e21.py,ZIP/site/index.html:437; q1q3_all90.json; e21_clip.json,video,,,,,,,PROVISIONAL,"Exact source statement retained; not independently confirmed merely by appearance in draft/page. Missing fields are unknown or inapplicable, not zero."
PAGE-048,Latent reader lowest at age zero5 / 136 / 13,exploratory,chart,,DAVIS; SegTrack where specified,see exact claim/protocol,see source; not inferred,historical source; exact run identity not fully archived,audit_workspace/source/legacy/core.py; audit_workspace/source/legacy/fig_e21.py,ZIP/site/index.html:438; q1q3_all90.json; e21_clip.json,video,,,,,,,PROVISIONAL,"Exact source statement retained; not independently confirmed merely by appearance in draft/page. Missing fields are unknown or inapplicable, not zero."
PAGE-049,The two readers change order5 / 56 / 6,exploratory,chart,,DAVIS; SegTrack where specified,see exact claim/protocol,see source; not inferred,historical source; exact run identity not fully archived,audit_workspace/source/legacy/core.py; audit_workspace/source/legacy/fig_e21.py,ZIP/site/index.html:439; q1q3_all90.json; e21_clip.json,video,,,,,,,PROVISIONAL,"Exact source statement retained; not independently confirmed merely by appearance in draft/page. Missing fields are unknown or inapplicable, not zero."
PAGE-050,Latent error grows faster than symbolic erroryesyes,exploratory,chart,,DAVIS; SegTrack where specified,see exact claim/protocol,see source; not inferred,historical source; exact run identity not fully archived,audit_workspace/source/legacy/core.py; audit_workspace/source/legacy/fig_e21.py,ZIP/site/index.html:440; q1q3_all90.json; e21_clip.json,video,,,,,,,PROVISIONAL,"Exact source statement retained; not independently confirmed merely by appearance in draft/page. Missing fields are unknown or inapplicable, not zero."
PAGE-051,"Cells confirmed at 95 percent, bootstrap over videos123 / 130108 / 130",exploratory,chart,,DAVIS; SegTrack where specified,see exact claim/protocol,see source; not inferred,historical source; exact run identity not fully archived,audit_workspace/source/legacy/core.py; audit_workspace/source/legacy/fig_e21.py,ZIP/site/index.html:441; q1q3_all90.json; e21_clip.json,video,,,,,,,PROVISIONAL,"Exact source statement retained; not independently confirmed merely by appearance in draft/page. Missing fields are unknown or inapplicable, not zero."
PAGE-052,"Error gap at age 40, largest tier+0.74, 95 percent interval +0.31 to +1.16",exploratory,chart,,DAVIS; SegTrack where specified,see exact claim/protocol,see source; not inferred,historical source; exact run identity not fully archived,audit_workspace/source/legacy/core.py; audit_workspace/source/legacy/fig_e21.py,ZIP/site/index.html:442; q1q3_all90.json; e21_clip.json,video,,,,,,,PROVISIONAL,"Exact source statement retained; not independently confirmed merely by appearance in draft/page. Missing fields are unknown or inapplicable, not zero."
PAGE-053,ReaderNo-memory baselineDINOv2CLIP,exploratory,chart,,DAVIS; SegTrack where specified,see exact claim/protocol,see source; not inferred,historical source; exact run identity not fully archived,audit_workspace/source/legacy/core.py; audit_workspace/source/legacy/fig_e21.py,ZIP/site/index.html:447; q1q3_all90.json; e21_clip.json,video,,,,,,,PROVISIONAL,"Exact source statement retained; not independently confirmed merely by appearance in draft/page. Missing fields are unknown or inapplicable, not zero."
PAGE-054,"Symbolic, which region holds the object0.245 / 0.2479963",exploratory,chart,,DAVIS; SegTrack where specified,see exact claim/protocol,see source; not inferred,historical source; exact run identity not fully archived,audit_workspace/source/legacy/core.py; audit_workspace/source/legacy/fig_e21.py,ZIP/site/index.html:449; q1q3_all90.json; e21_clip.json,video,,,,,,,PROVISIONAL,"Exact source statement retained; not independently confirmed merely by appearance in draft/page. Missing fields are unknown or inapplicable, not zero."
PAGE-055,"Metric, position and area within tolerance0.383 / 0.3531043",exploratory,chart,,DAVIS; SegTrack where specified,see exact claim/protocol,see source; not inferred,historical source; exact run identity not fully archived,audit_workspace/source/legacy/core.py; audit_workspace/source/legacy/fig_e21.py,ZIP/site/index.html:450; q1q3_all90.json; e21_clip.json,video,,,,,,,PROVISIONAL,"Exact source statement retained; not independently confirmed merely by appearance in draft/page. Missing fields are unknown or inapplicable, not zero."
PAGE-056,"Latent, cosine change of the patch feature0.390 / 0.2602124",exploratory,chart,,DAVIS; SegTrack where specified,see exact claim/protocol,see source; not inferred,historical source; exact run identity not fully archived,audit_workspace/source/legacy/core.py; audit_workspace/source/legacy/fig_e21.py,ZIP/site/index.html:451; q1q3_all90.json; e21_clip.json,video,,,,,,,PROVISIONAL,"Exact source statement retained; not independently confirmed merely by appearance in draft/page. Missing fields are unknown or inapplicable, not zero."
PAGE-057,"The symbolic reader's baseline is almost the same on both encoders, because it reads a geometric quantity through a probe. The latent reader's baseline differs by a factor of 1.5, because that reader is the encoder's own representation. A baseline borrowed from another run is therefore wrong for exactly the reader this measurement is about, which is why each baseline was measured inside its own pipeline.",exploratory,chart,,DAVIS; SegTrack where specified,see exact claim/protocol,see source; not inferred,historical source; exact run identity not fully archived,audit_workspace/source/legacy/core.py; audit_workspace/source/legacy/fig_e21.py,ZIP/site/index.html:454; q1q3_all90.json; e21_clip.json,video,,,,,,,PROVISIONAL,"Exact source statement retained; not independently confirmed merely by appearance in draft/page. Missing fields are unknown or inapplicable, not zero."
PAGE-058,What the measurement establishes,exploratory,chart,,DAVIS; SegTrack where specified,see exact claim/protocol,see source; not inferred,historical source; exact run identity not fully archived,audit_workspace/source/legacy/core.py; audit_workspace/source/legacy/fig_e21.py,ZIP/site/index.html:463; q1q3_all90.json; e21_clip.json,video,,,,,,,PROVISIONAL,"Exact source statement retained; not independently confirmed merely by appearance in draft/page. Missing fields are unknown or inapplicable, not zero."
PAGE-059,"Extra bytes first buy admission and then buy time. They do not buy accuracy. Within one image resolution the latent reader's error at age zero falls from 0.808 to 0.038 between 10.8 and 18.5 kilobytes, a factor of 21 across a narrow range, below which the memory does not serve it at all. Above that point the error at age zero stops improving while the number of frames over which the reader stays lowest keeps growing, from one to two to three.",exploratory,chart,,DAVIS; SegTrack where specified,see exact claim/protocol,see source; not inferred,historical source; exact run identity not fully archived,audit_workspace/source/legacy/core.py; audit_workspace/source/legacy/fig_e21.py,ZIP/site/index.html:464; q1q3_all90.json; e21_clip.json,video,,,,,,,PROVISIONAL,"Exact source statement retained; not independently confirmed merely by appearance in draft/page. Missing fields are unknown or inapplicable, not zero."
PAGE-060,04 · REFERENCE AND LAYOUT,exploratory,layout,,DAVIS,see exact claim/protocol,see source; not inferred,historical source; exact run identity not fully archived,audit_workspace/source/legacy/relayout.py; audit_workspace/source/legacy/frame_ref.py,ZIP/site/index.html:476; relayout.json; frame_ref3.json,video,,,,,,,PROVISIONAL,"Exact source statement retained; not independently confirmed merely by appearance in draft/page. Missing fields are unknown or inapplicable, not zero."
PAGE-061,Alignment decides the value. Order can be restored. Granularity cannot.,exploratory,layout,,DAVIS,see exact claim/protocol,see source; not inferred,historical source; exact run identity not fully archived,audit_workspace/source/legacy/relayout.py; audit_workspace/source/legacy/frame_ref.py,ZIP/site/index.html:477; relayout.json; frame_ref3.json,video,,,,,,,PROVISIONAL,"Exact source statement retained; not independently confirmed merely by appearance in draft/page. Missing fields are unknown or inapplicable, not zero."
PAGE-062,"If the requirement returns two values, which one carries the weight? We hold the bits and the capacity fixed and change only the index.",exploratory,layout,,DAVIS,see exact claim/protocol,see source; not inferred,historical source; exact run identity not fully archived,audit_workspace/source/legacy/relayout.py; audit_workspace/source/legacy/frame_ref.py,ZIP/site/index.html:479; relayout.json; frame_ref3.json,video,,,,,,,PROVISIONAL,"Exact source statement retained; not independently confirmed merely by appearance in draft/page. Missing fields are unknown or inapplicable, not zero."
PAGE-063,"Between the byte tier and the reference grid, which one determines whether a stored record is useful?",exploratory,layout,,DAVIS,see exact claim/protocol,see source; not inferred,historical source; exact run identity not fully archived,audit_workspace/source/legacy/relayout.py; audit_workspace/source/legacy/frame_ref.py,ZIP/site/index.html:484; relayout.json; frame_ref3.json,video,,,,,,,PROVISIONAL,"Exact source statement retained; not independently confirmed merely by appearance in draft/page. Missing fields are unknown or inapplicable, not zero."
PAGE-064,"Five arms on identical payloads. A scene-indexed record, an object-indexed record, the object-indexed record at 64 times the capacity, a permuted index with the permutation discarded, and a permuted index with the permutation stored and undone at read time.",exploratory,layout,,DAVIS,see exact claim/protocol,see source; not inferred,historical source; exact run identity not fully archived,audit_workspace/source/legacy/relayout.py; audit_workspace/source/legacy/frame_ref.py,ZIP/site/index.html:486; relayout.json; frame_ref3.json,video,,,,,,,PROVISIONAL,"Exact source statement retained; not independently confirmed merely by appearance in draft/page. Missing fields are unknown or inapplicable, not zero."
PAGE-065,"Bits and capacity are identical across arms. Only the index changes. The knee is then shown to be causal by moving the reader's grid to 3, 4 and 6 and observing the knee move with it each time.",exploratory,layout,,DAVIS,see exact claim/protocol,see source; not inferred,historical source; exact run identity not fully archived,audit_workspace/source/legacy/relayout.py; audit_workspace/source/legacy/frame_ref.py,ZIP/site/index.html:490; relayout.json; frame_ref3.json,video,,,,,,,PROVISIONAL,"Exact source statement retained; not independently confirmed merely by appearance in draft/page. Missing fields are unknown or inapplicable, not zero."
PAGE-066,A reviewer will ask whether more bytes could substitute for correct alignment. This answers that directly.,exploratory,layout,,DAVIS,see exact claim/protocol,see source; not inferred,historical source; exact run identity not fully archived,audit_workspace/source/legacy/relayout.py; audit_workspace/source/legacy/frame_ref.py,ZIP/site/index.html:493; relayout.json; frame_ref3.json,video,,,,,,,PROVISIONAL,"Exact source statement retained; not independently confirmed merely by appearance in draft/page. Missing fields are unknown or inapplicable, not zero."
PAGE-067,"Figure 4. Keeping the layout against restoring it at read time. Permuting the index while holding bits and capacity fixed pushes the record past the no-memory baseline, meaning the memory becomes worse than none. Storing the permutation as metadata and undoing it at read time restores the original layout exactly, for about 10 microseconds and 104 bytes. Coarsening cannot be undone. The knee sits at the reader's own grid and moves when that grid moves.",exploratory,layout,Figure 4,DAVIS,see exact claim/protocol,see source; not inferred,historical source; exact run identity not fully archived,audit_workspace/source/legacy/relayout.py; audit_workspace/source/legacy/frame_ref.py,ZIP/site/index.html:499; relayout.json; frame_ref3.json,video,,,,,,,CONTRADICTED,"104 B is a coding lower bound, not the implemented index storage; 144 int64 indices require 1152 B."
PAGE-068,ArmError / baselineReading,exploratory,layout,,DAVIS,see exact claim/protocol,see source; not inferred,historical source; exact run identity not fully archived,audit_workspace/source/legacy/relayout.py; audit_workspace/source/legacy/frame_ref.py,ZIP/site/index.html:508; relayout.json; frame_ref3.json,video,,,,,,,PROVISIONAL,"Exact source statement retained; not independently confirmed merely by appearance in draft/page. Missing fields are unknown or inapplicable, not zero."
PAGE-069,Scene-indexed payload at 37 kilobytes0.052the reader's own coordinate system,exploratory,layout,,DAVIS,see exact claim/protocol,see source; not inferred,historical source; exact run identity not fully archived,audit_workspace/source/legacy/relayout.py; audit_workspace/source/legacy/frame_ref.py,ZIP/site/index.html:510; relayout.json; frame_ref3.json,video,,,,,,,PROVISIONAL,"Exact source statement retained; not independently confirmed merely by appearance in draft/page. Missing fields are unknown or inapplicable, not zero."
PAGE-070,"Object-indexed payload at 37 kilobytes0.729identical bytes, different index",exploratory,layout,,DAVIS,see exact claim/protocol,see source; not inferred,historical source; exact run identity not fully archived,audit_workspace/source/legacy/relayout.py; audit_workspace/source/legacy/frame_ref.py,ZIP/site/index.html:511; relayout.json; frame_ref3.json,video,,,,,,,PROVISIONAL,"Exact source statement retained; not independently confirmed merely by appearance in draft/page. Missing fields are unknown or inapplicable, not zero."
PAGE-071,Object-indexed at 64 times the capacity0.728 → 0.729more bytes do not substitute for alignment,exploratory,layout,,DAVIS,see exact claim/protocol,see source; not inferred,historical source; exact run identity not fully archived,audit_workspace/source/legacy/relayout.py; audit_workspace/source/legacy/frame_ref.py,ZIP/site/index.html:512; relayout.json; frame_ref3.json,video,,,,,,,PROVISIONAL,"Exact source statement retained; not independently confirmed merely by appearance in draft/page. Missing fields are unknown or inapplicable, not zero."
PAGE-072,"Index permuted, permutation discarded1.073worse than holding no memory",exploratory,layout,,DAVIS,see exact claim/protocol,see source; not inferred,historical source; exact run identity not fully archived,audit_workspace/source/legacy/relayout.py; audit_workspace/source/legacy/frame_ref.py,ZIP/site/index.html:513; relayout.json; frame_ref3.json,video,,,,,,,PROVISIONAL,"Exact source statement retained; not independently confirmed merely by appearance in draft/page. Missing fields are unknown or inapplicable, not zero."
PAGE-073,"Index permuted, permutation stored and undone0.052identical to the original layout",exploratory,layout,,DAVIS,see exact claim/protocol,see source; not inferred,historical source; exact run identity not fully archived,audit_workspace/source/legacy/relayout.py; audit_workspace/source/legacy/frame_ref.py,ZIP/site/index.html:514; relayout.json; frame_ref3.json,video,,,,,,,PROVISIONAL,"Exact source statement retained; not independently confirmed merely by appearance in draft/page. Missing fields are unknown or inapplicable, not zero."
PAGE-074,A rule for how fine the store must be,exploratory,layout,,DAVIS,see exact claim/protocol,see source; not inferred,historical source; exact run identity not fully archived,audit_workspace/source/legacy/relayout.py; audit_workspace/source/legacy/frame_ref.py,ZIP/site/index.html:519; relayout.json; frame_ref3.json,video,,,,,,,PROVISIONAL,"Exact source statement retained; not independently confirmed merely by appearance in draft/page. Missing fields are unknown or inapplicable, not zero."
PAGE-075,"A dense sweep of every store grid from 12 down to the reader's own settles the mechanism. The extra error tracks the ratio between store grid and read grid, with a correlation of −0.669. It does not track whether that ratio is a whole number, where the correlation is −0.191. Below a factor of 2 the extra error is +0.0109. At or above a factor of 2 it is +0.0007, which is indistinguishable from zero at a permutation test p of 0.019. Keep the store at least twice as fine as the reader and alignment stops mattering.",exploratory,layout,,DAVIS,see exact claim/protocol,see source; not inferred,historical source; exact run identity not fully archived,audit_workspace/source/legacy/relayout.py; audit_workspace/source/legacy/frame_ref.py,ZIP/site/index.html:520; relayout.json; frame_ref3.json,video,,,,,,,NOT_SUPPORTED,Overclaimed; see RESULTS_AUDIT.md for protocol and statistical corrections.
PAGE-076,05 · SYSTEM MEASUREMENTS,exploratory,system,,DAVIS; SegTrack where specified,see exact claim/protocol,see source; not inferred,historical source; exact run identity not fully archived,audit_workspace/source/legacy/core.py; audit_workspace/source/legacy/fig_e21.py,ZIP/site/index.html:533; q1q3_all90.json; e21_clip.json,video,,,,,,,PROVISIONAL,"Exact source statement retained; not independently confirmed merely by appearance in draft/page. Missing fields are unknown or inapplicable, not zero."
PAGE-077,"Capacity decides the policy, and the design costs no throughput.",exploratory,system,,synthetic serving,see exact claim/protocol,see source; not inferred,historical source; exact run identity not fully archived,audit_workspace/source/legacy/mp_store.py; audit_workspace/source/legacy/mt_store.py,ZIP/site/index.html:534; mp_store2.json; mt_store.json,run / synthetic trace,,,,,,,NOT_SUPPORTED,Overclaimed; see RESULTS_AUDIT.md for protocol and statistical corrections.
PAGE-078,"Earlier sections held every policy to the same per-record budget. A serving system has one pool of bytes and many records, so the tier also decides how many records survive.",exploratory,system,,DAVIS; SegTrack where specified,see exact claim/protocol,see source; not inferred,historical source; exact run identity not fully archived,audit_workspace/source/legacy/core.py; audit_workspace/source/legacy/fig_e21.py,ZIP/site/index.html:536; q1q3_all90.json; e21_clip.json,video,,,,,,,PROVISIONAL,"Exact source statement retained; not independently confirmed merely by appearance in draft/page. Missing fields are unknown or inapplicable, not zero."
PAGE-079,"Under a shared byte pool, does choosing the tier per reader still pay, and what does it cost to serve?",exploratory,system,,DAVIS; SegTrack where specified,see exact claim/protocol,see source; not inferred,historical source; exact run identity not fully archived,audit_workspace/source/legacy/core.py; audit_workspace/source/legacy/fig_e21.py,ZIP/site/index.html:541; q1q3_all90.json; e21_clip.json,video,,,,,,,PROVISIONAL,"Exact source statement retained; not independently confirmed merely by appearance in draft/page. Missing fields are unknown or inapplicable, not zero."
PAGE-080,"600 records across three readers on separate key ranges, Zipf 1.1 request popularity, 24000 operations per point, capacity swept from 2 to 100 percent of the working set. Throughput measured across processes with the payload in shared memory, reporting the best of five repetitions.",exploratory,system,,synthetic serving,see exact claim/protocol,see source; not inferred,historical source; exact run identity not fully archived,audit_workspace/source/legacy/mp_store.py; audit_workspace/source/legacy/mt_store.py,ZIP/site/index.html:543; mp_store2.json; mt_store.json,run / synthetic trace,,,,,,,PROVISIONAL,Historical best-of-five statistic. Median available in processed/throughput.csv; frozen slab is not full serving.
PAGE-081,"Readers hold separate key ranges, so an unbalanced request mix actually displaces another reader's records. An earlier version drew all readers from one key range, where no displacement can occur and every policy reports the same hit rate.",exploratory,system,,synthetic serving,see exact claim/protocol,see source; not inferred,historical source; exact run identity not fully archived,audit_workspace/source/legacy/mp_store.py; audit_workspace/source/legacy/mt_store.py,ZIP/site/index.html:547; mp_store2.json; mt_store.json,run / synthetic trace,,,,,,,PROVISIONAL,"Exact source statement retained; not independently confirmed merely by appearance in draft/page. Missing fields are unknown or inapplicable, not zero."
PAGE-082,Per-record accuracy and record count move in opposite directions. Only measuring both together shows which policy is correct at a given capacity.,exploratory,system,,synthetic serving,see exact claim/protocol,see source; not inferred,historical source; exact run identity not fully archived,audit_workspace/source/legacy/mp_store.py; audit_workspace/source/legacy/mt_store.py,ZIP/site/index.html:550; mp_store2.json; mt_store.json,run / synthetic trace,,,,,,,PROVISIONAL,"Exact source statement retained; not independently confirmed merely by appearance in draft/page. Missing fields are unknown or inapplicable, not zero."
PAGE-083,"Figure 5. Shared capacity and an unbalanced request mix. Panel A shows that capacity decides which policy is correct. Compacting every record is right under severe pressure. Full fidelity is right when capacity is ample. Choosing per reader is right in between, which is where a deployed store sits. Panel B raises one reader's share of requests from 10 to 90 percent. The latent reader loses 0.30 of its hit rate under a reader-blind store and 0.02 under FRAME. Panel C shows the design costs no throughput, because reading on the grid the record was stored on needs no resampling.",exploratory,system,Figure 5,DAVIS,see exact claim/protocol,see source; not inferred,historical source; exact run identity not fully archived,audit_workspace/source/legacy/relayout.py; audit_workspace/source/legacy/frame_ref.py,ZIP/site/index.html:563; relayout.json; frame_ref3.json,video,,,,,,,NOT_SUPPORTED,Overclaimed; see RESULTS_AUDIT.md for protocol and statistical corrections.
PAGE-084,"Figure 6. Throughput and the margin rule. Panel A holds the payload in shared memory and scales across processes. FRAME leads at every process count, reaching 1.44 million reads per second at 32 processes. Panel B states a caution rather than hiding it. FRAME shows the lowest speedup ratio because its single-process baseline is already 1.47 times faster, so absolute throughput is the correct axis. Panel C reports a hypothesis of ours that our own sweep refuted. The extra cost of a store grid that does not divide the read grid evenly is set by the ratio between them, and is unrelated to whether that ratio is a whole number.",exploratory,system,Figure 6,DAVIS,see exact claim/protocol,see source; not inferred,historical source; exact run identity not fully archived,audit_workspace/source/legacy/relayout.py; audit_workspace/source/legacy/frame_ref.py,ZIP/site/index.html:574; relayout.json; frame_ref3.json,video,,,,,,,RETRACTED,Historical negative/retracted statement preserved; no promotion to confirmed.
PAGE-085,Measurementkeep every bytecompact every recordFRAMEoracle,exploratory,system,,DAVIS; SegTrack where specified,see exact claim/protocol,see source; not inferred,historical source; exact run identity not fully archived,audit_workspace/source/legacy/core.py; audit_workspace/source/legacy/fig_e21.py,ZIP/site/index.html:586; q1q3_all90.json; e21_clip.json,video,,,,,,,PROVISIONAL,"Exact source statement retained; not independently confirmed merely by appearance in draft/page. Missing fields are unknown or inapplicable, not zero."
PAGE-086,Effective error at 10 percent capacity0.20490.06480.04710.0425,exploratory,system,,synthetic serving,see exact claim/protocol,see source; not inferred,historical source; exact run identity not fully archived,audit_workspace/source/legacy/mp_store.py; audit_workspace/source/legacy/mt_store.py,ZIP/site/index.html:588; mp_store2.json; mt_store.json,run / synthetic trace,,,,,,,PROVISIONAL,"Exact source statement retained; not independently confirmed merely by appearance in draft/page. Missing fields are unknown or inapplicable, not zero."
PAGE-087,Ratio to oracle across five budgetsn/an/a1.00–1.28×1.00×,exploratory,system,,DAVIS; SegTrack where specified,see exact claim/protocol,see source; not inferred,historical source; exact run identity not fully archived,audit_workspace/source/legacy/core.py; audit_workspace/source/legacy/fig_e21.py,ZIP/site/index.html:589; q1q3_all90.json; e21_clip.json,video,,,,,,,PROVISIONAL,"Exact source statement retained; not independently confirmed merely by appearance in draft/page. Missing fields are unknown or inapplicable, not zero."
PAGE-088,"Latent reader hit-rate loss, unbalanced mix−0.300.00−0.02n/a",exploratory,system,,DAVIS; SegTrack where specified,see exact claim/protocol,see source; not inferred,historical source; exact run identity not fully archived,audit_workspace/source/legacy/core.py; audit_workspace/source/legacy/fig_e21.py,ZIP/site/index.html:590; q1q3_all90.json; e21_clip.json,video,,,,,,,PROVISIONAL,"Exact source statement retained; not independently confirmed merely by appearance in draft/page. Missing fields are unknown or inapplicable, not zero."
PAGE-089,"Throughput at 32 processes, reads per second1,232,4491,129,8661,436,148n/a",exploratory,system,,synthetic serving,see exact claim/protocol,see source; not inferred,historical source; exact run identity not fully archived,audit_workspace/source/legacy/mp_store.py; audit_workspace/source/legacy/mt_store.py,ZIP/site/index.html:591; mp_store2.json; mt_store.json,run / synthetic trace,,,,,,,PROVISIONAL,Historical best-of-five statistic. Median available in processed/throughput.csv; frozen slab is not full serving.
PAGE-090,Median read latency at 32 processes18.4 µs16.1 µs9.9 µsn/a,exploratory,system,,synthetic serving,see exact claim/protocol,see source; not inferred,historical source; exact run identity not fully archived,audit_workspace/source/legacy/mp_store.py; audit_workspace/source/legacy/mt_store.py,ZIP/site/index.html:592; mp_store2.json; mt_store.json,run / synthetic trace,,,,,,,PROVISIONAL,"Exact source statement retained; not independently confirmed merely by appearance in draft/page. Missing fields are unknown or inapplicable, not zero."
PAGE-091,"The comparison set is internal. No published store chooses its tier per reader, so there is no external system that accepts the same input and can be run against this one. We state this rather than leaving it for a reader to discover. Section 8 gives the measurement that would close it.",exploratory,system,,synthetic serving,see exact claim/protocol,see source; not inferred,historical source; exact run identity not fully archived,audit_workspace/source/legacy/mp_store.py; audit_workspace/source/legacy/mt_store.py,ZIP/site/index.html:595; mp_store2.json; mt_store.json,run / synthetic trace,,,,,,,NOT_SUPPORTED,Overclaimed; see RESULTS_AUDIT.md for protocol and statistical corrections.
PAGE-092,06 · ROBOT TASK MEASUREMENTS,exploratory,tasks,,LIBERO replay; custom SAPIEN,see exact claim/protocol,see source; not inferred,historical source; exact run identity not fully archived,audit_workspace/source/legacy/libero_multi.py; audit_workspace/source/legacy/fig_frontier.py,ZIP/site/index.html:607; libero_10tasks.json; e11_frontier.json,task / demonstration (pairing unavailable),,,,,,,PROVISIONAL,"Exact source statement retained; not independently confirmed merely by appearance in draft/page. Missing fields are unknown or inapplicable, not zero."
PAGE-093,Predicting forward beats returning the record on every task tried.,exploratory,tasks,,LIBERO replay; custom SAPIEN,see exact claim/protocol,see source; not inferred,historical source; exact run identity not fully archived,audit_workspace/source/legacy/libero_multi.py; audit_workspace/source/legacy/fig_frontier.py,ZIP/site/index.html:608; libero_10tasks.json; e11_frontier.json,task / demonstration (pairing unavailable),,,,,,,PROVISIONAL,"Exact source statement retained; not independently confirmed merely by appearance in draft/page. Missing fields are unknown or inapplicable, not zero."
PAGE-094,Read-out error is an intermediate quantity. These measurements settle the claims on robot task success in two physics engines.,exploratory,tasks,,LIBERO replay; custom SAPIEN,see exact claim/protocol,see source; not inferred,historical source; exact run identity not fully archived,audit_workspace/source/legacy/libero_multi.py; audit_workspace/source/legacy/fig_frontier.py,ZIP/site/index.html:610; libero_10tasks.json; e11_frontier.json,task / demonstration (pairing unavailable),,,,,,,PROVISIONAL,"Exact source statement retained; not independently confirmed merely by appearance in draft/page. Missing fields are unknown or inapplicable, not zero."
PAGE-095,Does the choice among the three ways to answer a read change whether a robot completes its task?,exploratory,tasks,,DAVIS; SegTrack where specified,see exact claim/protocol,see source; not inferred,historical source; exact run identity not fully archived,audit_workspace/source/legacy/core.py; audit_workspace/source/legacy/fig_e21.py,ZIP/site/index.html:615; q1q3_all90.json; e21_clip.json,video,,,,,,,PROVISIONAL,"Exact source statement retained; not independently confirmed merely by appearance in draft/page. Missing fields are unknown or inapplicable, not zero."
PAGE-096,"Ten LIBERO spatial tasks with 20 human demonstrations each, replayed on the physics-only environment, plus one SAPIEN push task with 30 trials as a second engine.",exploratory,tasks,,LIBERO replay; custom SAPIEN,see exact claim/protocol,see source; not inferred,historical source; exact run identity not fully archived,audit_workspace/source/legacy/libero_multi.py; audit_workspace/source/legacy/fig_frontier.py,ZIP/site/index.html:617; libero_10tasks.json; e11_frontier.json,task / demonstration (pairing unavailable),,,,,,,PROVISIONAL,"Exact source statement retained; not independently confirmed merely by appearance in draft/page. Missing fields are unknown or inapplicable, not zero."
PAGE-097,"Only the policy's belief about the object is perturbed. The controller, the trajectory and the dynamics are unchanged, so any difference in success comes from the memory and nothing else.",exploratory,tasks,,DAVIS; SegTrack where specified,see exact claim/protocol,see source; not inferred,historical source; exact run identity not fully archived,audit_workspace/source/legacy/core.py; audit_workspace/source/legacy/fig_e21.py,ZIP/site/index.html:620; q1q3_all90.json; e21_clip.json,video,,,,,,,PROVISIONAL,"Exact source statement retained; not independently confirmed merely by appearance in draft/page. Missing fields are unknown or inapplicable, not zero."
PAGE-098,A memory result stated only in read-out error can always be answered with the question of whether it matters. This removes that question.,exploratory,tasks,,DAVIS; SegTrack where specified,see exact claim/protocol,see source; not inferred,historical source; exact run identity not fully archived,audit_workspace/source/legacy/core.py; audit_workspace/source/legacy/fig_e21.py,ZIP/site/index.html:623; q1q3_all90.json; e21_clip.json,video,,,,,,,PROVISIONAL,"Exact source statement retained; not independently confirmed merely by appearance in draft/page. Missing fields are unknown or inapplicable, not zero."
PAGE-099,"Figure 7. All ten LIBERO spatial tasks. Panel B reports a negative methodological result in full. The per-task crossing point cannot be identified at this trial count. A model in which every task shares one curve reproduces the observed spread, giving 3.97 against 4 distinct values at p of 0.83, and the shaded band covers every observed point.",exploratory,tasks,Figure 7,LIBERO replay; custom SAPIEN,see exact claim/protocol,see source; not inferred,historical source; exact run identity not fully archived,audit_workspace/source/legacy/libero_multi.py; audit_workspace/source/legacy/fig_frontier.py,ZIP/site/index.html:635; libero_10tasks.json; e11_frontier.json,task / demonstration (pairing unavailable),,,,,,,PROVISIONAL,"Exact source statement retained; not independently confirmed merely by appearance in draft/page. Missing fields are unknown or inapplicable, not zero."
PAGE-100,"Figure 8. Task success against energy. Sensing again costs 596 times the energy and 60 times the latency of predicting forward, while reaching equal or lower task success.",exploratory,tasks,Figure 8,LIBERO replay; custom SAPIEN,see exact claim/protocol,see source; not inferred,historical source; exact run identity not fully archived,audit_workspace/source/legacy/libero_multi.py; audit_workspace/source/legacy/fig_frontier.py,ZIP/site/index.html:643; libero_10tasks.json; e11_frontier.json,task / demonstration (pairing unavailable),,,,,,,NOT_SUPPORTED,Overclaimed; see RESULTS_AUDIT.md for protocol and statistical corrections.
PAGE-101,ResultValueScope,exploratory,tasks,,DAVIS; SegTrack where specified,see exact claim/protocol,see source; not inferred,historical source; exact run identity not fully archived,audit_workspace/source/legacy/core.py; audit_workspace/source/legacy/fig_e21.py,ZIP/site/index.html:650; q1q3_all90.json; e21_clip.json,video,,,,,,,PROVISIONAL,"Exact source statement retained; not independently confirmed merely by appearance in draft/page. Missing fields are unknown or inapplicable, not zero."
PAGE-102,Predicting forward beats returning the record11 / 11ten LIBERO tasks and one SAPIEN push task,exploratory,tasks,,LIBERO replay; custom SAPIEN,see exact claim/protocol,see source; not inferred,historical source; exact run identity not fully archived,audit_workspace/source/legacy/libero_multi.py; audit_workspace/source/legacy/fig_frontier.py,ZIP/site/index.html:652; libero_10tasks.json; e11_frontier.json,task / demonstration (pairing unavailable),,,,,,,PROVISIONAL,"Exact source statement retained; not independently confirmed merely by appearance in draft/page. Missing fields are unknown or inapplicable, not zero."
PAGE-103,"Predicting forward beats sensing again9 / 10 strictlythe tenth is equal at 0.90, and it never loses",exploratory,tasks,,LIBERO replay; custom SAPIEN,see exact claim/protocol,see source; not inferred,historical source; exact run identity not fully archived,audit_workspace/source/legacy/libero_multi.py; audit_workspace/source/legacy/fig_frontier.py,ZIP/site/index.html:653; libero_10tasks.json; e11_frontier.json,task / demonstration (pairing unavailable),,,,,,,PROVISIONAL,"Exact source statement retained; not independently confirmed merely by appearance in draft/page. Missing fields are unknown or inapplicable, not zero."
PAGE-104,"Energy, sensing again against predicting forward596×at equal or higher success, 0.90 against 0.80",exploratory,tasks,,LIBERO replay; custom SAPIEN,see exact claim/protocol,see source; not inferred,historical source; exact run identity not fully archived,audit_workspace/source/legacy/libero_multi.py; audit_workspace/source/legacy/fig_frontier.py,ZIP/site/index.html:654; libero_10tasks.json; e11_frontier.json,task / demonstration (pairing unavailable),,,,,,,NOT_SUPPORTED,Overclaimed; see RESULTS_AUDIT.md for protocol and statistical corrections.
PAGE-105,"Latency, sensing again against predicting forward60×39.76 ms against 0.668 ms",exploratory,tasks,,LIBERO replay; custom SAPIEN,see exact claim/protocol,see source; not inferred,historical source; exact run identity not fully archived,audit_workspace/source/legacy/libero_multi.py; audit_workspace/source/legacy/fig_frontier.py,ZIP/site/index.html:655; libero_10tasks.json; e11_frontier.json,task / demonstration (pairing unavailable),,,,,,,PROVISIONAL,"Exact source statement retained; not independently confirmed merely by appearance in draft/page. Missing fields are unknown or inapplicable, not zero."
PAGE-106,07 · ABLATIONS,exploratory,ablation,,DAVIS; SegTrack where specified,see exact claim/protocol,see source; not inferred,historical source; exact run identity not fully archived,audit_workspace/source/legacy/core.py; audit_workspace/source/legacy/fig_e21.py,ZIP/site/index.html:666; q1q3_all90.json; e21_clip.json,video,,,,,,,PROVISIONAL,"Exact source statement retained; not independently confirmed merely by appearance in draft/page. Missing fields are unknown or inapplicable, not zero."
PAGE-107,Each design choice removed on its own.,exploratory,ablation,,DAVIS; SegTrack where specified,see exact claim/protocol,see source; not inferred,historical source; exact run identity not fully archived,audit_workspace/source/legacy/core.py; audit_workspace/source/legacy/fig_e21.py,ZIP/site/index.html:667; q1q3_all90.json; e21_clip.json,video,,,,,,,PROVISIONAL,"Exact source statement retained; not independently confirmed merely by appearance in draft/page. Missing fields are unknown or inapplicable, not zero."
PAGE-108,"Every row changes exactly one factor and holds the rest fixed, so the effect can be attributed to that factor.",exploratory,ablation,,DAVIS; SegTrack where specified,see exact claim/protocol,see source; not inferred,historical source; exact run identity not fully archived,audit_workspace/source/legacy/core.py; audit_workspace/source/legacy/fig_e21.py,ZIP/site/index.html:669; q1q3_all90.json; e21_clip.json,video,,,,,,,PROVISIONAL,"Exact source statement retained; not independently confirmed merely by appearance in draft/page. Missing fields are unknown or inapplicable, not zero."
PAGE-109,Factor removedInterventionEffect,exploratory,ablation,,DAVIS; SegTrack where specified,see exact claim/protocol,see source; not inferred,historical source; exact run identity not fully archived,audit_workspace/source/legacy/core.py; audit_workspace/source/legacy/fig_e21.py,ZIP/site/index.html:675; q1q3_all90.json; e21_clip.json,video,,,,,,,PROVISIONAL,"Exact source statement retained; not independently confirmed merely by appearance in draft/page. Missing fields are unknown or inapplicable, not zero."
PAGE-110,"Reference gridpermute the index, hold bits and capacity fixed0.052 → 1.073, past the baseline",exploratory,ablation,,DAVIS,see exact claim/protocol,see source; not inferred,historical source; exact run identity not fully archived,audit_workspace/source/legacy/relayout.py; audit_workspace/source/legacy/frame_ref.py,ZIP/site/index.html:677; relayout.json; frame_ref3.json,video,,,,,,,PROVISIONAL,"Exact source statement retained; not independently confirmed merely by appearance in draft/page. Missing fields are unknown or inapplicable, not zero."
PAGE-111,"Whether bytes can substitutegive the misaligned encoding 64 times the capacity0.728 → 0.729, they cannot",exploratory,ablation,,synthetic serving,see exact claim/protocol,see source; not inferred,historical source; exact run identity not fully archived,audit_workspace/source/legacy/mp_store.py; audit_workspace/source/legacy/mt_store.py,ZIP/site/index.html:678; mp_store2.json; mt_store.json,run / synthetic trace,,,,,,,PROVISIONAL,"Exact source statement retained; not independently confirmed merely by appearance in draft/page. Missing fields are unknown or inapplicable, not zero."
PAGE-112,"Whether order is the binding partstore the permutation and undo it at read timefully restored, about 10 µs",exploratory,ablation,,DAVIS,see exact claim/protocol,see source; not inferred,historical source; exact run identity not fully archived,audit_workspace/source/legacy/relayout.py; audit_workspace/source/legacy/frame_ref.py,ZIP/site/index.html:679; relayout.json; frame_ref3.json,video,,,,,,,PROVISIONAL,"Exact source statement retained; not independently confirmed merely by appearance in draft/page. Missing fields are unknown or inapplicable, not zero."
PAGE-113,"Granularity rulere-tile below the reader's grid2.7 to 4.4 times worse, knee tracks 3 / 3",exploratory,ablation,,DAVIS,see exact claim/protocol,see source; not inferred,historical source; exact run identity not fully archived,audit_workspace/source/legacy/relayout.py; audit_workspace/source/legacy/frame_ref.py,ZIP/site/index.html:680; relayout.json; frame_ref3.json,video,,,,,,,PROVISIONAL,"Exact source statement retained; not independently confirmed merely by appearance in draft/page. Missing fields are unknown or inapplicable, not zero."
PAGE-114,Granularity marginsweep every store grid from 12 downwardbelow 2×: +0.0109; at or above: +0.0007,exploratory,ablation,,DAVIS,see exact claim/protocol,see source; not inferred,historical source; exact run identity not fully archived,audit_workspace/source/legacy/relayout.py; audit_workspace/source/legacy/frame_ref.py,ZIP/site/index.html:681; relayout.json; frame_ref3.json,video,,,,,,,PROVISIONAL,"Exact source statement retained; not independently confirmed merely by appearance in draft/page. Missing fields are unknown or inapplicable, not zero."
PAGE-115,Reader adaptationlet the read-out refit per sequence2.75× → 1.09×,exploratory,ablation,,DAVIS; SegTrack where specified,see exact claim/protocol,see source; not inferred,historical source; exact run identity not fully archived,audit_workspace/source/legacy/core.py; audit_workspace/source/legacy/fig_e21.py,ZIP/site/index.html:682; q1q3_all90.json; e21_clip.json,video,,,,,,,PROVISIONAL,"Exact source statement retained; not independently confirmed merely by appearance in draft/page. Missing fields are unknown or inapplicable, not zero."
PAGE-116,Capacity settingsweep capacity from 2 to 100 percent of the working setpolicy changes at 7 to 10 percent,exploratory,ablation,,synthetic serving,see exact claim/protocol,see source; not inferred,historical source; exact run identity not fully archived,audit_workspace/source/legacy/mp_store.py; audit_workspace/source/legacy/mt_store.py,ZIP/site/index.html:683; mp_store2.json; mt_store.json,run / synthetic trace,,,,,,,PROVISIONAL,"Exact source statement retained; not independently confirmed merely by appearance in draft/page. Missing fields are unknown or inapplicable, not zero."
PAGE-117,"Prediction windowsweep the window W and the noise σat W = 2, value 0.110, χ² p = 0.92",exploratory,ablation,,DAVIS; SegTrack where specified,see exact claim/protocol,see source; not inferred,historical source; exact run identity not fully archived,audit_workspace/source/legacy/core.py; audit_workspace/source/legacy/fig_e21.py,ZIP/site/index.html:684; q1q3_all90.json; e21_clip.json,video,,,,,,,PROVISIONAL,"Exact source statement retained; not independently confirmed merely by appearance in draft/page. Missing fields are unknown or inapplicable, not zero."
PAGE-118,"Physics enginerepeat the same sweep in SAPIEN 20.167, z = +0.99",exploratory,ablation,,DAVIS; SegTrack where specified,see exact claim/protocol,see source; not inferred,historical source; exact run identity not fully archived,audit_workspace/source/legacy/core.py; audit_workspace/source/legacy/fig_e21.py,ZIP/site/index.html:685; q1q3_all90.json; e21_clip.json,video,,,,,,,PROVISIONAL,"Exact source statement retained; not independently confirmed merely by appearance in draft/page. Missing fields are unknown or inapplicable, not zero."
PAGE-119,"Encoderrebuild the whole pipeline with CLIPstructure reproduces, boundary moves",exploratory,ablation,,DAVIS; SegTrack where specified,see exact claim/protocol,see source; not inferred,historical source; exact run identity not fully archived,audit_workspace/source/legacy/core.py; audit_workspace/source/legacy/fig_e21.py,ZIP/site/index.html:686; q1q3_all90.json; e21_clip.json,video,,,,,,,PROVISIONAL,"Exact source statement retained; not independently confirmed merely by appearance in draft/page. Missing fields are unknown or inapplicable, not zero."
PAGE-120,"The limit of the third option, stated rather than hidden",exploratory,ablation,,DAVIS; SegTrack where specified,see exact claim/protocol,see source; not inferred,historical source; exact run identity not fully archived,audit_workspace/source/legacy/core.py; audit_workspace/source/legacy/fig_e21.py,ZIP/site/index.html:691; q1q3_all90.json; e21_clip.json,video,,,,,,,PROVISIONAL,"Exact source statement retained; not independently confirmed merely by appearance in draft/page. Missing fields are unknown or inapplicable, not zero."
PAGE-121,"Estimating a velocity over two frames carries no task-specific term, so it should return the same success rate whatever the task. It does. At a window of two the ten LIBERO tasks cannot be told apart, with a χ² p of 0.92 on 9 degrees of freedom, and they separate only from a window of 32. Predicting forward is useful over a bounded range of windows, and we give the bound.",exploratory,ablation,,LIBERO replay; custom SAPIEN,see exact claim/protocol,see source; not inferred,historical source; exact run identity not fully archived,audit_workspace/source/legacy/libero_multi.py; audit_workspace/source/legacy/fig_frontier.py,ZIP/site/index.html:692; libero_10tasks.json; e11_frontier.json,task / demonstration (pairing unavailable),,,,,,,NOT_SUPPORTED,Overclaimed; see RESULTS_AUDIT.md for protocol and statistical corrections.
PAGE-122,08 · LIMITS AND OPEN ITEMS,exploratory,limits,,DAVIS; SegTrack where specified,see exact claim/protocol,see source; not inferred,historical source; exact run identity not fully archived,audit_workspace/source/legacy/core.py; audit_workspace/source/legacy/fig_e21.py,ZIP/site/index.html:704; q1q3_all90.json; e21_clip.json,video,,,,,,,PROVISIONAL,"Exact source statement retained; not independently confirmed merely by appearance in draft/page. Missing fields are unknown or inapplicable, not zero."
PAGE-123,"What did not survive checking, and what closes each one.",exploratory,limits,,DAVIS; SegTrack where specified,see exact claim/protocol,see source; not inferred,historical source; exact run identity not fully archived,audit_workspace/source/legacy/core.py; audit_workspace/source/legacy/fig_e21.py,ZIP/site/index.html:705; q1q3_all90.json; e21_clip.json,video,,,,,,,PROVISIONAL,"Exact source statement retained; not independently confirmed merely by appearance in draft/page. Missing fields are unknown or inapplicable, not zero."
PAGE-124,Six results cost us claims we had previously made. Each is paired with the specific measurement that resolves it.,exploratory,limits,,DAVIS; SegTrack where specified,see exact claim/protocol,see source; not inferred,historical source; exact run identity not fully archived,audit_workspace/source/legacy/core.py; audit_workspace/source/legacy/fig_e21.py,ZIP/site/index.html:707; q1q3_all90.json; e21_clip.json,video,,,,,,,PROVISIONAL,"Exact source statement retained; not independently confirmed merely by appearance in draft/page. Missing fields are unknown or inapplicable, not zero."
PAGE-125,ItemWhy it is openResolutionState,exploratory,limits,,DAVIS; SegTrack where specified,see exact claim/protocol,see source; not inferred,historical source; exact run identity not fully archived,audit_workspace/source/legacy/core.py; audit_workspace/source/legacy/fig_e21.py,ZIP/site/index.html:713; q1q3_all90.json; e21_clip.json,video,,,,,,,PROVISIONAL,"Exact source statement retained; not independently confirmed merely by appearance in draft/page. Missing fields are unknown or inapplicable, not zero."
PAGE-126,"DINOv2 metric-reader count is pending Its main run came from a version that computed reference features one image at a time and stored features in batches of eight. The metric reader is the only one sensitive to this, at z = +4.7 against 10 and 4 of 520 cells for the other two. Re-run the full DINOv2 main arm with the corrected code so the main run and the baseline share one code path. Nothing else changes. The symbolic against latent chart, which is the claim Section 3 makes, is unaffected either way. running",exploratory,limits,,synthetic serving,see exact claim/protocol,see source; not inferred,historical source; exact run identity not fully archived,audit_workspace/source/legacy/mp_store.py; audit_workspace/source/legacy/mt_store.py,ZIP/site/index.html:715; mp_store2.json; mt_store.json,run / synthetic trace,,,,,,,PROVISIONAL,"Exact source statement retained; not independently confirmed merely by appearance in draft/page. Missing fields are unknown or inapplicable, not zero."
PAGE-127,"Per-task crossing points cannot be identified A crossing is read as the first grid point where one curve passes another. On a geometric grid at 20 trials the estimate has no resolution, and more trials alone do not help because the answer can only land on a grid point. Replace the threshold with a fitted smooth curve of success against window on a dense grid, then solve for the crossing analytically with an interval from the fit. designed",exploratory,limits,,DAVIS,see exact claim/protocol,see source; not inferred,historical source; exact run identity not fully archived,audit_workspace/source/legacy/relayout.py; audit_workspace/source/legacy/frame_ref.py,ZIP/site/index.html:723; relayout.json; frame_ref3.json,video,,,,,,,PROVISIONAL,"Exact source statement retained; not independently confirmed merely by appearance in draft/page. Missing fields are unknown or inapplicable, not zero."
PAGE-128,"The parameter-free ratio cannot be tested on success The statement is exact on error by algebra. Success is a saturating, noisy transform of error, so the ratio does not survive the transform. All 21 measured ratios fall inside the estimator's own interval. Test it on error, where the simulator provides ground-truth object state exactly. Success stays the headline measurement and error becomes where the statement is falsifiable. designed",exploratory,limits,,DAVIS; SegTrack where specified,see exact claim/protocol,see source; not inferred,historical source; exact run identity not fully archived,audit_workspace/source/legacy/core.py; audit_workspace/source/legacy/fig_e21.py,ZIP/site/index.html:730; q1q3_all90.json; e21_clip.json,video,,,,,,,PROVISIONAL,"Exact source statement retained; not independently confirmed merely by appearance in draft/page. Missing fields are unknown or inapplicable, not zero."
PAGE-129,"No external baseline system No published store chooses its tier per reader, so nothing accepts the same input and can be run against this one. Port the eviction rules that do exist into our store and hold everything else fixed. Recency, frequency and a two-queue rule all decide which record survives while leaving the tier reader-blind. Running them inside FRAME separates the contribution of the value function from the contribution of the eviction rule. designed",exploratory,limits,,synthetic serving,see exact claim/protocol,see source; not inferred,historical source; exact run identity not fully archived,audit_workspace/source/legacy/mp_store.py; audit_workspace/source/legacy/mt_store.py,ZIP/site/index.html:737; mp_store2.json; mt_store.json,run / synthetic trace,,,,,,,NOT_SUPPORTED,Overclaimed; see RESULTS_AUDIT.md for protocol and statistical corrections.
PAGE-130,"Values do not transfer across encoders Orderings reproduce across encoders and datasets. Boundary positions and time constants do not. Treat the boundary as a runtime quantity. A deployment measures its own no-memory baseline once at start-up, then locates its own boundary from its own traffic. designed",exploratory,limits,,DAVIS; SegTrack where specified,see exact claim/protocol,see source; not inferred,historical source; exact run identity not fully archived,audit_workspace/source/legacy/core.py; audit_workspace/source/legacy/fig_e21.py,ZIP/site/index.html:745; q1q3_all90.json; e21_clip.json,video,,,,,,,PROVISIONAL,"Exact source statement retained; not independently confirmed merely by appearance in draft/page. Missing fields are unknown or inapplicable, not zero."
PAGE-131,"Parallel efficiency falls to about 0.4 Measured on a shared host carrying other users, so the curve reflects the machine as much as the store. Repeat the sweep on an idle machine with cores pinned. The ordering between policies is already stable across five repetitions, so this affects precision only. designed",exploratory,limits,,synthetic serving,see exact claim/protocol,see source; not inferred,historical source; exact run identity not fully archived,audit_workspace/source/legacy/mp_store.py; audit_workspace/source/legacy/mt_store.py,ZIP/site/index.html:751; mp_store2.json; mt_store.json,run / synthetic trace,,,,,,,PROVISIONAL,"Exact source statement retained; not independently confirmed merely by appearance in draft/page. Missing fields are unknown or inapplicable, not zero."
PAGE-132,"Threads are bounded by the interpreter Sharding 64 ways moved 8-thread throughput by under 5 percent, so the interpreter lock rather than the store sets the ceiling. Resolved by moving every throughput claim across processes with the payload in shared memory. resolved",exploratory,limits,,synthetic serving,see exact claim/protocol,see source; not inferred,historical source; exact run identity not fully archived,audit_workspace/source/legacy/mp_store.py; audit_workspace/source/legacy/mt_store.py,ZIP/site/index.html:757; mp_store2.json; mt_store.json,run / synthetic trace,,,,,,,PROVISIONAL,"Exact source statement retained; not independently confirmed merely by appearance in draft/page. Missing fields are unknown or inapplicable, not zero."
PAGE-133,Our whole-number ratio hypothesis We proposed that a store grid failing to divide the read grid evenly pays a resampling penalty for that reason. Refuted by our own dense sweep and replaced with the margin rule now stated in Section 4. resolved,exploratory,limits,,DAVIS,see exact claim/protocol,see source; not inferred,historical source; exact run identity not fully archived,audit_workspace/source/legacy/relayout.py; audit_workspace/source/legacy/frame_ref.py,ZIP/site/index.html:763; relayout.json; frame_ref3.json,video,,,,,,,RETRACTED,Historical negative/retracted statement preserved; no promotion to confirmed.
PAGE-134,What would change the work most,exploratory,limits,,DAVIS; SegTrack where specified,see exact claim/protocol,see source; not inferred,historical source; exact run identity not fully archived,audit_workspace/source/legacy/core.py; audit_workspace/source/legacy/fig_e21.py,ZIP/site/index.html:772; q1q3_all90.json; e21_clip.json,video,,,,,,,PROVISIONAL,"Exact source statement retained; not independently confirmed merely by appearance in draft/page. Missing fields are unknown or inapplicable, not zero."
PAGE-135,"Of the items above, porting external eviction rules carries the most weight. It turns the strongest objection a systems reviewer can raise into a measurement, and it is inexpensive because the eviction rules are small and the store already exists. The fitted crossing estimate carries the second most weight, because it recovers a family of per-task statements that the current threshold estimate forced us to withdraw.",exploratory,limits,,synthetic serving,see exact claim/protocol,see source; not inferred,historical source; exact run identity not fully archived,audit_workspace/source/legacy/mp_store.py; audit_workspace/source/legacy/mt_store.py,ZIP/site/index.html:773; mp_store2.json; mt_store.json,run / synthetic trace,,,,,,,PROVISIONAL,"Exact source statement retained; not independently confirmed merely by appearance in draft/page. Missing fields are unknown or inapplicable, not zero."
PAGE-136,"On assets. This work is a memory system rather than a generative model, so its outputs are measured charts and tables rather than predicted video. All 22 measured figures and the underlying data files are listed with the code release. No rendered video accompanies this page, because none is produced by the method.",exploratory,limits,,DAVIS; SegTrack where specified,see exact claim/protocol,see source; not inferred,historical source; exact run identity not fully archived,audit_workspace/source/legacy/core.py; audit_workspace/source/legacy/fig_e21.py,ZIP/site/index.html:780; q1q3_all90.json; e21_clip.json,video,,,,,,,PROVISIONAL,"Exact source statement retained; not independently confirmed merely by appearance in draft/page. Missing fields are unknown or inapplicable, not zero."
PAGE-137,09 · CITATION,exploratory,cite,,DAVIS; SegTrack where specified,see exact claim/protocol,see source; not inferred,historical source; exact run identity not fully archived,audit_workspace/source/legacy/core.py; audit_workspace/source/legacy/fig_e21.py,ZIP/site/index.html:790; q1q3_all90.json; e21_clip.json,video,,,,,,,PROVISIONAL,"Exact source statement retained; not independently confirmed merely by appearance in draft/page. Missing fields are unknown or inapplicable, not zero."
PAGE-138,BibTeX and references.,exploratory,cite,,DAVIS; SegTrack where specified,see exact claim/protocol,see source; not inferred,historical source; exact run identity not fully archived,audit_workspace/source/legacy/core.py; audit_workspace/source/legacy/fig_e21.py,ZIP/site/index.html:791; q1q3_all90.json; e21_clip.json,video,,,,,,,PROVISIONAL,"Exact source statement retained; not independently confirmed merely by appearance in draft/page. Missing fields are unknown or inapplicable, not zero."
PAGE-139,All values on this page were recomputed from source data. Nineteen verification checks pass.,exploratory,cite,,DAVIS; SegTrack where specified,see exact claim/protocol,see source; not inferred,historical source; exact run identity not fully archived,audit_workspace/source/legacy/core.py; audit_workspace/source/legacy/fig_e21.py,ZIP/site/index.html:793; q1q3_all90.json; e21_clip.json,video,,,,,,,PROVISIONAL,"Exact source statement retained; not independently confirmed merely by appearance in draft/page. Missing fields are unknown or inapplicable, not zero."
PAGE-140,References,exploratory,cite,,DAVIS; SegTrack where specified,see exact claim/protocol,see source; not inferred,historical source; exact run identity not fully archived,audit_workspace/source/legacy/core.py; audit_workspace/source/legacy/fig_e21.py,ZIP/site/index.html:806; q1q3_all90.json; e21_clip.json,video,,,,,,,PROVISIONAL,"Exact source statement retained; not independently confirmed merely by appearance in draft/page. Missing fields are unknown or inapplicable, not zero."
DRAFT-P0002,"World models, learned simulators that predict how a scene evolves under action, have become the substrate on which embodied agents plan, verify and act. An agent that operates over minutes rather than seconds cannot hold every observation in its context: it must compress some observations into memory, discard others, and re-acquire the rest by looking again. Each of those three choices is a provisioning decision, and each is made today by a heuristic. Yet all three turn on a single question that has no principled answer: what must a stored observation actually preserve, and for whom?",exploratory,draft prose,,synthetic serving,see exact claim/protocol,see source; not inferred,historical source; exact run identity not fully archived,audit_workspace/source/legacy/mp_store.py; audit_workspace/source/legacy/mt_store.py,DOCX paragraph 2; extracted/draft.txt; mp_store2.json; mt_store.json,run / synthetic trace,,,,,,,PROVISIONAL,"Exact source statement retained; not independently confirmed merely by appearance in draft/page. Missing fields are unknown or inapplicable, not zero."
DRAFT-P0003,"Existing systems answer with a proxy. Latent and token compression keeps whatever minimises pixel or feature reconstruction error under a budget; episodic memory banks and retrieval-augmented world models rank records by recency or embedding similarity; KV-cache eviction keeps whatever the attention weights say was used. These methods differ in mechanism but agree in form: they reduce the quality of a memory to a single scalar, bits, or distance to the original, and therefore provision along one axis, identically for every downstream reader. When a reader underperforms, the only available response is to give it more bits.",exploratory,draft prose,,DAVIS; SegTrack where specified,see exact claim/protocol,see source; not inferred,historical source; exact run identity not fully archived,audit_workspace/source/legacy/core.py; audit_workspace/source/legacy/fig_e21.py,DOCX paragraph 3; extracted/draft.txt; q1q3_all90.json; e21_clip.json,video,,,,,,,PROVISIONAL,"Exact source statement retained; not independently confirmed merely by appearance in draft/page. Missing fields are unknown or inapplicable, not zero."
DRAFT-P0004,"The reason that proxy fails is not that it is coarse. It is that it measures the wrong relation. A stored record is never compared against the world; it is read. A planner extracts a symbolic predicate from it, a verifier extracts calibrated geometry, another world model extracts patch-level dynamics, and reconstruction error measures agreement with pixels, which no consumer reads. Worse, a read-out does not merely consume bits: it addresses them, under an assumed convention about what a position in the record means. Two records with identical size, identical channel rank and identical information content can therefore differ without limit in what a given reader recovers, because in one of them the information is present and unreachable. A one-dimensional byte’s axis cannot express this distinction, which is why adding bits along it can, as we measure, do nothing at all.",exploratory,draft prose,,synthetic serving,see exact claim/protocol,see source; not inferred,historical source; exact run identity not fully archived,audit_workspace/source/legacy/mp_store.py; audit_workspace/source/legacy/mt_store.py,DOCX paragraph 4; extracted/draft.txt; mp_store2.json; mt_store.json,run / synthetic trace,,,,,,,PROVISIONAL,"Exact source statement retained; not independently confirmed merely by appearance in draft/page. Missing fields are unknown or inapplicable, not zero."
DRAFT-P0005,"This tells us what to change. Memory should be provisioned on two axes, both conditioned on the consumer: how much fidelity that reader needs, and under what index the fidelity must be laid out. Staleness should be treated the same way, as a property of the reader rather than of the record, so that the choice between reading memory and looking again is decided by comparing how stale the record is to that reader against how stale a fresh look would already be by the time it arrived, rather than by comparing the two channels' costs. Improving a world model's use of memory is then not a compression problem but an interface problem: match the record's index and rank to the reader that will consume it.",exploratory,draft prose,,DAVIS; SegTrack where specified,see exact claim/protocol,see source; not inferred,historical source; exact run identity not fully archived,audit_workspace/source/legacy/core.py; audit_workspace/source/legacy/fig_e21.py,DOCX paragraph 5; extracted/draft.txt; q1q3_all90.json; e21_clip.json,video,,,,,,,PROVISIONAL,"Exact source statement retained; not independently confirmed merely by appearance in draft/page. Missing fields are unknown or inapplicable, not zero."
DRAFT-P0006,"We propose FRAME (Fidelity- and Reference-Aware Memory Estimation), a memory provisioning and channel-selection framework built on exactly those two axes. A memory request carries the identity of the consumer that issued it. FRAME maps that consumer to a fidelity requirement R_c(eps), the cheapest representation tier meeting the reader's error target, and to a reference-frame requirement, the index under which that tier must be laid out. It converts the record's lossiness and age into a single equivalent age A_c via a calibrated table, estimates the observation age Delta_obs a fresh look would carry given the platform's actuation profile, and selects the channel by the rule retrieve iff A_c <= Delta_obs. The rule contains no cost term, which is a measurement rather than a simplification: retrieval and re-observation never cross on compute cost over a 473,793× span of payload size. Both rule’s arguments are already known to the runtime, which tier a record is and how old it is, so nothing is estimated online; the price is paid once, offline, in calibrating the table.",exploratory,draft prose,,DAVIS; SegTrack where specified,see exact claim/protocol,see source; not inferred,historical source; exact run identity not fully archived,audit_workspace/source/legacy/core.py; audit_workspace/source/legacy/fig_e21.py,DOCX paragraph 6; extracted/draft.txt; q1q3_all90.json; e21_clip.json,video,,,,,,,NOT_SUPPORTED,Overclaimed; see RESULTS_AUDIT.md for protocol and statistical corrections.
DRAFT-P0007,"We validate FRAME on CMR-Bench, a protocol we build for this purpose: 90 DAVIS and 13 SegTrack v2 videos, three real downstream consumers, seven representation tiers, nine staleness levels and three frozen backbones, with every error normalised by an age-matched zero-information floor so that 1.0 always means “this memory is worth nothing to this reader”. The central result is causal rather than correlational: holding a payload's bits exactly constant and permuting only its addressing convention costs the world-model read-out 20.7×, from 0.052 of its floors to 1.082, i.e. from near-perfect to worse than storing nothing, while costing a planner nothing measurable and a verifier 1.13×. Ablations remove every alternative explanation: giving the object-referenced family genuinely matched capacity across a 64× range moves it from 0.728 to 0.729; index and rank prove complementary, so neither substitutes for the other; the fidelity requirement inverts across consumers on the byte axis (1 byte beats 95 KB for a planner; a 1.4 KB thumbnail is worse than storing nothing for a verifier); and staleness-induced expiry is retired entirely for world models by two scalars per age, reproducing on 4 of 4 backbone×dataset sources while changing sign for the other two consumers. Assembled into the full pipeline and scored on 45 held-out videos, FRAME raises the world model's meet rate by +28.9 and +30.0 points. All 18 confirmatory claims survive Holm correction. We report no real-robot experiment, and we report in full one hypothesis we refuted and two claims we retracted.",exploratory,draft prose,,DAVIS,see exact claim/protocol,see source; not inferred,historical source; exact run identity not fully archived,audit_workspace/source/legacy/relayout.py; audit_workspace/source/legacy/frame_ref.py,DOCX paragraph 7; extracted/draft.txt; relayout.json; frame_ref3.json,video,,,,,,,NOT_SUPPORTED,Overclaimed; see RESULTS_AUDIT.md for protocol and statistical corrections.
DRAFT-P0009,"Figure 1 — The problem, the difference, and the effect. (a) One record is read by consumers with unrelated read-outs; memory systems provision it without asking which reader it is for. (b) Prior practice moves along the byte axis (grey arrow). At matched capacity the indexing axis is worth 13.9× to a world model, and 64× more object-referenced bits are worth nothing. (c) The causal test: identical payload, cells reordered per video. The loss is 20.7× for the world model and nil for the planner — the requirement is reader-specific, not a byte budget.",exploratory,draft prose,Figure 1,synthetic serving,see exact claim/protocol,see source; not inferred,historical source; exact run identity not fully archived,audit_workspace/source/legacy/mp_store.py; audit_workspace/source/legacy/mt_store.py,DOCX paragraph 9; extracted/draft.txt; mp_store2.json; mt_store.json,run / synthetic trace,,,,,,,PROVISIONAL,"Exact source statement retained; not independently confirmed merely by appearance in draft/page. Missing fields are unknown or inapplicable, not zero."
DRAFT-P0030,"The distinction is not that prior methods are unaware that different tasks need different things. It is that their provisioning signal is a scalar, so the reference frame is not a variable they have. Our contribution is to show that this missing variable dominates the one they do have, for one specific and important class of reader.",exploratory,draft prose,,DAVIS; SegTrack where specified,see exact claim/protocol,see source; not inferred,historical source; exact run identity not fully archived,audit_workspace/source/legacy/core.py; audit_workspace/source/legacy/fig_e21.py,DOCX paragraph 30; extracted/draft.txt; q1q3_all90.json; e21_clip.json,video,,,,,,,PROVISIONAL,"Exact source statement retained; not independently confirmed merely by appearance in draft/page. Missing fields are unknown or inapplicable, not zero."
DRAFT-P0033,The quantity to optimise is not reconstruction error but the error the reader makes when it consumes the record instead of the world.,exploratory,draft prose,,DAVIS; SegTrack where specified,see exact claim/protocol,see source; not inferred,historical source; exact run identity not fully archived,audit_workspace/source/legacy/core.py; audit_workspace/source/legacy/fig_e21.py,DOCX paragraph 33; extracted/draft.txt; q1q3_all90.json; e21_clip.json,video,,,,,,,PROVISIONAL,"Exact source statement retained; not independently confirmed merely by appearance in draft/page. Missing fields are unknown or inapplicable, not zero."
DRAFT-P0038,"R_c(eps) = argmin_e bytes(e) subject to D_c(e, 0) <= eps",exploratory,draft prose,,DAVIS; SegTrack where specified,see exact claim/protocol,see source; not inferred,historical source; exact run identity not fully archived,audit_workspace/source/legacy/core.py; audit_workspace/source/legacy/fig_e21.py,DOCX paragraph 38; extracted/draft.txt; q1q3_all90.json; e21_clip.json,video,,,,,,,PROVISIONAL,"Exact source statement retained; not independently confirmed merely by appearance in draft/page. Missing fields are unknown or inapplicable, not zero."
DRAFT-P0042,"Delta staleness, in frames L_c the consumer's own loss",exploratory,draft prose,,DAVIS; SegTrack where specified,see exact claim/protocol,see source; not inferred,historical source; exact run identity not fully archived,audit_workspace/source/legacy/core.py; audit_workspace/source/legacy/fig_e21.py,DOCX paragraph 42; extracted/draft.txt; q1q3_all90.json; e21_clip.json,video,,,,,,,PROVISIONAL,"Exact source statement retained; not independently confirmed merely by appearance in draft/page. Missing fields are unknown or inapplicable, not zero."
DRAFT-P0045,"Equivalent age converts lossiness into staleness: how old a lossless record would have to be to hurt this reader as much as this lossy one does now. Observation age is how stale a fresh look already is on arrival, given actuation time tau.",exploratory,draft prose,,DAVIS; SegTrack where specified,see exact claim/protocol,see source; not inferred,historical source; exact run identity not fully archived,audit_workspace/source/legacy/core.py; audit_workspace/source/legacy/fig_e21.py,DOCX paragraph 45; extracted/draft.txt; q1q3_all90.json; e21_clip.json,video,,,,,,,PROVISIONAL,"Exact source statement retained; not independently confirmed merely by appearance in draft/page. Missing fields are unknown or inapplicable, not zero."
DRAFT-P0055,"Both quantities are in frames, which is what makes the comparison meaningful without a cost model. The rule carries no cost term — a measurement, not a simplification (§6.3).",exploratory,draft prose,,DAVIS; SegTrack where specified,see exact claim/protocol,see source; not inferred,historical source; exact run identity not fully archived,audit_workspace/source/legacy/core.py; audit_workspace/source/legacy/fig_e21.py,DOCX paragraph 55; extracted/draft.txt; q1q3_all90.json; e21_clip.json,video,,,,,,,NOT_SUPPORTED,Overclaimed; see RESULTS_AUDIT.md for protocol and statistical corrections.
DRAFT-P0056,"Equivalent age is not separable. Fitting A_c(e, Delta) = Delta + b_c(e) puts the slope within ±25% of 1 in only 11 of 20 cells (range 0.005–1.291, median R² = 0.993 — structure, not noise). A runtime must carry the table, not an offset.",exploratory,draft prose,,DAVIS; SegTrack where specified,see exact claim/protocol,see source; not inferred,historical source; exact run identity not fully archived,audit_workspace/source/legacy/core.py; audit_workspace/source/legacy/fig_e21.py,DOCX paragraph 56; extracted/draft.txt; q1q3_all90.json; e21_clip.json,video,,,,,,,PROVISIONAL,"Exact source statement retained; not independently confirmed merely by appearance in draft/page. Missing fields are unknown or inapplicable, not zero."
DRAFT-P0058,A payload is bits under an addressing convention. Scene-referenced records index features by position in the image; object-referenced records index them relative to the object's own extent.,exploratory,draft prose,,DAVIS; SegTrack where specified,see exact claim/protocol,see source; not inferred,historical source; exact run identity not fully archived,audit_workspace/source/legacy/core.py; audit_workspace/source/legacy/fig_e21.py,DOCX paragraph 58; extracted/draft.txt; q1q3_all90.json; e21_clip.json,video,,,,,,,PROVISIONAL,"Exact source statement retained; not independently confirmed merely by appearance in draft/page. Missing fields are unknown or inapplicable, not zero."
DRAFT-P0066,FRAME turns the theory into a runtime. A memory request arrives carrying the identity of the consumer that issued it; everything else is a table lookup plus one comparison.,exploratory,draft prose,,DAVIS; SegTrack where specified,see exact claim/protocol,see source; not inferred,historical source; exact run identity not fully archived,audit_workspace/source/legacy/core.py; audit_workspace/source/legacy/fig_e21.py,DOCX paragraph 66; extracted/draft.txt; q1q3_all90.json; e21_clip.json,video,,,,,,,PROVISIONAL,"Exact source statement retained; not independently confirmed merely by appearance in draft/page. Missing fields are unknown or inapplicable, not zero."
DRAFT-P0074,Delta <- age(r) // already known to the runtime,exploratory,draft prose,,DAVIS; SegTrack where specified,see exact claim/protocol,see source; not inferred,historical source; exact run identity not fully archived,audit_workspace/source/legacy/core.py; audit_workspace/source/legacy/fig_e21.py,DOCX paragraph 74; extracted/draft.txt; q1q3_all90.json; e21_clip.json,video,,,,,,,PROVISIONAL,"Exact source statement retained; not independently confirmed merely by appearance in draft/page. Missing fields are unknown or inapplicable, not zero."
DRAFT-P0075,"a <- A_c(tier, Delta) // table lookup, no estimation",exploratory,draft prose,,DAVIS; SegTrack where specified,see exact claim/protocol,see source; not inferred,historical source; exact run identity not fully archived,audit_workspace/source/legacy/core.py; audit_workspace/source/legacy/fig_e21.py,DOCX paragraph 75; extracted/draft.txt; q1q3_all90.json; e21_clip.json,video,,,,,,,PROVISIONAL,"Exact source statement retained; not independently confirmed merely by appearance in draft/page. Missing fields are unknown or inapplicable, not zero."
DRAFT-P0076,"tau <- travel(p, displacement(r)) // trapezoidal profile",exploratory,draft prose,,DAVIS; SegTrack where specified,see exact claim/protocol,see source; not inferred,historical source; exact run identity not fully archived,audit_workspace/source/legacy/core.py; audit_workspace/source/legacy/fig_e21.py,DOCX paragraph 76; extracted/draft.txt; q1q3_all90.json; e21_clip.json,video,,,,,,,PROVISIONAL,"Exact source statement retained; not independently confirmed merely by appearance in draft/page. Missing fields are unknown or inapplicable, not zero."
DRAFT-P0077,"// three channels, not two (S6.9): reading a stale copy raw is dominated",exploratory,draft prose,,DAVIS; SegTrack where specified,see exact claim/protocol,see source; not inferred,historical source; exact run identity not fully archived,audit_workspace/source/legacy/core.py; audit_workspace/source/legacy/fig_e21.py,DOCX paragraph 77; extracted/draft.txt; q1q3_all90.json; e21_clip.json,video,,,,,,,PROVISIONAL,"Exact source statement retained; not independently confirmed merely by appearance in draft/page. Missing fields are unknown or inapplicable, not zero."
DRAFT-P0078,"cand = { imagine : A_c(tier, 0), // roll the copy forward Delta steps",exploratory,draft prose,,DAVIS; SegTrack where specified,see exact claim/protocol,see source; not inferred,historical source; exact run identity not fully archived,audit_workspace/source/legacy/core.py; audit_workspace/source/legacy/fig_e21.py,DOCX paragraph 78; extracted/draft.txt; q1q3_all90.json; e21_clip.json,video,,,,,,,PROVISIONAL,"Exact source statement retained; not independently confirmed merely by appearance in draft/page. Missing fields are unknown or inapplicable, not zero."
DRAFT-P0083,"Four properties are worth stating explicitly, because each is a measured consequence rather than a design preference.",exploratory,draft prose,,DAVIS; SegTrack where specified,see exact claim/protocol,see source; not inferred,historical source; exact run identity not fully archived,audit_workspace/source/legacy/core.py; audit_workspace/source/legacy/fig_e21.py,DOCX paragraph 83; extracted/draft.txt; q1q3_all90.json; e21_clip.json,video,,,,,,,PROVISIONAL,"Exact source statement retained; not independently confirmed merely by appearance in draft/page. Missing fields are unknown or inapplicable, not zero."
DRAFT-P0084,"No cost term. Retrieval costs 0.042–15.094 ms and 1.78–1,704.49 mJ; the cheapest possible fresh look costs 39.76 ms and 4,152.5 mJ before travel. Over a 473,793× payload span the channels never cross on cost, so a cost ratio would be a constant. The decision is set by travel, which enters only through Delta_obs.",exploratory,draft prose,,DAVIS; SegTrack where specified,see exact claim/protocol,see source; not inferred,historical source; exact run identity not fully archived,audit_workspace/source/legacy/core.py; audit_workspace/source/legacy/fig_e21.py,DOCX paragraph 84; extracted/draft.txt; q1q3_all90.json; e21_clip.json,video,,,,,,,NOT_SUPPORTED,Overclaimed; see RESULTS_AUDIT.md for protocol and statistical corrections.
DRAFT-P0085,"No online estimation. The rule's two arguments, which tier, how old, are already known at request time. What must be paid for is calibration, and that is bounded: 3 videos bring the world-model table within 2% of a 60-video table, 5 within 0.3%.",exploratory,draft prose,,DAVIS; SegTrack where specified,see exact claim/protocol,see source; not inferred,historical source; exact run identity not fully archived,audit_workspace/source/legacy/core.py; audit_workspace/source/legacy/fig_e21.py,DOCX paragraph 85; extracted/draft.txt; q1q3_all90.json; e21_clip.json,video,,,,,,,PROVISIONAL,"Exact source statement retained; not independently confirmed merely by appearance in draft/page. Missing fields are unknown or inapplicable, not zero."
DRAFT-P0086,"Two axes. R_c(eps) returns a pair. Returning only the tier is the failure mode of every prior system, and §6.1 measures what it costs.",exploratory,draft prose,,DAVIS; SegTrack where specified,see exact claim/protocol,see source; not inferred,historical source; exact run identity not fully archived,audit_workspace/source/legacy/core.py; audit_workspace/source/legacy/fig_e21.py,DOCX paragraph 86; extracted/draft.txt; q1q3_all90.json; e21_clip.json,video,,,,,,,PROVISIONAL,"Exact source statement retained; not independently confirmed merely by appearance in draft/page. Missing fields are unknown or inapplicable, not zero."
DRAFT-P0087,"Bands. Because A_c is near-linear in age while Delta_obs is concave (travel distance saturates), the two can cross twice. Of 18 platform × tier × consumer cells, 6 are constant, 10 are deadlines, and 2 require a band that a deadline primitive cannot express at any threshold.",exploratory,draft prose,,DAVIS; SegTrack where specified,see exact claim/protocol,see source; not inferred,historical source; exact run identity not fully archived,audit_workspace/source/legacy/core.py; audit_workspace/source/legacy/fig_e21.py,DOCX paragraph 87; extracted/draft.txt; q1q3_all90.json; e21_clip.json,video,,,,,,,PROVISIONAL,"Exact source statement retained; not independently confirmed merely by appearance in draft/page. Missing fields are unknown or inapplicable, not zero."
DRAFT-P0088,"Three channels. §6.9 measures the imagine arm and finds that for a world model, reading a stale copy raw is dominated at every age, 1.4× to 5.3× worse than rolling it forward. The runtime should never return a stale latent unadvanced.",exploratory,draft prose,,DAVIS; SegTrack where specified,see exact claim/protocol,see source; not inferred,historical source; exact run identity not fully archived,audit_workspace/source/legacy/core.py; audit_workspace/source/legacy/fig_e21.py,DOCX paragraph 88; extracted/draft.txt; q1q3_all90.json; e21_clip.json,video,,,,,,,PROVISIONAL,"Exact source statement retained; not independently confirmed merely by appearance in draft/page. Missing fields are unknown or inapplicable, not zero."
DRAFT-P0090,"We evaluate on a protocol built for consumer-conditioned questions, because no existing benchmark scores a memory against the reader that consumes it.",exploratory,draft prose,,DAVIS; SegTrack where specified,see exact claim/protocol,see source; not inferred,historical source; exact run identity not fully archived,audit_workspace/source/legacy/core.py; audit_workspace/source/legacy/fig_e21.py,DOCX paragraph 90; extracted/draft.txt; q1q3_all90.json; e21_clip.json,video,,,,,,,PROVISIONAL,"Exact source statement retained; not independently confirmed merely by appearance in draft/page. Missing fields are unknown or inapplicable, not zero."
DRAFT-P0128,"§6.1 requires the cross-video protocol: a per-video permutation is only unlearnable if the read-out never sees that video. Conversely §6.2 deliberately uses the per-sequence protocol, because its question is read-out capacity, not transfer.",exploratory,draft prose,,DAVIS,see exact claim/protocol,see source; not inferred,historical source; exact run identity not fully archived,audit_workspace/source/legacy/relayout.py; audit_workspace/source/legacy/frame_ref.py,DOCX paragraph 128; extracted/draft.txt; relayout.json; frame_ref3.json,video,,,,,,,PROVISIONAL,"Exact source statement retained; not independently confirmed merely by appearance in draft/page. Missing fields are unknown or inapplicable, not zero."
DRAFT-P0131,Question. Is the world model's dependence on scene-referenced storage a property of bytes or of indexing?,exploratory,draft prose,,DAVIS; SegTrack where specified,see exact claim/protocol,see source; not inferred,historical source; exact run identity not fully archived,audit_workspace/source/legacy/core.py; audit_workspace/source/legacy/fig_e21.py,DOCX paragraph 131; extracted/draft.txt; q1q3_all90.json; e21_clip.json,video,,,,,,,PROVISIONAL,"Exact source statement retained; not independently confirmed merely by appearance in draft/page. Missing fields are unknown or inapplicable, not zero."
DRAFT-P0132,"Design. Three payload families are built from the same grid features and differ only in how they are indexed. Read-outs are ridge regressions fitted on 60 videos and evaluated on 30 unseen videos, so no read-out can learn a per-video permutation. Each confound is removed by construction rather than by argument.",exploratory,draft prose,,DAVIS,see exact claim/protocol,see source; not inferred,historical source; exact run identity not fully archived,audit_workspace/source/legacy/relayout.py; audit_workspace/source/legacy/frame_ref.py,DOCX paragraph 132; extracted/draft.txt; relayout.json; frame_ref3.json,video,,,,,,,PROVISIONAL,"Exact source statement retained; not independently confirmed merely by appearance in draft/page. Missing fields are unknown or inapplicable, not zero."
DRAFT-P0143,"Figure 2 — Index alignment is the world model's constraint. (A) Three consumers × three families at 9,216 vs 9,203 matched dimensions on unseen videos. (B) The causal control: same bits, cells reordered per video. (C) Object-referenced capacity is inert across 143 → 9,203 dimensions.",exploratory,draft prose,Figure 2,DAVIS,see exact claim/protocol,see source; not inferred,historical source; exact run identity not fully archived,audit_workspace/source/legacy/relayout.py; audit_workspace/source/legacy/frame_ref.py,DOCX paragraph 143; extracted/draft.txt; relayout.json; frame_ref3.json,video,,,,,,,PROVISIONAL,"Exact source statement retained; not independently confirmed merely by appearance in draft/page. Missing fields are unknown or inapplicable, not zero."
DRAFT-P0278,"Paired bootstrap over the 30 unseen videos (world model, largest budget).",exploratory,draft prose,,DAVIS; SegTrack where specified,see exact claim/protocol,see source; not inferred,historical source; exact run identity not fully archived,audit_workspace/source/legacy/core.py; audit_workspace/source/legacy/fig_e21.py,DOCX paragraph 278; extracted/draft.txt; q1q3_all90.json; e21_clip.json,video,,,,,,,PROVISIONAL,"Exact source statement retained; not independently confirmed merely by appearance in draft/page. Missing fields are unknown or inapplicable, not zero."
DRAFT-P0301,"H1 holds. At matched capacity the world model reads scene-referenced records 13.9× better than object-referenced ones (0.052 vs 0.729). The permutation control isolates the cause: identical bits, reordered, move it from 0.052 to 1.082 — 20.7×, from near-perfect to worse than storing nothing. Significant at all three budgets (2.43×, 2.67×, 20.69×). The planner loses nothing measurable at any budget; the verifier 1.06–1.13×. Because all three consumers use the same read-out family under the same protocol, this is not a generic sensitivity of linear heads to permutation.",exploratory,draft prose,,DAVIS,see exact claim/protocol,see source; not inferred,historical source; exact run identity not fully archived,audit_workspace/source/legacy/relayout.py; audit_workspace/source/legacy/frame_ref.py,DOCX paragraph 301; extracted/draft.txt; relayout.json; frame_ref3.json,video,,,,,,,PROVISIONAL,"Exact source statement retained; not independently confirmed merely by appearance in draft/page. Missing fields are unknown or inapplicable, not zero."
DRAFT-P0302,"H2 holds. A 64× increase in matched object-referenced capacity moves the world model 0.728 → 0.729 → 0.729. The ceiling is reached at 143 dimensions and never exceeded at 9,203.",exploratory,draft prose,,synthetic serving,see exact claim/protocol,see source; not inferred,historical source; exact run identity not fully archived,audit_workspace/source/legacy/mp_store.py; audit_workspace/source/legacy/mt_store.py,DOCX paragraph 302; extracted/draft.txt; mp_store2.json; mt_store.json,run / synthetic trace,,,,,,,PROVISIONAL,"Exact source statement retained; not independently confirmed merely by appearance in draft/page. Missing fields are unknown or inapplicable, not zero."
DRAFT-P0303,Index and rank are complementary. Spatial indexing alone is not sufficient either: a scene-referenced record at low channel rank sits at 0.836. The collapse to 0.052 requires both. A memory system cannot trade addressing for bits in either direction.,exploratory,draft prose,,DAVIS; SegTrack where specified,see exact claim/protocol,see source; not inferred,historical source; exact run identity not fully archived,audit_workspace/source/legacy/core.py; audit_workspace/source/legacy/fig_e21.py,DOCX paragraph 303; extracted/draft.txt; q1q3_all90.json; e21_clip.json,video,,,,,,,PROVISIONAL,"Exact source statement retained; not independently confirmed merely by appearance in draft/page. Missing fields are unknown or inapplicable, not zero."
DRAFT-P0314,"Question. Do different real downstream consumers need measurably different fidelity and representation? Design. Seven tiers spanning 1 B to 463 KB, read by all three consumers at every staleness level, per-sequence protocol with per-video calibrated tolerances.",exploratory,draft prose,,DAVIS; SegTrack where specified,see exact claim/protocol,see source; not inferred,historical source; exact run identity not fully archived,audit_workspace/source/legacy/core.py; audit_workspace/source/legacy/fig_e21.py,DOCX paragraph 314; extracted/draft.txt; q1q3_all90.json; e21_clip.json,video,,,,,,,PROVISIONAL,"Exact source statement retained; not independently confirmed merely by appearance in draft/page. Missing fields are unknown or inapplicable, not zero."
DRAFT-P0316,Figure 3 — Consumer × fidelity. (A) Tier-ladder error at staleness 0. (B) The byte requirement R_c(eps) as a staircase. (C) The same matrix at staleness 5. The optimum is not monotone in bytes and it moves with age.,exploratory,draft prose,Figure 3,DAVIS; SegTrack where specified,see exact claim/protocol,see source; not inferred,historical source; exact run identity not fully archived,audit_workspace/source/legacy/core.py; audit_workspace/source/legacy/fig_e21.py,DOCX paragraph 316; extracted/draft.txt; q1q3_all90.json; e21_clip.json,video,,,,,,,PROVISIONAL,"Exact source statement retained; not independently confirmed merely by appearance in draft/page. Missing fields are unknown or inapplicable, not zero."
DRAFT-P0401,The fidelity requirement `R_c(eps)` — cheapest tier meeting each error target.,exploratory,draft prose,,DAVIS; SegTrack where specified,see exact claim/protocol,see source; not inferred,historical source; exact run identity not fully archived,audit_workspace/source/legacy/core.py; audit_workspace/source/legacy/fig_e21.py,DOCX paragraph 401; extracted/draft.txt; q1q3_all90.json; e21_clip.json,video,,,,,,,PROVISIONAL,"Exact source statement retained; not independently confirmed merely by appearance in draft/page. Missing fields are unknown or inapplicable, not zero."
DRAFT-P0427,"On the full rung ladder a 6-byte structured record beats a 95 KB JPEG for the verifier (−0.027, p < 1e-4); 1 byte beats it for the planner (−0.011, p = 0.0034).",exploratory,draft prose,,DAVIS; SegTrack where specified,see exact claim/protocol,see source; not inferred,historical source; exact run identity not fully archived,audit_workspace/source/legacy/core.py; audit_workspace/source/legacy/fig_e21.py,DOCX paragraph 427; extracted/draft.txt; q1q3_all90.json; e21_clip.json,video,,,,,,,PROVISIONAL,"Exact source statement retained; not independently confirmed merely by appearance in draft/page. Missing fields are unknown or inapplicable, not zero."
DRAFT-P0428,A 1.4 KB thumbnail is worse than storing nothing for the verifier (+0.258).,exploratory,draft prose,,DAVIS; SegTrack where specified,see exact claim/protocol,see source; not inferred,historical source; exact run identity not fully archived,audit_workspace/source/legacy/core.py; audit_workspace/source/legacy/fig_e21.py,DOCX paragraph 428; extracted/draft.txt; q1q3_all90.json; e21_clip.json,video,,,,,,,PROVISIONAL,"Exact source statement retained; not independently confirmed merely by appearance in draft/page. Missing fields are unknown or inapplicable, not zero."
DRAFT-P0429,"At matched bytes the verifier wants dimensions per cell over spatial cells at all three grids (−0.163, −0.076, −0.037) — the same trade the world model resolves the other way in §6.1. That pair of results is what “fidelity requirement” has to mean.",exploratory,draft prose,,DAVIS,see exact claim/protocol,see source; not inferred,historical source; exact run identity not fully archived,audit_workspace/source/legacy/relayout.py; audit_workspace/source/legacy/frame_ref.py,DOCX paragraph 429; extracted/draft.txt; relayout.json; frame_ref3.json,video,,,,,,,PROVISIONAL,"Exact source statement retained; not independently confirmed merely by appearance in draft/page. Missing fields are unknown or inapplicable, not zero."
DRAFT-P0430,Cold memory converges. At staleness 0 the optimal tiers are 1 B / 6 B / 463 KB; by staleness 30 all three consumers want the same 6 B record. Consumer-conditioning is a property of fresh memory.,exploratory,draft prose,,DAVIS; SegTrack where specified,see exact claim/protocol,see source; not inferred,historical source; exact run identity not fully archived,audit_workspace/source/legacy/core.py; audit_workspace/source/legacy/fig_e21.py,DOCX paragraph 430; extracted/draft.txt; q1q3_all90.json; e21_clip.json,video,,,,,,,PROVISIONAL,"Exact source statement retained; not independently confirmed merely by appearance in draft/page. Missing fields are unknown or inapplicable, not zero."
DRAFT-P0432,"Question. Under real system cost, is there a meaningful crossing point between retrieve and re-observe? Design. Measured latency, energy and peak GPU memory for every retrieval tier on the deployment host; re-observation decomposed into sensing, actuation and encoding. Travel is measured, not swept: object centroid displacement between the stored and current frame, mapped through a camera model (1 normalised image unit = 2.309 m) and a trapezoidal velocity profile.",exploratory,draft prose,,synthetic serving,see exact claim/protocol,see source; not inferred,historical source; exact run identity not fully archived,audit_workspace/source/legacy/mp_store.py; audit_workspace/source/legacy/mt_store.py,DOCX paragraph 432; extracted/draft.txt; mp_store2.json; mt_store.json,run / synthetic trace,,,,,,,PROVISIONAL,"Exact source statement retained; not independently confirmed merely by appearance in draft/page. Missing fields are unknown or inapplicable, not zero."
DRAFT-P0434,"t = 2 * sqrt(d / a) if d <= v^2 / a (triangular, never reaches cruise)",exploratory,draft prose,,DAVIS; SegTrack where specified,see exact claim/protocol,see source; not inferred,historical source; exact run identity not fully archived,audit_workspace/source/legacy/core.py; audit_workspace/source/legacy/fig_e21.py,DOCX paragraph 434; extracted/draft.txt; q1q3_all90.json; e21_clip.json,video,,,,,,,PROVISIONAL,"Exact source statement retained; not independently confirmed merely by appearance in draft/page. Missing fields are unknown or inapplicable, not zero."
DRAFT-P0435,"t = d / v + v / a otherwise (accelerate, cruise, decelerate)",exploratory,draft prose,,DAVIS; SegTrack where specified,see exact claim/protocol,see source; not inferred,historical source; exact run identity not fully archived,audit_workspace/source/legacy/core.py; audit_workspace/source/legacy/fig_e21.py,DOCX paragraph 435; extracted/draft.txt; q1q3_all90.json; e21_clip.json,video,,,,,,,PROVISIONAL,"Exact source statement retained; not independently confirmed merely by appearance in draft/page. Missing fields are unknown or inapplicable, not zero."
DRAFT-P0438,"Figure 4 — Measured cost curves. (A–C) Retrieval latency, energy and peak GPU memory against payload size. (D) Re-observe latency decomposed. (E) Energy under a motor sweep. (F) The two channels side by side.",exploratory,draft prose,Figure 4,DAVIS; SegTrack where specified,see exact claim/protocol,see source; not inferred,historical source; exact run identity not fully archived,audit_workspace/source/legacy/core.py; audit_workspace/source/legacy/fig_e21.py,DOCX paragraph 438; extracted/draft.txt; q1q3_all90.json; e21_clip.json,video,,,,,,,PROVISIONAL,"Exact source statement retained; not independently confirmed merely by appearance in draft/page. Missing fields are unknown or inapplicable, not zero."
DRAFT-P0490,"Across a 473,793× span of payload size, retrieval latency moves 364×, energy 956×, and peak GPU memory only 1.23×.",exploratory,draft prose,,DAVIS; SegTrack where specified,see exact claim/protocol,see source; not inferred,historical source; exact run identity not fully archived,audit_workspace/source/legacy/core.py; audit_workspace/source/legacy/fig_e21.py,DOCX paragraph 490; extracted/draft.txt; q1q3_all90.json; e21_clip.json,video,,,,,,,PROVISIONAL,"Exact source statement retained; not independently confirmed merely by appearance in draft/page. Missing fields are unknown or inapplicable, not zero."
DRAFT-P0491,"Even the most expensive retrieval is 2.63× cheaper in latency and 2.44× cheaper in energy than the cheapest possible fresh look, before any travel is counted.",exploratory,draft prose,,DAVIS; SegTrack where specified,see exact claim/protocol,see source; not inferred,historical source; exact run identity not fully archived,audit_workspace/source/legacy/core.py; audit_workspace/source/legacy/fig_e21.py,DOCX paragraph 491; extracted/draft.txt; q1q3_all90.json; e21_clip.json,video,,,,,,,PROVISIONAL,"Exact source statement retained; not independently confirmed merely by appearance in draft/page. Missing fields are unknown or inapplicable, not zero."
DRAFT-P0492,"The crossing point does not exist on the cost axis. It exists on the travel axis. What makes re-observation lose is the time to point a sensor, which is why Delta_obs and not a cost ratio appears in the selector rule.",exploratory,draft prose,,DAVIS; SegTrack where specified,see exact claim/protocol,see source; not inferred,historical source; exact run identity not fully archived,audit_workspace/source/legacy/core.py; audit_workspace/source/legacy/fig_e21.py,DOCX paragraph 492; extracted/draft.txt; q1q3_all90.json; e21_clip.json,video,,,,,,,PROVISIONAL,"Exact source statement retained; not independently confirmed merely by appearance in draft/page. Missing fields are unknown or inapplicable, not zero."
DRAFT-P0493,"Waiting couples the two sides. The longer you wait the further the object has moved, so a fresh look becomes simultaneously more necessary and more expensive. Slopes: gimbal 0.165, arm 0.328, mobile base 0.700 frames per frame waited — all below 1, so waiting still favours re-observation, but by only a third to two-thirds of what a swept axis implies.",exploratory,draft prose,,DAVIS; SegTrack where specified,see exact claim/protocol,see source; not inferred,historical source; exact run identity not fully archived,audit_workspace/source/legacy/core.py; audit_workspace/source/legacy/fig_e21.py,DOCX paragraph 493; extracted/draft.txt; q1q3_all90.json; e21_clip.json,video,,,,,,,PROVISIONAL,"Exact source statement retained; not independently confirmed merely by appearance in draft/page. Missing fields are unknown or inapplicable, not zero."
DRAFT-P0495,"Question. Does staleness move the decision boundary, and what shape is that boundary? Design. 18 cells of platform × tier × consumer; the shape is read off by counting sign flips of A_c(e, Delta) − Delta_obs(tau) as staleness grows.",exploratory,draft prose,,DAVIS; SegTrack where specified,see exact claim/protocol,see source; not inferred,historical source; exact run identity not fully archived,audit_workspace/source/legacy/core.py; audit_workspace/source/legacy/fig_e21.py,DOCX paragraph 495; extracted/draft.txt; q1q3_all90.json; e21_clip.json,video,,,,,,,PROVISIONAL,"Exact source statement retained; not independently confirmed merely by appearance in draft/page. Missing fields are unknown or inapplicable, not zero."
DRAFT-P0497,Figure 5 — Structure of the decision boundary. Equivalent age is linear within a tier family but not across families; the fidelity gap has a waist; and in 2 of 18 cells the boundary is a band rather than a deadline.,exploratory,draft prose,Figure 5,DAVIS; SegTrack where specified,see exact claim/protocol,see source; not inferred,historical source; exact run identity not fully archived,audit_workspace/source/legacy/core.py; audit_workspace/source/legacy/fig_e21.py,DOCX paragraph 497; extracted/draft.txt; q1q3_all90.json; e21_clip.json,video,,,,,,,PROVISIONAL,"Exact source statement retained; not independently confirmed merely by appearance in draft/page. Missing fields are unknown or inapplicable, not zero."
DRAFT-P0498,Equivalent age is not separable — 11 of 20 slopes within ±25% of 1 (§3.2). The runtime needs the table.,exploratory,draft prose,,DAVIS; SegTrack where specified,see exact claim/protocol,see source; not inferred,historical source; exact run identity not fully archived,audit_workspace/source/legacy/core.py; audit_workspace/source/legacy/fig_e21.py,DOCX paragraph 498; extracted/draft.txt; q1q3_all90.json; e21_clip.json,video,,,,,,,PROVISIONAL,"Exact source statement retained; not independently confirmed merely by appearance in draft/page. Missing fields are unknown or inapplicable, not zero."
DRAFT-P0499,"The fidelity axis has a waist. Tier separation is wide when fresh, narrows around frames 5–8, then re-opens: planner spread 0.398 → 0.065 → 0.366. The three regimes want opposite things — buy fidelity when fresh, buy nothing in the waist, buy graceful degradation when old.",exploratory,draft prose,,DAVIS; SegTrack where specified,see exact claim/protocol,see source; not inferred,historical source; exact run identity not fully archived,audit_workspace/source/legacy/core.py; audit_workspace/source/legacy/fig_e21.py,DOCX paragraph 499; extracted/draft.txt; q1q3_all90.json; e21_clip.json,video,,,,,,,PROVISIONAL,"Exact source statement retained; not independently confirmed merely by appearance in draft/page. Missing fields are unknown or inapplicable, not zero."
DRAFT-P0500,"Boundary shapes across the 18 cells: 6 constant, 10 deadline, 2 band. Because A_c is near-linear while Delta_obs is concave in memory age, the curves can cross twice. The two band cells (arm platform, 6 B structured tier, planner and verifier) require “re-observe when young, trust memory for frames 8–13, then re-observe again”. In those cells a deadline is not under-tuned; it is the wrong primitive.",exploratory,draft prose,,DAVIS; SegTrack where specified,see exact claim/protocol,see source; not inferred,historical source; exact run identity not fully archived,audit_workspace/source/legacy/core.py; audit_workspace/source/legacy/fig_e21.py,DOCX paragraph 500; extracted/draft.txt; q1q3_all90.json; e21_clip.json,video,,,,,,,PROVISIONAL,"Exact source statement retained; not independently confirmed merely by appearance in draft/page. Missing fields are unknown or inapplicable, not zero."
DRAFT-P0617,"6.5 Expiry is a property of the reader — CONFIRMED for world models, NOT REPRODUCED elsewhere",exploratory,draft prose,,DAVIS; SegTrack where specified,see exact claim/protocol,see source; not inferred,historical source; exact run identity not fully archived,audit_workspace/source/legacy/core.py; audit_workspace/source/legacy/fig_e21.py,DOCX paragraph 617; extracted/draft.txt; q1q3_all90.json; e21_clip.json,video,,,,,,,PROVISIONAL,"Exact source statement retained; not independently confirmed merely by appearance in draft/page. Missing fields are unknown or inapplicable, not zero."
DRAFT-P0618,"Question. Is “memory eventually becomes worse than no memory” a property of the memory or of the read-out? Design. Add a closed-form recalibration, one scale and one bias per age, applied to the probe's own output. It carries no new scene information and therefore cannot extrapolate, so any gain must come from knowing how much to distrust itself. Repeated independently on three backbones and two datasets.",exploratory,draft prose,,DAVIS; SegTrack where specified,see exact claim/protocol,see source; not inferred,historical source; exact run identity not fully archived,audit_workspace/source/legacy/core.py; audit_workspace/source/legacy/fig_e21.py,DOCX paragraph 618; extracted/draft.txt; q1q3_all90.json; e21_clip.json,video,,,,,,,PROVISIONAL,"Exact source statement retained; not independently confirmed merely by appearance in draft/page. Missing fields are unknown or inapplicable, not zero."
DRAFT-P0620,shrink : y_hat = mu + a(Delta) * ( probe - mu ) 1 scalar per age,exploratory,draft prose,,DAVIS; SegTrack where specified,see exact claim/protocol,see source; not inferred,historical source; exact run identity not fully archived,audit_workspace/source/legacy/core.py; audit_workspace/source/legacy/fig_e21.py,DOCX paragraph 620; extracted/draft.txt; q1q3_all90.json; e21_clip.json,video,,,,,,,PROVISIONAL,"Exact source statement retained; not independently confirmed merely by appearance in draft/page. Missing fields are unknown or inapplicable, not zero."
DRAFT-P0621,recal : y_hat = a(Delta) * probe + b(Delta) 1 scalar + 1 bias per age,exploratory,draft prose,,DAVIS; SegTrack where specified,see exact claim/protocol,see source; not inferred,historical source; exact run identity not fully archived,audit_workspace/source/legacy/core.py; audit_workspace/source/legacy/fig_e21.py,DOCX paragraph 621; extracted/draft.txt; q1q3_all90.json; e21_clip.json,video,,,,,,,PROVISIONAL,"Exact source statement retained; not independently confirmed merely by appearance in draft/page. Missing fields are unknown or inapplicable, not zero."
DRAFT-P0624,"Figure 6 — Recalibration against staleness. (A) Two scalars per age versus a 7.24M-parameter age-aware network. (B) Which wins is set by payload width, not by reader. (C) Under the age-matched floor only 2 of 6 cells stop expiring, both world model; for the verifier at 6 B recalibration is actively worse.",exploratory,draft prose,Figure 6,DAVIS; SegTrack where specified,see exact claim/protocol,see source; not inferred,historical source; exact run identity not fully archived,audit_workspace/source/legacy/core.py; audit_workspace/source/legacy/fig_e21.py,DOCX paragraph 624; extracted/draft.txt; q1q3_all90.json; e21_clip.json,video,,,,,,,PROVISIONAL,"Exact source statement retained; not independently confirmed merely by appearance in draft/page. Missing fields are unknown or inapplicable, not zero."
DRAFT-P0625,"Error / age-matched floor at staleness 30, lossless store. Below 1.0 means still useful.",exploratory,draft prose,,synthetic serving,see exact claim/protocol,see source; not inferred,historical source; exact run identity not fully archived,audit_workspace/source/legacy/mp_store.py; audit_workspace/source/legacy/mt_store.py,DOCX paragraph 625; extracted/draft.txt; mp_store2.json; mt_store.json,run / synthetic trace,,,,,,,PROVISIONAL,"Exact source statement retained; not independently confirmed merely by appearance in draft/page. Missing fields are unknown or inapplicable, not zero."
DRAFT-P0657,"The world-model column reproduces 4 of 4 across two datasets and three backbones, gains 2.03–2.61×.",exploratory,draft prose,,DAVIS; SegTrack where specified,see exact claim/protocol,see source; not inferred,historical source; exact run identity not fully archived,audit_workspace/source/legacy/core.py; audit_workspace/source/legacy/fig_e21.py,DOCX paragraph 657; extracted/draft.txt; q1q3_all90.json; e21_clip.json,video,,,,,,,PROVISIONAL,"Exact source statement retained; not independently confirmed merely by appearance in draft/page. Missing fields are unknown or inapplicable, not zero."
DRAFT-P0658,"The planner and verifier columns fail in the most informative way available: they change sign. 0.93× and 0.68× are recalibration making things worse. Winning on some sources and losing on others is the signature of an effect that is not there, rather than one that is weak.",exploratory,draft prose,,DAVIS; SegTrack where specified,see exact claim/protocol,see source; not inferred,historical source; exact run identity not fully archived,audit_workspace/source/legacy/core.py; audit_workspace/source/legacy/fig_e21.py,DOCX paragraph 658; extracted/draft.txt; q1q3_all90.json; e21_clip.json,video,,,,,,,PROVISIONAL,"Exact source statement retained; not independently confirmed merely by appearance in draft/page. Missing fields are unknown or inapplicable, not zero."
DRAFT-P0659,"Mechanism, consistent with both halves. A scale and a bias can only re-weight signal that still exists. The world model's patch-latent read-out still has usable signal at frame 30; the planner's predicate read-out does not, so calibration has nothing to recover. Recalibration does not rescue a read-out that has run out of information; it rescues the one that has information but cannot say how much.",exploratory,draft prose,,DAVIS; SegTrack where specified,see exact claim/protocol,see source; not inferred,historical source; exact run identity not fully archived,audit_workspace/source/legacy/core.py; audit_workspace/source/legacy/fig_e21.py,DOCX paragraph 659; extracted/draft.txt; q1q3_all90.json; e21_clip.json,video,,,,,,,PROVISIONAL,"Exact source statement retained; not independently confirmed merely by appearance in draft/page. Missing fields are unknown or inapplicable, not zero."
DRAFT-P0660,"Which read-out family overfits is set by payload width, not by consumer. On narrow payloads (1–6 B) a trained age-aware MLP wins everywhere, three inputs cannot be overfitted. On wide payloads a 7,240,140-parameter MLP loses to 15,597 recalibration parameters in 8 of 9 cells at age 20 and 9 of 9 at age 30, on all four sources.",exploratory,draft prose,,DAVIS; SegTrack where specified,see exact claim/protocol,see source; not inferred,historical source; exact run identity not fully archived,audit_workspace/source/legacy/core.py; audit_workspace/source/legacy/fig_e21.py,DOCX paragraph 660; extracted/draft.txt; q1q3_all90.json; e21_clip.json,video,,,,,,,PROVISIONAL,"Exact source statement retained; not independently confirmed merely by appearance in draft/page. Missing fields are unknown or inapplicable, not zero."
DRAFT-P0661,Floor-crossing age — the staleness at which the stored record first becomes worse than storing nothing.,exploratory,draft prose,,synthetic serving,see exact claim/protocol,see source; not inferred,historical source; exact run identity not fully archived,audit_workspace/source/legacy/mp_store.py; audit_workspace/source/legacy/mt_store.py,DOCX paragraph 661; extracted/draft.txt; mp_store2.json; mt_store.json,run / synthetic trace,,,,,,,PROVISIONAL,"Exact source statement retained; not independently confirmed merely by appearance in draft/page. Missing fields are unknown or inapplicable, not zero."
DRAFT-P0713,"Calibration cost is bounded. Excess over a 60-video table, evaluated on 30 held-out videos:",exploratory,draft prose,,DAVIS; SegTrack where specified,see exact claim/protocol,see source; not inferred,historical source; exact run identity not fully archived,audit_workspace/source/legacy/core.py; audit_workspace/source/legacy/fig_e21.py,DOCX paragraph 713; extracted/draft.txt; q1q3_all90.json; e21_clip.json,video,,,,,,,PROVISIONAL,"Exact source statement retained; not independently confirmed merely by appearance in draft/page. Missing fields are unknown or inapplicable, not zero."
DRAFT-P0751,"The world model is within 2% at k = 3 videos and within 0.3% at k = 5; the verifier is still +1.8% at k = 20 and reaches +0.5% only at k = 40. The planner's excess is negative because its decision is near-degenerate, not because worse tables are better. Dispersion matters as much as bias: single-video tables scatter ±0.034–0.041 across draws versus ±0.003–0.005 at k = 40. A table that cannot be reproduced should not be published.",exploratory,draft prose,,DAVIS; SegTrack where specified,see exact claim/protocol,see source; not inferred,historical source; exact run identity not fully archived,audit_workspace/source/legacy/core.py; audit_workspace/source/legacy/fig_e21.py,DOCX paragraph 751; extracted/draft.txt; q1q3_all90.json; e21_clip.json,video,,,,,,,PROVISIONAL,"Exact source statement retained; not independently confirmed merely by appearance in draft/page. Missing fields are unknown or inapplicable, not zero."
DRAFT-P0753,"Question. Should a world model rolling out from a stale memory widen its posterior in proportion to that staleness? Design. Six arms, naive, input- and output-side shrinkage, affine correction, age-conditioned dynamics, and an oracle shrinkage upper bound, over 7 ages × 5 horizons on 86 fitted sequences. The oracle arm is what converts “our hedge did not work” into “no member of this family works”.",exploratory,draft prose,,DAVIS; SegTrack where specified,see exact claim/protocol,see source; not inferred,historical source; exact run identity not fully archived,audit_workspace/source/legacy/core.py; audit_workspace/source/legacy/fig_e21.py,DOCX paragraph 753; extracted/draft.txt; q1q3_all90.json; e21_clip.json,video,,,,,,,PROVISIONAL,"Exact source statement retained; not independently confirmed merely by appearance in draft/page. Missing fields are unknown or inapplicable, not zero."
DRAFT-P0755,"Figure 7 — The posterior-width hypothesis, refuted. Hedged rollouts do not beat naive ones; the fitted transition is contractive (spectral gain 0.959); fitted shrinkage already sits a median 0.51% from the oracle bound.",exploratory,draft prose,Figure 7,DAVIS; SegTrack where specified,see exact claim/protocol,see source; not inferred,historical source; exact run identity not fully archived,audit_workspace/source/legacy/core.py; audit_workspace/source/legacy/fig_e21.py,DOCX paragraph 755; extracted/draft.txt; q1q3_all90.json; e21_clip.json,video,,,,,,,RETRACTED,Historical negative/retracted statement preserved; no promotion to confirmed.
DRAFT-P0756,"Why hedging cannot help here. The fitted linear transition has median spectral gain 0.959 (p90 0.982) — it is contractive. Errors decay along the rollout rather than amplifying, so the failure mode the hedge was designed to suppress does not occur in this system.",exploratory,draft prose,,DAVIS; SegTrack where specified,see exact claim/protocol,see source; not inferred,historical source; exact run identity not fully archived,audit_workspace/source/legacy/core.py; audit_workspace/source/legacy/fig_e21.py,DOCX paragraph 756; extracted/draft.txt; q1q3_all90.json; e21_clip.json,video,,,,,,,PROVISIONAL,"Exact source statement retained; not independently confirmed merely by appearance in draft/page. Missing fields are unknown or inapplicable, not zero."
DRAFT-P0757,"The family is exhausted. Fitted shrinkage lands a median of 0.51% from the oracle bound (p90 4.26%, worst cell 7.36%). No materially better member of this family exists to find.",exploratory,draft prose,,DAVIS; SegTrack where specified,see exact claim/protocol,see source; not inferred,historical source; exact run identity not fully archived,audit_workspace/source/legacy/core.py; audit_workspace/source/legacy/fig_e21.py,DOCX paragraph 757; extracted/draft.txt; q1q3_all90.json; e21_clip.json,video,,,,,,,PROVISIONAL,"Exact source statement retained; not independently confirmed merely by appearance in draft/page. Missing fields are unknown or inapplicable, not zero."
DRAFT-P0758,"What did win. Age-conditioned dynamics, letting the transition itself depend on staleness, won 28 of 35 cells, best case 3.44×. The correct response to staleness is a different model, not a wider posterior over the same one.",exploratory,draft prose,,DAVIS; SegTrack where specified,see exact claim/protocol,see source; not inferred,historical source; exact run identity not fully archived,audit_workspace/source/legacy/core.py; audit_workspace/source/legacy/fig_e21.py,DOCX paragraph 758; extracted/draft.txt; q1q3_all90.json; e21_clip.json,video,,,,,,,PROVISIONAL,"Exact source statement retained; not independently confirmed merely by appearance in draft/page. Missing fields are unknown or inapplicable, not zero."
DRAFT-P0759,"The refutation constrains the theory: it separates “the reader should know how stale its input is” (true, §6.5 and here) from “the reader should be less confident about a stale input” (not the operative mechanism in a contractive system).",exploratory,draft prose,,DAVIS; SegTrack where specified,see exact claim/protocol,see source; not inferred,historical source; exact run identity not fully archived,audit_workspace/source/legacy/core.py; audit_workspace/source/legacy/fig_e21.py,DOCX paragraph 759; extracted/draft.txt; q1q3_all90.json; e21_clip.json,video,,,,,,,PROVISIONAL,"Exact source statement retained; not independently confirmed merely by appearance in draft/page. Missing fields are unknown or inapplicable, not zero."
DRAFT-P0761,"Question. Assembled into one runtime, does the pipeline deliver the fidelity it was asked for? Design. A quality model Q(tier, age, rate) is fitted on 45 training videos and used to choose; scoring always uses the measured quality, so the policy is graded on what happens rather than on what it predicted. 24,300 records over 45 held-out videos, 3 tolerances × 4 travel times × 3 motor powers.",exploratory,draft prose,,DAVIS; SegTrack where specified,see exact claim/protocol,see source; not inferred,historical source; exact run identity not fully archived,audit_workspace/source/legacy/core.py; audit_workspace/source/legacy/fig_e21.py,DOCX paragraph 761; extracted/draft.txt; q1q3_all90.json; e21_clip.json,video,,,,,,,PROVISIONAL,"Exact source statement retained; not independently confirmed merely by appearance in draft/page. Missing fields are unknown or inapplicable, not zero."
DRAFT-P0766,"Figure 8 — The pipeline, joined. (A) Meet rate of all five policies on 45 held-out videos. (B) Which half of the estimator carries the gain; bars are 95% bootstrap intervals over sequences. (C) Cost moves 119× across the travel sweep while the decision does not.",exploratory,draft prose,Figure 8,DAVIS; SegTrack where specified,see exact claim/protocol,see source; not inferred,historical source; exact run identity not fully archived,audit_workspace/source/legacy/core.py; audit_workspace/source/legacy/fig_e21.py,DOCX paragraph 766; extracted/draft.txt; q1q3_all90.json; e21_clip.json,video,,,,,,,PROVISIONAL,"Exact source statement retained; not independently confirmed merely by appearance in draft/page. Missing fields are unknown or inapplicable, not zero."
DRAFT-P0767,"Joint policy vs adapting neither. The fixed baseline is itself tuned by an exhaustive sweep on the training split, which is why it is hard to beat.",exploratory,draft prose,,DAVIS; SegTrack where specified,see exact claim/protocol,see source; not inferred,historical source; exact run identity not fully archived,audit_workspace/source/legacy/core.py; audit_workspace/source/legacy/fig_e21.py,DOCX paragraph 767; extracted/draft.txt; q1q3_all90.json; e21_clip.json,video,,,,,,,PROVISIONAL,"Exact source statement retained; not independently confirmed merely by appearance in draft/page. Missing fields are unknown or inapplicable, not zero."
DRAFT-P0839,"The pipeline delivers a large, significant gain exactly where the thesis says it should, for the world model, +28.9 and +30.0 points at the two tighter tolerances.",exploratory,draft prose,,DAVIS; SegTrack where specified,see exact claim/protocol,see source; not inferred,historical source; exact run identity not fully archived,audit_workspace/source/legacy/core.py; audit_workspace/source/legacy/fig_e21.py,DOCX paragraph 839; extracted/draft.txt; q1q3_all90.json; e21_clip.json,video,,,,,,,PROVISIONAL,"Exact source statement retained; not independently confirmed merely by appearance in draft/page. Missing fields are unknown or inapplicable, not zero."
DRAFT-P0840,"The world-model gain is carried by adapting the tier (+26.7 pt alone), i.e. by the representation requirement, the same axis §6.1 identifies. Where the planner and verifier gain at all, it comes from timing.",exploratory,draft prose,,DAVIS; SegTrack where specified,see exact claim/protocol,see source; not inferred,historical source; exact run identity not fully archived,audit_workspace/source/legacy/core.py; audit_workspace/source/legacy/fig_e21.py,DOCX paragraph 840; extracted/draft.txt; q1q3_all90.json; e21_clip.json,video,,,,,,,PROVISIONAL,"Exact source statement retained; not independently confirmed merely by appearance in draft/page. Missing fields are unknown or inapplicable, not zero."
DRAFT-P0841,"For the planner at the tightest tolerance the joint policy is significantly worse (−7.6 pt): a crude learned model loses to a well-tuned constant when the consumer's requirement is nearly flat. Reported, not suppressed.",exploratory,draft prose,,DAVIS; SegTrack where specified,see exact claim/protocol,see source; not inferred,historical source; exact run identity not fully archived,audit_workspace/source/legacy/core.py; audit_workspace/source/legacy/fig_e21.py,DOCX paragraph 841; extracted/draft.txt; q1q3_all90.json; e21_clip.json,video,,,,,,,PROVISIONAL,"Exact source statement retained; not independently confirmed merely by appearance in draft/page. Missing fields are unknown or inapplicable, not zero."
DRAFT-P0842,"Only the world model's policy responds to travel at all. At 0 ms it picks compressed visual refreshed every frame; from 200 ms onward it shifts about half its decisions to lossless with a longer refresh interval — buy a better copy, refresh it less often. The planner and verifier make identical choices at every travel time.",exploratory,draft prose,,DAVIS; SegTrack where specified,see exact claim/protocol,see source; not inferred,historical source; exact run identity not fully archived,audit_workspace/source/legacy/core.py; audit_workspace/source/legacy/fig_e21.py,DOCX paragraph 842; extracted/draft.txt; q1q3_all90.json; e21_clip.json,video,,,,,,,PROVISIONAL,"Exact source statement retained; not independently confirmed merely by appearance in draft/page. Missing fields are unknown or inapplicable, not zero."
DRAFT-P0875,6.8 End to end against stronger baselines — what FRAME does and does not buy,exploratory,draft prose,,DAVIS; SegTrack where specified,see exact claim/protocol,see source; not inferred,historical source; exact run identity not fully archived,audit_workspace/source/legacy/core.py; audit_workspace/source/legacy/fig_e21.py,DOCX paragraph 875; extracted/draft.txt; q1q3_all90.json; e21_clip.json,video,,,,,,,PROVISIONAL,"Exact source statement retained; not independently confirmed merely by appearance in draft/page. Missing fields are unknown or inapplicable, not zero."
DRAFT-P0906,"The gain is real but confined to the arm platform; the gimbal and mobile base degenerate to “always re-observe” and “always retrieve” respectively, where FRAME and the deadline are identical.",exploratory,draft prose,,DAVIS; SegTrack where specified,see exact claim/protocol,see source; not inferred,historical source; exact run identity not fully archived,audit_workspace/source/legacy/core.py; audit_workspace/source/legacy/fig_e21.py,DOCX paragraph 906; extracted/draft.txt; q1q3_all90.json; e21_clip.json,video,,,,,,,PROVISIONAL,"Exact source statement retained; not independently confirmed merely by appearance in draft/page. Missing fields are unknown or inapplicable, not zero."
DRAFT-P0907,"Versus the far stronger baseline of a per-consumer optimal threshold, swept with oracle access over two age distributions × five means:",exploratory,draft prose,,DAVIS; SegTrack where specified,see exact claim/protocol,see source; not inferred,historical source; exact run identity not fully archived,audit_workspace/source/legacy/core.py; audit_workspace/source/legacy/fig_e21.py,DOCX paragraph 907; extracted/draft.txt; q1q3_all90.json; e21_clip.json,video,,,,,,,PROVISIONAL,"Exact source statement retained; not independently confirmed merely by appearance in draft/page. Missing fields are unknown or inapplicable, not zero."
DRAFT-P0925,"FRAME does not beat this baseline. We state it plainly. The contribution is therefore (i) reaching the operating point without a sweep, a deployed system cannot run that sweep, because it requires exactly the per-video error the system is trying to avoid measuring — and (ii) making the error/energy frontier explicit: on the arm, FRAME spends 1,624.6 mJ per request against 1.8 mJ for never re-observing, a 902× energy increase, to buy a 7.8% error reduction. That trade should be visible to a system designer, not buried in a heuristic.",exploratory,draft prose,,DAVIS; SegTrack where specified,see exact claim/protocol,see source; not inferred,historical source; exact run identity not fully archived,audit_workspace/source/legacy/core.py; audit_workspace/source/legacy/fig_e21.py,DOCX paragraph 925; extracted/draft.txt; q1q3_all90.json; e21_clip.json,video,,,,,,,PROVISIONAL,"Exact source statement retained; not independently confirmed merely by appearance in draft/page. Missing fields are unknown or inapplicable, not zero."
DRAFT-P0930,"Why this experiment exists. The advisor's chain is fidelity requirement → representation → retrieve / re-observe / imagine. Everything above implements a two-way selector; the imagine arm had never been measured as a channel. It is not a new capability, a world model can always roll a stale latent forward to nowcast the present, but nobody had asked when doing so beats either reading the stale copy or paying to look again.",exploratory,draft prose,,DAVIS; SegTrack where specified,see exact claim/protocol,see source; not inferred,historical source; exact run identity not fully archived,audit_workspace/source/legacy/core.py; audit_workspace/source/legacy/fig_e21.py,DOCX paragraph 930; extracted/draft.txt; q1q3_all90.json; e21_clip.json,video,,,,,,,PROVISIONAL,"Exact source statement retained; not independently confirmed merely by appearance in draft/page. Missing fields are unknown or inapplicable, not zero."
DRAFT-P0931,"Design. For a memory captured at frame q and a query at frame q + Δ, four channels are scored by the same read-out and normalised by the same age-matched floor, so no channel can win by being given a better decoder. All channels are scored against the raw future grid, not its PCA image: scoring inside the subspace the dynamics lives in flattered every latent channel and roughly doubled the apparent gap (the first version reported 1.7×–9.6×; corrected here).",exploratory,draft prose,,DAVIS,see exact claim/protocol,see source; not inferred,historical source; exact run identity not fully archived,audit_workspace/source/legacy/relayout.py; audit_workspace/source/legacy/frame_ref.py,DOCX paragraph 931; extracted/draft.txt; relayout.json; frame_ref3.json,video,,,,,,,PROVISIONAL,"Exact source statement retained; not independently confirmed merely by appearance in draft/page. Missing fields are unknown or inapplicable, not zero."
DRAFT-P0932,retrieve read the stored latent as-is (accepts Delta frames of staleness),exploratory,draft prose,,synthetic serving,see exact claim/protocol,see source; not inferred,historical source; exact run identity not fully archived,audit_workspace/source/legacy/mp_store.py; audit_workspace/source/legacy/mt_store.py,DOCX paragraph 932; extracted/draft.txt; mp_store2.json; mt_store.json,run / synthetic trace,,,,,,,PROVISIONAL,"Exact source statement retained; not independently confirmed merely by appearance in draft/page. Missing fields are unknown or inapplicable, not zero."
DRAFT-P0933,imagine roll it forward Delta steps through the fitted transition,exploratory,draft prose,,DAVIS; SegTrack where specified,see exact claim/protocol,see source; not inferred,historical source; exact run identity not fully archived,audit_workspace/source/legacy/core.py; audit_workspace/source/legacy/fig_e21.py,DOCX paragraph 933; extracted/draft.txt; q1q3_all90.json; e21_clip.json,video,,,,,,,PROVISIONAL,"Exact source statement retained; not independently confirmed merely by appearance in draft/page. Missing fields are unknown or inapplicable, not zero."
DRAFT-P0935,re-observe(o) look again; the fresh frame is still o frames old on arrival,exploratory,draft prose,,DAVIS; SegTrack where specified,see exact claim/protocol,see source; not inferred,historical source; exact run identity not fully archived,audit_workspace/source/legacy/core.py; audit_workspace/source/legacy/fig_e21.py,DOCX paragraph 935; extracted/draft.txt; q1q3_all90.json; e21_clip.json,video,,,,,,,PROVISIONAL,"Exact source statement retained; not independently confirmed merely by appearance in draft/page. Missing fields are unknown or inapplicable, not zero."
DRAFT-P0937,"Figure 9 — The third channel. (A) Imagining forward dominates reading the copy at every age; retrieve crosses the floor at age 8, imagine never does. (B) The three-way selector map: retrieve is never the argmin. (C) The size of the effect, 1.4× to 5.3×, all eight ages significant.",exploratory,draft prose,Figure 9,DAVIS; SegTrack where specified,see exact claim/protocol,see source; not inferred,historical source; exact run identity not fully archived,audit_workspace/source/legacy/core.py; audit_workspace/source/legacy/fig_e21.py,DOCX paragraph 937; extracted/draft.txt; q1q3_all90.json; e21_clip.json,video,,,,,,,PROVISIONAL,"Exact source statement retained; not independently confirmed merely by appearance in draft/page. Missing fields are unknown or inapplicable, not zero."
DRAFT-P1012,"Imagining strictly dominates retrieving, at every age, by 1.4× to 5.3×; all eight comparisons are significant under a paired bootstrap over 86 sequences. The retrieve channel as ordinarily implemented, hand the reader the stale copy, is never the right choice for a world model.",exploratory,draft prose,,DAVIS; SegTrack where specified,see exact claim/protocol,see source; not inferred,historical source; exact run identity not fully archived,audit_workspace/source/legacy/core.py; audit_workspace/source/legacy/fig_e21.py,DOCX paragraph 1012; extracted/draft.txt; q1q3_all90.json; e21_clip.json,video,,,,,,,PROVISIONAL,"Exact source statement retained; not independently confirmed merely by appearance in draft/page. Missing fields are unknown or inapplicable, not zero."
DRAFT-P1013,"Imagining retires expiry outright. Retrieve crosses the zero-information floor at age 8, i.e. becomes worse than storing nothing; imagine never crosses it, reaching only 0.423 at age 30. This is a stronger result than the recalibration of §6.5, which reached 0.976 at the same age.",exploratory,draft prose,,DAVIS; SegTrack where specified,see exact claim/protocol,see source; not inferred,historical source; exact run identity not fully archived,audit_workspace/source/legacy/core.py; audit_workspace/source/legacy/fig_e21.py,DOCX paragraph 1013; extracted/draft.txt; q1q3_all90.json; e21_clip.json,video,,,,,,,NOT_SUPPORTED,Overclaimed; see RESULTS_AUDIT.md for protocol and statistical corrections.
DRAFT-P1014,"A genuine three-way crossing exists, and it is narrow. With an instantaneous fresh look (observation age 0) re-observing trivially wins everywhere. At observation age 2, a fast gimbal, imagine wins to age 12 and re-observe takes over from age 20. At observation age 5 or more, an arm or a mobile base, imagine wins at every age tested. The imagine channel therefore removes most of the region where re-observation was thought necessary.",exploratory,draft prose,,DAVIS; SegTrack where specified,see exact claim/protocol,see source; not inferred,historical source; exact run identity not fully archived,audit_workspace/source/legacy/core.py; audit_workspace/source/legacy/fig_e21.py,DOCX paragraph 1014; extracted/draft.txt; q1q3_all90.json; e21_clip.json,video,,,,,,,PROVISIONAL,"Exact source statement retained; not independently confirmed merely by appearance in draft/page. Missing fields are unknown or inapplicable, not zero."
DRAFT-P1015,"Consequence for the framework. The two-way selector of §4 is mis-specified for world-model readers. The correct primitive is not retrieve vs re-observe but imagine vs re-observe, with retrieval reduced to the mechanism that supplies imagination with its initial state.",exploratory,draft prose,,DAVIS; SegTrack where specified,see exact claim/protocol,see source; not inferred,historical source; exact run identity not fully archived,audit_workspace/source/legacy/core.py; audit_workspace/source/legacy/fig_e21.py,DOCX paragraph 1015; extracted/draft.txt; q1q3_all90.json; e21_clip.json,video,,,,,,,PROVISIONAL,"Exact source statement retained; not independently confirmed merely by appearance in draft/page. Missing fields are unknown or inapplicable, not zero."
DRAFT-P1016,"The three-way selector map. Which channel is the argmin, by memory age and observation age:",exploratory,draft prose,,DAVIS; SegTrack where specified,see exact claim/protocol,see source; not inferred,historical source; exact run identity not fully archived,audit_workspace/source/legacy/core.py; audit_workspace/source/legacy/fig_e21.py,DOCX paragraph 1016; extracted/draft.txt; q1q3_all90.json; e21_clip.json,video,,,,,,,PROVISIONAL,"Exact source statement retained; not independently confirmed merely by appearance in draft/page. Missing fields are unknown or inapplicable, not zero."
DRAFT-P1076,Every alternative explanation for the central result has a corresponding ablation. Each row varies one factor and holds the rest of the protocol fixed.,exploratory,draft prose,,DAVIS; SegTrack where specified,see exact claim/protocol,see source; not inferred,historical source; exact run identity not fully archived,audit_workspace/source/legacy/core.py; audit_workspace/source/legacy/fig_e21.py,DOCX paragraph 1076; extracted/draft.txt; q1q3_all90.json; e21_clip.json,video,,,,,,,PROVISIONAL,"Exact source statement retained; not independently confirmed merely by appearance in draft/page. Missing fields are unknown or inapplicable, not zero."
DRAFT-P1135,"8.1 Paradigm innovation — memory quality is relative to the reader, and the operative variable is the index, not the byte count",exploratory,draft prose,,DAVIS; SegTrack where specified,see exact claim/protocol,see source; not inferred,historical source; exact run identity not fully archived,audit_workspace/source/legacy/core.py; audit_workspace/source/legacy/fig_e21.py,DOCX paragraph 1135; extracted/draft.txt; q1q3_all90.json; e21_clip.json,video,,,,,,,PROVISIONAL,"Exact source statement retained; not independently confirmed merely by appearance in draft/page. Missing fields are unknown or inapplicable, not zero."
DRAFT-P1136,"Every prior provisioning signal is a scalar: bits, or distance to the original. We show that signal is not merely coarse but mis-specified, because a read-out addresses a record under an assumed convention, and information that is present but unaddressable is worth nothing. We therefore replace the one-dimensional provisioning axis with a two-dimensional one, how much fidelity × under what index, conditioned on the consumer, and recast memory provisioning from a compression problem into an interface problem.",exploratory,draft prose,,DAVIS; SegTrack where specified,see exact claim/protocol,see source; not inferred,historical source; exact run identity not fully archived,audit_workspace/source/legacy/core.py; audit_workspace/source/legacy/fig_e21.py,DOCX paragraph 1136; extracted/draft.txt; q1q3_all90.json; e21_clip.json,video,,,,,,,PROVISIONAL,"Exact source statement retained; not independently confirmed merely by appearance in draft/page. Missing fields are unknown or inapplicable, not zero."
DRAFT-P1137,"Design consequence. A store serving a world-model reader may not re-pack, re-order or re-tile its records; a store serving a symbolic planner may. This is a hard constraint on compaction, sharding and cache-eviction policy that a bytes-and-latency model of memory cannot express. Evidence: 20.7× loss from permutation alone, at identical bits (§6.1).",exploratory,draft prose,,DAVIS,see exact claim/protocol,see source; not inferred,historical source; exact run identity not fully archived,audit_workspace/source/legacy/relayout.py; audit_workspace/source/legacy/frame_ref.py,DOCX paragraph 1137; extracted/draft.txt; relayout.json; frame_ref3.json,video,,,,,,,PROVISIONAL,"Exact source statement retained; not independently confirmed merely by appearance in draft/page. Missing fields are unknown or inapplicable, not zero."
DRAFT-P1138,"8.2 Method and architecture innovation — FRAME, a consumer-aware and reference-aware memory runtime",exploratory,draft prose,,DAVIS; SegTrack where specified,see exact claim/protocol,see source; not inferred,historical source; exact run identity not fully archived,audit_workspace/source/legacy/core.py; audit_workspace/source/legacy/fig_e21.py,DOCX paragraph 1138; extracted/draft.txt; q1q3_all90.json; e21_clip.json,video,,,,,,,PROVISIONAL,"Exact source statement retained; not independently confirmed merely by appearance in draft/page. Missing fields are unknown or inapplicable, not zero."
DRAFT-P1139,"R_c(eps) returns a pair, representation tier and reference frame, rather than a byte count. Equivalent age A_c and observation age Delta_obs are expressed in the same unit, so the retrieve/re-observe decision needs no cost model and no online estimation: both of its arguments are already known to the runtime. Because A_c is near-linear while Delta_obs is concave, FRAME represents band-shaped boundaries that a deadline primitive cannot express at any threshold (2 of 18 cells). Evidence: assembled end to end and scored on 45 held-out videos, it raises the world model's meet rate by +28.9 and +30.0 points, with the gain carried specifically by the representation axis (§6.7). §6.9 completes the channel set: the selector is three-way, and for a world model the retrieve arm is dominated at every age (1.4×–5.3×), so the operative choice is imagine vs re-observe.",exploratory,draft prose,,DAVIS; SegTrack where specified,see exact claim/protocol,see source; not inferred,historical source; exact run identity not fully archived,audit_workspace/source/legacy/core.py; audit_workspace/source/legacy/fig_e21.py,DOCX paragraph 1139; extracted/draft.txt; q1q3_all90.json; e21_clip.json,video,,,,,,,PROVISIONAL,"Exact source statement retained; not independently confirmed merely by appearance in draft/page. Missing fields are unknown or inapplicable, not zero."
DRAFT-P1140,8.3 Validation innovation — CMR-Bench and the index-permutation diagnostic,exploratory,draft prose,,DAVIS,see exact claim/protocol,see source; not inferred,historical source; exact run identity not fully archived,audit_workspace/source/legacy/relayout.py; audit_workspace/source/legacy/frame_ref.py,DOCX paragraph 1140; extracted/draft.txt; relayout.json; frame_ref3.json,video,,,,,,,PROVISIONAL,"Exact source statement retained; not independently confirmed merely by appearance in draft/page. Missing fields are unknown or inapplicable, not zero."
DRAFT-P1141,The first protocol that scores a memory against the reader that consumes it: 90 + 13 videos × 3 consumers × 7 tiers × 9 staleness levels × 3 backbones. Two methodological pieces are reusable beyond this work.,exploratory,draft prose,,DAVIS; SegTrack where specified,see exact claim/protocol,see source; not inferred,historical source; exact run identity not fully archived,audit_workspace/source/legacy/core.py; audit_workspace/source/legacy/fig_e21.py,DOCX paragraph 1141; extracted/draft.txt; q1q3_all90.json; e21_clip.json,video,,,,,,,PROVISIONAL,"Exact source statement retained; not independently confirmed merely by appearance in draft/page. Missing fields are unknown or inapplicable, not zero."
DRAFT-P1142,"The age-matched zero-information floor gives every cell a common denominator in which 1.0 always means “worth nothing”. Without it, a method that improves its own floor scores itself, the difference between 8 of 9 and 3 of 9 non-expiring cells.",exploratory,draft prose,,DAVIS; SegTrack where specified,see exact claim/protocol,see source; not inferred,historical source; exact run identity not fully archived,audit_workspace/source/legacy/core.py; audit_workspace/source/legacy/fig_e21.py,DOCX paragraph 1142; extracted/draft.txt; q1q3_all90.json; e21_clip.json,video,,,,,,,NOT_SUPPORTED,Overclaimed; see RESULTS_AUDIT.md for protocol and statistical corrections.
DRAFT-P1143,"The index-permutation control holds bits, byte count and channel rank exactly constant while removing only the addressing agreement, converting a correlational claim about representations into an intervention.",exploratory,draft prose,,DAVIS,see exact claim/protocol,see source; not inferred,historical source; exact run identity not fully archived,audit_workspace/source/legacy/relayout.py; audit_workspace/source/legacy/frame_ref.py,DOCX paragraph 1143; extracted/draft.txt; relayout.json; frame_ref3.json,video,,,,,,,PROVISIONAL,"Exact source statement retained; not independently confirmed merely by appearance in draft/page. Missing fields are unknown or inapplicable, not zero."
DRAFT-P1145,"The confirmatory family is corrected together by Holm step-down at alpha = 0.05. All 18 of 18 survive; the weakest surviving claim is p = 0.0071. Intervals are paired bootstraps over videos, resampling the unit each claim generalises over. §6.1 is bootstrapped separately over its 30 unseen videos and is not a member of that family.",exploratory,draft prose,,DAVIS; SegTrack where specified,see exact claim/protocol,see source; not inferred,historical source; exact run identity not fully archived,audit_workspace/source/legacy/core.py; audit_workspace/source/legacy/fig_e21.py,DOCX paragraph 1145; extracted/draft.txt; q1q3_all90.json; e21_clip.json,video,,,,,,,PROVISIONAL,"Exact source statement retained; not independently confirmed merely by appearance in draft/page. Missing fields are unknown or inapplicable, not zero."
DRAFT-P1283,§6.1 is single-backbone. The recalibration result reproduces on 3 backbones × 2 datasets; index alignment currently rests on DINOv2 under one protocol. This is the first replication to run.,exploratory,draft prose,,DAVIS,see exact claim/protocol,see source; not inferred,historical source; exact run identity not fully archived,audit_workspace/source/legacy/relayout.py; audit_workspace/source/legacy/frame_ref.py,DOCX paragraph 1283; extracted/draft.txt; relayout.json; frame_ref3.json,video,,,,,,,PROVISIONAL,"Exact source statement retained; not independently confirmed merely by appearance in draft/page. Missing fields are unknown or inapplicable, not zero."
DRAFT-P1284,"Calibration needs ground truth, bounded at 3–20 videos, but offline and mask-dependent.",exploratory,draft prose,,DAVIS; SegTrack where specified,see exact claim/protocol,see source; not inferred,historical source; exact run identity not fully archived,audit_workspace/source/legacy/core.py; audit_workspace/source/legacy/fig_e21.py,DOCX paragraph 1284; extracted/draft.txt; q1q3_all90.json; e21_clip.json,video,,,,,,,PROVISIONAL,"Exact source statement retained; not independently confirmed merely by appearance in draft/page. Missing fields are unknown or inapplicable, not zero."
DRAFT-P1285,"The verifier is unresolved on the index axis, at its floor in every cell of §6.1.",exploratory,draft prose,,DAVIS; SegTrack where specified,see exact claim/protocol,see source; not inferred,historical source; exact run identity not fully archived,audit_workspace/source/legacy/core.py; audit_workspace/source/legacy/fig_e21.py,DOCX paragraph 1285; extracted/draft.txt; q1q3_all90.json; e21_clip.json,video,,,,,,,PROVISIONAL,"Exact source statement retained; not independently confirmed merely by appearance in draft/page. Missing fields are unknown or inapplicable, not zero."
DRAFT-P1286,"The travel sweep is too coarse to resolve its own threshold. Selector choices are identical at 200, 1,000 and 2,000 ms; the crossing lies somewhere in 0–200 ms and is unlocated.",exploratory,draft prose,,DAVIS; SegTrack where specified,see exact claim/protocol,see source; not inferred,historical source; exact run identity not fully archived,audit_workspace/source/legacy/core.py; audit_workspace/source/legacy/fig_e21.py,DOCX paragraph 1286; extracted/draft.txt; q1q3_all90.json; e21_clip.json,video,,,,,,,PROVISIONAL,"Exact source statement retained; not independently confirmed merely by appearance in draft/page. Missing fields are unknown or inapplicable, not zero."
DRAFT-P1287,"Single-domain video. DAVIS and SegTrack are short, object-centric clips; SegTrack's 13 sequences are read for sign only.",exploratory,draft prose,,DAVIS; SegTrack where specified,see exact claim/protocol,see source; not inferred,historical source; exact run identity not fully archived,audit_workspace/source/legacy/core.py; audit_workspace/source/legacy/fig_e21.py,DOCX paragraph 1287; extracted/draft.txt; q1q3_all90.json; e21_clip.json,video,,,,,,,PROVISIONAL,"Exact source statement retained; not independently confirmed merely by appearance in draft/page. Missing fields are unknown or inapplicable, not zero."
DRAFT-P1288,"The imagine channel is measured for the world model only (§6.9), and its transition is a per-sequence linear model, not a trained world model. Both are open items.",exploratory,draft prose,,DAVIS; SegTrack where specified,see exact claim/protocol,see source; not inferred,historical source; exact run identity not fully archived,audit_workspace/source/legacy/core.py; audit_workspace/source/legacy/fig_e21.py,DOCX paragraph 1288; extracted/draft.txt; q1q3_all90.json; e21_clip.json,video,,,,,,,PROVISIONAL,"Exact source statement retained; not independently confirmed merely by appearance in draft/page. Missing fields are unknown or inapplicable, not zero."
DRAFT-P1289,"Consumers are read-outs over frozen features, not deployed policies, and no result comes from hardware.",exploratory,draft prose,,DAVIS; SegTrack where specified,see exact claim/protocol,see source; not inferred,historical source; exact run identity not fully archived,audit_workspace/source/legacy/core.py; audit_workspace/source/legacy/fig_e21.py,DOCX paragraph 1289; extracted/draft.txt; q1q3_all90.json; e21_clip.json,video,,,,,,,PROVISIONAL,"Exact source statement retained; not independently confirmed merely by appearance in draft/page. Missing fields are unknown or inapplicable, not zero."
DRAFT-P1290,"The construction guarantee is weaker than we claimed. We argued the shrinkage family contains the prior and so cannot fall far below the floor. That holds on fitted frames only; on held-out frames just 5 of 12 cells across four sources stop at or below the floor. This makes the three world-model cells a measurement rather than a construction — stronger as a claim, at the cost of the guarantee.",exploratory,draft prose,,DAVIS; SegTrack where specified,see exact claim/protocol,see source; not inferred,historical source; exact run identity not fully archived,audit_workspace/source/legacy/core.py; audit_workspace/source/legacy/fig_e21.py,DOCX paragraph 1290; extracted/draft.txt; q1q3_all90.json; e21_clip.json,video,,,,,,,PROVISIONAL,"Exact source statement retained; not independently confirmed merely by appearance in draft/page. Missing fields are unknown or inapplicable, not zero."
DRAFT-P1510,"Self-check. The lossless tier's row is exactly the diagonal (A_c = Delta) for all three consumers, which it must be by definition. That the table reproduces it is a correctness check on the estimator, not a result.",exploratory,draft prose,,DAVIS; SegTrack where specified,see exact claim/protocol,see source; not inferred,historical source; exact run identity not fully archived,audit_workspace/source/legacy/core.py; audit_workspace/source/legacy/fig_e21.py,DOCX paragraph 1510; extracted/draft.txt; q1q3_all90.json; e21_clip.json,video,,,,,,,PROVISIONAL,"Exact source statement retained; not independently confirmed merely by appearance in draft/page. Missing fields are unknown or inapplicable, not zero."
DRAFT-P1511,"An independent corroboration of §6.1, from a different protocol. Read the world-model table by slope rather than by value. The 576-byte spatially indexed tier ages at slope ≈ 1 with an offset near zero, it ages exactly like a lossless frame, at 1/820th the size. The object-referenced tiers do the opposite: the 6-byte structured tier is nearly flat (5.6 → 9.8 over thirty frames), a fixed penalty the world model can never work off. The same pattern appears per consumer: the 1-byte predicate is effectively lossless for the planner (A_c = 0 at staleness 0) and a constant ~4-frame penalty for the world model.",exploratory,draft prose,,DAVIS; SegTrack where specified,see exact claim/protocol,see source; not inferred,historical source; exact run identity not fully archived,audit_workspace/source/legacy/core.py; audit_workspace/source/legacy/fig_e21.py,DOCX paragraph 1511; extracted/draft.txt; q1q3_all90.json; e21_clip.json,video,,,,,,,PROVISIONAL,"Exact source statement retained; not independently confirmed merely by appearance in draft/page. Missing fields are unknown or inapplicable, not zero."
DRAFT-P1787,"The actuation time at which retrieving and re-observing break even, the quantity the crossing point actually lives on.",exploratory,draft prose,,DAVIS; SegTrack where specified,see exact claim/protocol,see source; not inferred,historical source; exact run identity not fully archived,audit_workspace/source/legacy/core.py; audit_workspace/source/legacy/fig_e21.py,DOCX paragraph 1787; extracted/draft.txt; q1q3_all90.json; e21_clip.json,video,,,,,,,PROVISIONAL,"Exact source statement retained; not independently confirmed merely by appearance in draft/page. Missing fields are unknown or inapplicable, not zero."
DRAFT-P1868,"Every requirement stated in the two rounds of feedback, checked against where it is met. One item — the imagine channel — was absent from all earlier drafts and is closed by §6.9.",exploratory,draft prose,,DAVIS; SegTrack where specified,see exact claim/protocol,see source; not inferred,historical source; exact run identity not fully archived,audit_workspace/source/legacy/core.py; audit_workspace/source/legacy/fig_e21.py,DOCX paragraph 1868; extracted/draft.txt; q1q3_all90.json; e21_clip.json,video,,,,,,,PROVISIONAL,"Exact source statement retained; not independently confirmed merely by appearance in draft/page. Missing fields are unknown or inapplicable, not zero."
DRAFT-P1916,"Every number in this document was regenerated from the run artefacts rather than transcribed. That pass corrected seven values that appeared in earlier drafts, and this audit added two more. Use this document where it disagrees with any earlier version.",exploratory,draft prose,,DAVIS; SegTrack where specified,see exact claim/protocol,see source; not inferred,historical source; exact run identity not fully archived,audit_workspace/source/legacy/core.py; audit_workspace/source/legacy/fig_e21.py,DOCX paragraph 1916; extracted/draft.txt; q1q3_all90.json; e21_clip.json,video,,,,,,,PROVISIONAL,"Exact source statement retained; not independently confirmed merely by appearance in draft/page. Missing fields are unknown or inapplicable, not zero."
DRAFT-T01-R01,"Latent / token compression | Reconstruction error under a byte budget | That the optimum is frequently not the largest tier, and inverts across readers",exploratory,draft table 1,table 1 (OOXML ordinal),DAVIS; SegTrack where specified,see exact claim/protocol,see source; not inferred,historical source; exact run identity not fully archived,audit_workspace/source/legacy/core.py; audit_workspace/source/legacy/fig_e21.py,"DOCX table 1, row 2; q1q3_all90.json; e21_clip.json",video,,,,,,,PROVISIONAL,"Exact source statement retained; not independently confirmed merely by appearance in draft/page. Missing fields are unknown or inapplicable, not zero."
DRAFT-T01-R02,"Episodic memory banks, retrieval-augmented world models | Recency, embedding similarity | That usefulness expires at a rate set by the reader, not the record",exploratory,draft table 1,table 1 (OOXML ordinal),DAVIS; SegTrack where specified,see exact claim/protocol,see source; not inferred,historical source; exact run identity not fully archived,audit_workspace/source/legacy/core.py; audit_workspace/source/legacy/fig_e21.py,"DOCX table 1, row 3; q1q3_all90.json; e21_clip.json",video,,,,,,,PROVISIONAL,"Exact source statement retained; not independently confirmed merely by appearance in draft/page. Missing fields are unknown or inapplicable, not zero."
DRAFT-T01-R03,KV-cache eviction | Observed attention mass | That re-packing or re-ordering a record can destroy it for one reader and not another,exploratory,draft table 1,table 1 (OOXML ordinal),DAVIS; SegTrack where specified,see exact claim/protocol,see source; not inferred,historical source; exact run identity not fully archived,audit_workspace/source/legacy/core.py; audit_workspace/source/legacy/fig_e21.py,"DOCX table 1, row 4; q1q3_all90.json; e21_clip.json",video,,,,,,,PROVISIONAL,"Exact source statement retained; not independently confirmed merely by appearance in draft/page. Missing fields are unknown or inapplicable, not zero."
DRAFT-T01-R04,Active perception / next-best-view | Information gain vs actuation cost | That the two channels never cross on cost; the crossing is a travel horizon,exploratory,draft table 1,table 1 (OOXML ordinal),DAVIS; SegTrack where specified,see exact claim/protocol,see source; not inferred,historical source; exact run identity not fully archived,audit_workspace/source/legacy/core.py; audit_workspace/source/legacy/fig_e21.py,"DOCX table 1, row 5; q1q3_all90.json; e21_clip.json",video,,,,,,,PROVISIONAL,"Exact source statement retained; not independently confirmed merely by appearance in draft/page. Missing fields are unknown or inapplicable, not zero."
DRAFT-T01-R05,FRAME (this work) | Consumer-conditioned distortion on two axes: fidelity requirement × reference frame | —,exploratory,draft table 1,table 1 (OOXML ordinal),DAVIS; SegTrack where specified,see exact claim/protocol,see source; not inferred,historical source; exact run identity not fully archived,audit_workspace/source/legacy/core.py; audit_workspace/source/legacy/fig_e21.py,"DOCX table 1, row 6; q1q3_all90.json; e21_clip.json",video,,,,,,,PROVISIONAL,"Exact source statement retained; not independently confirmed merely by appearance in draft/page. Missing fields are unknown or inapplicable, not zero."
DRAFT-T02-R01,Videos | 90 DAVIS 2017 + 13 SegTrack v2 (cross-dataset check),exploratory,draft table 2,table 2 (OOXML ordinal),DAVIS; SegTrack where specified,see exact claim/protocol,see source; not inferred,historical source; exact run identity not fully archived,audit_workspace/source/legacy/core.py; audit_workspace/source/legacy/fig_e21.py,"DOCX table 2, row 2; q1q3_all90.json; e21_clip.json",video,,,,,,,PROVISIONAL,"Exact source statement retained; not independently confirmed merely by appearance in draft/page. Missing fields are unknown or inapplicable, not zero."
DRAFT-T02-R02,Consumers | Planner (symbolic predicate) · Verifier (calibrated position + area) · World model (patch-latent drift),exploratory,draft table 2,table 2 (OOXML ordinal),DAVIS; SegTrack where specified,see exact claim/protocol,see source; not inferred,historical source; exact run identity not fully archived,audit_workspace/source/legacy/core.py; audit_workspace/source/legacy/fig_e21.py,"DOCX table 2, row 3; q1q3_all90.json; e21_clip.json",video,,,,,,,PROVISIONAL,"Exact source statement retained; not independently confirmed merely by appearance in draft/page. Missing fields are unknown or inapplicable, not zero."
DRAFT-T02-R03,"Representation tiers | 7 rungs, 1 B to 463 KB: predicate, structured, spatial latent, JPEG, lossless",exploratory,draft table 2,table 2 (OOXML ordinal),DAVIS; SegTrack where specified,see exact claim/protocol,see source; not inferred,historical source; exact run identity not fully archived,audit_workspace/source/legacy/core.py; audit_workspace/source/legacy/fig_e21.py,"DOCX table 2, row 4; q1q3_all90.json; e21_clip.json",video,,,,,,,PROVISIONAL,"Exact source statement retained; not independently confirmed merely by appearance in draft/page. Missing fields are unknown or inapplicable, not zero."
DRAFT-T02-R04,Reference frames | Scene-referenced · object-referenced · index-permuted (diagnostic),exploratory,draft table 2,table 2 (OOXML ordinal),DAVIS,see exact claim/protocol,see source; not inferred,historical source; exact run identity not fully archived,audit_workspace/source/legacy/relayout.py; audit_workspace/source/legacy/frame_ref.py,"DOCX table 2, row 5; relayout.json; frame_ref3.json",video,,,,,,,PROVISIONAL,"Exact source statement retained; not independently confirmed merely by appearance in draft/page. Missing fields are unknown or inapplicable, not zero."
DRAFT-T02-R05,"Staleness | 9 levels, 0 to 30 frames",exploratory,draft table 2,table 2 (OOXML ordinal),DAVIS; SegTrack where specified,see exact claim/protocol,see source; not inferred,historical source; exact run identity not fully archived,audit_workspace/source/legacy/core.py; audit_workspace/source/legacy/fig_e21.py,"DOCX table 2, row 6; q1q3_all90.json; e21_clip.json",video,,,,,,,PROVISIONAL,"Exact source statement retained; not independently confirmed merely by appearance in draft/page. Missing fields are unknown or inapplicable, not zero."
DRAFT-T02-R06,"Backbones | DINOv2 ViT-S/14 · CLIP ViT-B/16 · ConvNeXt-Tiny, all frozen",exploratory,draft table 2,table 2 (OOXML ordinal),DAVIS; SegTrack where specified,see exact claim/protocol,see source; not inferred,historical source; exact run identity not fully archived,audit_workspace/source/legacy/core.py; audit_workspace/source/legacy/fig_e21.py,"DOCX table 2, row 7; q1q3_all90.json; e21_clip.json",video,,,,,,,PROVISIONAL,"Exact source statement retained; not independently confirmed merely by appearance in draft/page. Missing fields are unknown or inapplicable, not zero."
DRAFT-T02-R07,Normalisation | Age-matched zero-information floor: 1.0 = the memory is worth nothing to that reader,exploratory,draft table 2,table 2 (OOXML ordinal),DAVIS; SegTrack where specified,see exact claim/protocol,see source; not inferred,historical source; exact run identity not fully archived,audit_workspace/source/legacy/core.py; audit_workspace/source/legacy/fig_e21.py,"DOCX table 2, row 8; q1q3_all90.json; e21_clip.json",video,,,,,,,NOT_SUPPORTED,Overclaimed; see RESULTS_AUDIT.md for protocol and statistical corrections.
DRAFT-T02-R08,Statistics | Paired bootstrap over videos; Holm step-down over the confirmatory family,exploratory,draft table 2,table 2 (OOXML ordinal),DAVIS; SegTrack where specified,see exact claim/protocol,see source; not inferred,historical source; exact run identity not fully archived,audit_workspace/source/legacy/core.py; audit_workspace/source/legacy/fig_e21.py,"DOCX table 2, row 9; q1q3_all90.json; e21_clip.json",video,,,,,,,PROVISIONAL,"Exact source statement retained; not independently confirmed merely by appearance in draft/page. Missing fields are unknown or inapplicable, not zero."
DRAFT-T04-R01,"Per-sequence | Per video: even frames fit, odd frames evaluate; basis and decoder fitted per video | §6.2, §6.4, §6.5, §6.6 | Capacity and linearity of the read-out; how staleness degrades it",exploratory,draft table 4,table 4 (OOXML ordinal),synthetic serving,see exact claim/protocol,see source; not inferred,historical source; exact run identity not fully archived,audit_workspace/source/legacy/mp_store.py; audit_workspace/source/legacy/mt_store.py,"DOCX table 4, row 2; mp_store2.json; mt_store.json",run / synthetic trace,,,,,,,PROVISIONAL,"Exact source statement retained; not independently confirmed merely by appearance in draft/page. Missing fields are unknown or inapplicable, not zero."
DRAFT-T04-R02,"Cross-video | Fit on 60 videos, evaluate on 30 unseen; one global read-out and basis | §6.1, §6.7 | Whether a representation transfers, and whether a per-video permutation can be inverted",exploratory,draft table 4,table 4 (OOXML ordinal),DAVIS,see exact claim/protocol,see source; not inferred,historical source; exact run identity not fully archived,audit_workspace/source/legacy/relayout.py; audit_workspace/source/legacy/frame_ref.py,"DOCX table 4, row 3; relayout.json; frame_ref3.json",video,,,,,,,PROVISIONAL,"Exact source statement retained; not independently confirmed merely by appearance in draft/page. Missing fields are unknown or inapplicable, not zero."
DRAFT-T05-R01,"Bytes — the world model may just need more bits | Both families matched in dimension to <1% (144/143, 1152/1146, 9216/9203), asserted at run time",exploratory,draft table 5,table 5 (OOXML ordinal),DAVIS; SegTrack where specified,see exact claim/protocol,see source; not inferred,historical source; exact run identity not fully archived,audit_workspace/source/legacy/core.py; audit_workspace/source/legacy/fig_e21.py,"DOCX table 5, row 2; q1q3_all90.json; e21_clip.json",video,,,,,,,PROVISIONAL,"Exact source statement retained; not independently confirmed merely by appearance in draft/page. Missing fields are unknown or inapplicable, not zero."
DRAFT-T05-R02,"Capacity — the object family may saturate because it runs out of room | The object family is pooled onto a grid inside the object box (2×2 to 5×5), so it scales with budget while staying object-indexed",exploratory,draft table 5,table 5 (OOXML ordinal),DAVIS,see exact claim/protocol,see source; not inferred,historical source; exact run identity not fully archived,audit_workspace/source/legacy/relayout.py; audit_workspace/source/legacy/frame_ref.py,"DOCX table 5, row 3; relayout.json; frame_ref3.json",video,,,,,,,PROVISIONAL,"Exact source statement retained; not independently confirmed merely by appearance in draft/page. Missing fields are unknown or inapplicable, not zero."
DRAFT-T05-R03,"Circularity — a scene payload storing patch latents may serve a patch-latent read-out by construction | A third family carries identical bits under a per-video random permutation of cells, fixed within a video, unknown to the global read-out",exploratory,draft table 5,table 5 (OOXML ordinal),DAVIS,see exact claim/protocol,see source; not inferred,historical source; exact run identity not fully archived,audit_workspace/source/legacy/relayout.py; audit_workspace/source/legacy/frame_ref.py,"DOCX table 5, row 4; relayout.json; frame_ref3.json",video,,,,,,,PROVISIONAL,"Exact source statement retained; not independently confirmed merely by appearance in draft/page. Missing fields are unknown or inapplicable, not zero."
DRAFT-T06-R01,~600 B | Scene-referenced | 144 | 0.912 | 1.005 | 0.836,exploratory,draft table 6,table 6 (OOXML ordinal),DAVIS; SegTrack where specified,see exact claim/protocol,see source; not inferred,historical source; exact run identity not fully archived,audit_workspace/source/legacy/core.py; audit_workspace/source/legacy/fig_e21.py,"DOCX table 6, row 2; q1q3_all90.json; e21_clip.json",video,,,,,,,PROVISIONAL,"Exact source statement retained; not independently confirmed merely by appearance in draft/page. Missing fields are unknown or inapplicable, not zero."
DRAFT-T06-R02,~600 B | Object-referenced | 143 | 0.847 | 1.040 | 0.728,exploratory,draft table 6,table 6 (OOXML ordinal),DAVIS; SegTrack where specified,see exact claim/protocol,see source; not inferred,historical source; exact run identity not fully archived,audit_workspace/source/legacy/core.py; audit_workspace/source/legacy/fig_e21.py,"DOCX table 6, row 3; q1q3_all90.json; e21_clip.json",video,,,,,,,PROVISIONAL,"Exact source statement retained; not independently confirmed merely by appearance in draft/page. Missing fields are unknown or inapplicable, not zero."
DRAFT-T06-R03,"~600 B | Scene, index permuted | 144 | 0.894 | 1.065 | 2.027",exploratory,draft table 6,table 6 (OOXML ordinal),DAVIS,see exact claim/protocol,see source; not inferred,historical source; exact run identity not fully archived,audit_workspace/source/legacy/relayout.py; audit_workspace/source/legacy/frame_ref.py,"DOCX table 6, row 4; relayout.json; frame_ref3.json",video,,,,,,,PROVISIONAL,"Exact source statement retained; not independently confirmed merely by appearance in draft/page. Missing fields are unknown or inapplicable, not zero."
DRAFT-T06-R04,"~4.6 KB | Scene-referenced | 1,152 | 0.748 | 1.015 | 0.719",exploratory,draft table 6,table 6 (OOXML ordinal),DAVIS; SegTrack where specified,see exact claim/protocol,see source; not inferred,historical source; exact run identity not fully archived,audit_workspace/source/legacy/core.py; audit_workspace/source/legacy/fig_e21.py,"DOCX table 6, row 5; q1q3_all90.json; e21_clip.json",video,,,,,,,PROVISIONAL,"Exact source statement retained; not independently confirmed merely by appearance in draft/page. Missing fields are unknown or inapplicable, not zero."
DRAFT-T06-R05,"~4.6 KB | Object-referenced | 1,146 | 0.836 | 1.034 | 0.729",exploratory,draft table 6,table 6 (OOXML ordinal),DAVIS; SegTrack where specified,see exact claim/protocol,see source; not inferred,historical source; exact run identity not fully archived,audit_workspace/source/legacy/core.py; audit_workspace/source/legacy/fig_e21.py,"DOCX table 6, row 6; q1q3_all90.json; e21_clip.json",video,,,,,,,PROVISIONAL,"Exact source statement retained; not independently confirmed merely by appearance in draft/page. Missing fields are unknown or inapplicable, not zero."
DRAFT-T06-R06,"~4.6 KB | Scene, index permuted | 1,152 | 0.969 | 1.071 | 1.916",exploratory,draft table 6,table 6 (OOXML ordinal),DAVIS,see exact claim/protocol,see source; not inferred,historical source; exact run identity not fully archived,audit_workspace/source/legacy/relayout.py; audit_workspace/source/legacy/frame_ref.py,"DOCX table 6, row 7; relayout.json; frame_ref3.json",video,,,,,,,PROVISIONAL,"Exact source statement retained; not independently confirmed merely by appearance in draft/page. Missing fields are unknown or inapplicable, not zero."
DRAFT-T06-R07,"~37 KB | Scene-referenced | 9,216 | 0.960 | 0.951 | 0.052",exploratory,draft table 6,table 6 (OOXML ordinal),DAVIS; SegTrack where specified,see exact claim/protocol,see source; not inferred,historical source; exact run identity not fully archived,audit_workspace/source/legacy/core.py; audit_workspace/source/legacy/fig_e21.py,"DOCX table 6, row 8; q1q3_all90.json; e21_clip.json",video,,,,,,,PROVISIONAL,"Exact source statement retained; not independently confirmed merely by appearance in draft/page. Missing fields are unknown or inapplicable, not zero."
DRAFT-T06-R08,"~37 KB | Object-referenced | 9,203 | 1.040 | 1.028 | 0.729",exploratory,draft table 6,table 6 (OOXML ordinal),DAVIS; SegTrack where specified,see exact claim/protocol,see source; not inferred,historical source; exact run identity not fully archived,audit_workspace/source/legacy/core.py; audit_workspace/source/legacy/fig_e21.py,"DOCX table 6, row 9; q1q3_all90.json; e21_clip.json",video,,,,,,,PROVISIONAL,"Exact source statement retained; not independently confirmed merely by appearance in draft/page. Missing fields are unknown or inapplicable, not zero."
DRAFT-T06-R09,"~37 KB | Scene, index permuted | 9,216 | 1.000 | 1.072 | 1.082",exploratory,draft table 6,table 6 (OOXML ordinal),DAVIS,see exact claim/protocol,see source; not inferred,historical source; exact run identity not fully archived,audit_workspace/source/legacy/relayout.py; audit_workspace/source/legacy/frame_ref.py,"DOCX table 6, row 10; relayout.json; frame_ref3.json",video,,,,,,,PROVISIONAL,"Exact source statement retained; not independently confirmed merely by appearance in draft/page. Missing fields are unknown or inapplicable, not zero."
DRAFT-T07-R01,"~600 B | Planner | 0.912 | 0.894 | 0.98x | [-0.219, +0.183] | no",exploratory,draft table 7,table 7 (OOXML ordinal),DAVIS; SegTrack where specified,see exact claim/protocol,see source; not inferred,historical source; exact run identity not fully archived,audit_workspace/source/legacy/core.py; audit_workspace/source/legacy/fig_e21.py,"DOCX table 7, row 2; q1q3_all90.json; e21_clip.json",video,,,,,,,PROVISIONAL,"Exact source statement retained; not independently confirmed merely by appearance in draft/page. Missing fields are unknown or inapplicable, not zero."
DRAFT-T07-R02,"~600 B | Verifier | 1.005 | 1.065 | 1.06x | [+0.010, +0.109] | yes",exploratory,draft table 7,table 7 (OOXML ordinal),DAVIS; SegTrack where specified,see exact claim/protocol,see source; not inferred,historical source; exact run identity not fully archived,audit_workspace/source/legacy/core.py; audit_workspace/source/legacy/fig_e21.py,"DOCX table 7, row 3; q1q3_all90.json; e21_clip.json",video,,,,,,,PROVISIONAL,"Exact source statement retained; not independently confirmed merely by appearance in draft/page. Missing fields are unknown or inapplicable, not zero."
DRAFT-T07-R03,"~600 B | World model | 0.836 | 2.027 | 2.43x | [+0.393, +0.616] | yes",exploratory,draft table 7,table 7 (OOXML ordinal),DAVIS; SegTrack where specified,see exact claim/protocol,see source; not inferred,historical source; exact run identity not fully archived,audit_workspace/source/legacy/core.py; audit_workspace/source/legacy/fig_e21.py,"DOCX table 7, row 4; q1q3_all90.json; e21_clip.json",video,,,,,,,PROVISIONAL,"Exact source statement retained; not independently confirmed merely by appearance in draft/page. Missing fields are unknown or inapplicable, not zero."
DRAFT-T07-R04,"~4.6 KB | Planner | 0.748 | 0.969 | 1.30x | [-0.049, +0.283] | no",exploratory,draft table 7,table 7 (OOXML ordinal),DAVIS; SegTrack where specified,see exact claim/protocol,see source; not inferred,historical source; exact run identity not fully archived,audit_workspace/source/legacy/core.py; audit_workspace/source/legacy/fig_e21.py,"DOCX table 7, row 5; q1q3_all90.json; e21_clip.json",video,,,,,,,PROVISIONAL,"Exact source statement retained; not independently confirmed merely by appearance in draft/page. Missing fields are unknown or inapplicable, not zero."
DRAFT-T07-R05,"~4.6 KB | Verifier | 1.015 | 1.071 | 1.06x | [+0.020, +0.088] | yes",exploratory,draft table 7,table 7 (OOXML ordinal),DAVIS; SegTrack where specified,see exact claim/protocol,see source; not inferred,historical source; exact run identity not fully archived,audit_workspace/source/legacy/core.py; audit_workspace/source/legacy/fig_e21.py,"DOCX table 7, row 6; q1q3_all90.json; e21_clip.json",video,,,,,,,PROVISIONAL,"Exact source statement retained; not independently confirmed merely by appearance in draft/page. Missing fields are unknown or inapplicable, not zero."
DRAFT-T07-R06,"~4.6 KB | World model | 0.719 | 1.916 | 2.67x | [+0.429, +0.602] | yes",exploratory,draft table 7,table 7 (OOXML ordinal),DAVIS; SegTrack where specified,see exact claim/protocol,see source; not inferred,historical source; exact run identity not fully archived,audit_workspace/source/legacy/core.py; audit_workspace/source/legacy/fig_e21.py,"DOCX table 7, row 7; q1q3_all90.json; e21_clip.json",video,,,,,,,PROVISIONAL,"Exact source statement retained; not independently confirmed merely by appearance in draft/page. Missing fields are unknown or inapplicable, not zero."
DRAFT-T07-R07,"~37 KB | Planner | 0.960 | 1.000 | 1.04x | [-0.115, +0.164] | no",exploratory,draft table 7,table 7 (OOXML ordinal),DAVIS; SegTrack where specified,see exact claim/protocol,see source; not inferred,historical source; exact run identity not fully archived,audit_workspace/source/legacy/core.py; audit_workspace/source/legacy/fig_e21.py,"DOCX table 7, row 8; q1q3_all90.json; e21_clip.json",video,,,,,,,PROVISIONAL,"Exact source statement retained; not independently confirmed merely by appearance in draft/page. Missing fields are unknown or inapplicable, not zero."
DRAFT-T07-R08,"~37 KB | Verifier | 0.951 | 1.072 | 1.13x | [+0.072, +0.180] | yes",exploratory,draft table 7,table 7 (OOXML ordinal),DAVIS; SegTrack where specified,see exact claim/protocol,see source; not inferred,historical source; exact run identity not fully archived,audit_workspace/source/legacy/core.py; audit_workspace/source/legacy/fig_e21.py,"DOCX table 7, row 9; q1q3_all90.json; e21_clip.json",video,,,,,,,PROVISIONAL,"Exact source statement retained; not independently confirmed merely by appearance in draft/page. Missing fields are unknown or inapplicable, not zero."
DRAFT-T07-R09,"~37 KB | World model | 0.052 | 1.082 | 20.69x | [+0.384, +0.501] | yes",exploratory,draft table 7,table 7 (OOXML ordinal),DAVIS; SegTrack where specified,see exact claim/protocol,see source; not inferred,historical source; exact run identity not fully archived,audit_workspace/source/legacy/core.py; audit_workspace/source/legacy/fig_e21.py,"DOCX table 7, row 10; q1q3_all90.json; e21_clip.json",video,,,,,,,PROVISIONAL,"Exact source statement retained; not independently confirmed merely by appearance in draft/page. Missing fields are unknown or inapplicable, not zero."
DRAFT-T08-R01,"Scene - Object | -0.288 | [-0.313, -0.265] | 30 | significant",exploratory,draft table 8,table 8 (OOXML ordinal),DAVIS; SegTrack where specified,see exact claim/protocol,see source; not inferred,historical source; exact run identity not fully archived,audit_workspace/source/legacy/core.py; audit_workspace/source/legacy/fig_e21.py,"DOCX table 8, row 2; q1q3_all90.json; e21_clip.json",video,,,,,,,PROVISIONAL,"Exact source statement retained; not independently confirmed merely by appearance in draft/page. Missing fields are unknown or inapplicable, not zero."
DRAFT-T08-R02,"Scene - Permuted | -0.440 | [-0.501, -0.384] | 30 | significant",exploratory,draft table 8,table 8 (OOXML ordinal),DAVIS,see exact claim/protocol,see source; not inferred,historical source; exact run identity not fully archived,audit_workspace/source/legacy/relayout.py; audit_workspace/source/legacy/frame_ref.py,"DOCX table 8, row 3; relayout.json; frame_ref3.json",video,,,,,,,PROVISIONAL,"Exact source statement retained; not independently confirmed merely by appearance in draft/page. Missing fields are unknown or inapplicable, not zero."
DRAFT-T08-R03,"Permuted - Object | +0.152 | [+0.085, +0.223] | 30 | significant",exploratory,draft table 8,table 8 (OOXML ordinal),DAVIS,see exact claim/protocol,see source; not inferred,historical source; exact run identity not fully archived,audit_workspace/source/legacy/relayout.py; audit_workspace/source/legacy/frame_ref.py,"DOCX table 8, row 4; relayout.json; frame_ref3.json",video,,,,,,,PROVISIONAL,"Exact source statement retained; not independently confirmed merely by appearance in draft/page. Missing fields are unknown or inapplicable, not zero."
DRAFT-T12-R02,T2 structured | 6 | 0.090 | 0.000 | 0.864,exploratory,draft table 12,table 12 (OOXML ordinal),DAVIS; SegTrack where specified,see exact claim/protocol,see source; not inferred,historical source; exact run identity not fully archived,audit_workspace/source/legacy/core.py; audit_workspace/source/legacy/fig_e21.py,"DOCX table 12, row 3; q1q3_all90.json; e21_clip.json",video,,,,,,,PROVISIONAL,"Exact source statement retained; not independently confirmed merely by appearance in draft/page. Missing fields are unknown or inapplicable, not zero."
DRAFT-T12-R03,T3b spatial g6k16 | 576 | 0.517 | 0.476 | 1.141,exploratory,draft table 12,table 12 (OOXML ordinal),DAVIS; SegTrack where specified,see exact claim/protocol,see source; not inferred,historical source; exact run identity not fully archived,audit_workspace/source/legacy/core.py; audit_workspace/source/legacy/fig_e21.py,"DOCX table 12, row 4; q1q3_all90.json; e21_clip.json",video,,,,,,,PROVISIONAL,"Exact source statement retained; not independently confirmed merely by appearance in draft/page. Missing fields are unknown or inapplicable, not zero."
DRAFT-T12-R04,"T3b spatial g12k32 | 4,608 | 0.531 | 0.444 | 0.869",exploratory,draft table 12,table 12 (OOXML ordinal),DAVIS; SegTrack where specified,see exact claim/protocol,see source; not inferred,historical source; exact run identity not fully archived,audit_workspace/source/legacy/core.py; audit_workspace/source/legacy/fig_e21.py,"DOCX table 12, row 5; q1q3_all90.json; e21_clip.json",video,,,,,,,PROVISIONAL,"Exact source statement retained; not independently confirmed merely by appearance in draft/page. Missing fields are unknown or inapplicable, not zero."
DRAFT-T12-R05,"T4 JPEG q50 112 | 2,660 | 0.765 | 1.211 | 1.290",exploratory,draft table 12,table 12 (OOXML ordinal),DAVIS; SegTrack where specified,see exact claim/protocol,see source; not inferred,historical source; exact run identity not fully archived,audit_workspace/source/legacy/core.py; audit_workspace/source/legacy/fig_e21.py,"DOCX table 12, row 6; q1q3_all90.json; e21_clip.json",video,,,,,,,PROVISIONAL,"Exact source statement retained; not independently confirmed merely by appearance in draft/page. Missing fields are unknown or inapplicable, not zero."
DRAFT-T12-R06,"T4 JPEG q50 518 | 39,345 | 0.268 | 0.443 | 0.222",exploratory,draft table 12,table 12 (OOXML ordinal),DAVIS; SegTrack where specified,see exact claim/protocol,see source; not inferred,historical source; exact run identity not fully archived,audit_workspace/source/legacy/core.py; audit_workspace/source/legacy/fig_e21.py,"DOCX table 12, row 7; q1q3_all90.json; e21_clip.json",video,,,,,,,PROVISIONAL,"Exact source statement retained; not independently confirmed merely by appearance in draft/page. Missing fields are unknown or inapplicable, not zero."
DRAFT-T12-R07,"T5 lossless PNG | 473,793 | 0.000 | 0.000 | 0.000",exploratory,draft table 12,table 12 (OOXML ordinal),DAVIS; SegTrack where specified,see exact claim/protocol,see source; not inferred,historical source; exact run identity not fully archived,audit_workspace/source/legacy/core.py; audit_workspace/source/legacy/fig_e21.py,"DOCX table 12, row 8; q1q3_all90.json; e21_clip.json",video,,,,,,,PROVISIONAL,"Exact source statement retained; not independently confirmed merely by appearance in draft/page. Missing fields are unknown or inapplicable, not zero."
DRAFT-T13-R02,T2 structured | 6 | 0.644 | 0.794 | 0.906,exploratory,draft table 13,table 13 (OOXML ordinal),DAVIS; SegTrack where specified,see exact claim/protocol,see source; not inferred,historical source; exact run identity not fully archived,audit_workspace/source/legacy/core.py; audit_workspace/source/legacy/fig_e21.py,"DOCX table 13, row 3; q1q3_all90.json; e21_clip.json",video,,,,,,,PROVISIONAL,"Exact source statement retained; not independently confirmed merely by appearance in draft/page. Missing fields are unknown or inapplicable, not zero."
DRAFT-T13-R03,T3b spatial g6k16 | 576 | 0.635 | 0.661 | 1.306,exploratory,draft table 13,table 13 (OOXML ordinal),DAVIS; SegTrack where specified,see exact claim/protocol,see source; not inferred,historical source; exact run identity not fully archived,audit_workspace/source/legacy/core.py; audit_workspace/source/legacy/fig_e21.py,"DOCX table 13, row 4; q1q3_all90.json; e21_clip.json",video,,,,,,,PROVISIONAL,"Exact source statement retained; not independently confirmed merely by appearance in draft/page. Missing fields are unknown or inapplicable, not zero."
DRAFT-T13-R04,"T3b spatial g12k32 | 4,608 | 0.661 | 0.652 | 1.182",exploratory,draft table 13,table 13 (OOXML ordinal),DAVIS; SegTrack where specified,see exact claim/protocol,see source; not inferred,historical source; exact run identity not fully archived,audit_workspace/source/legacy/core.py; audit_workspace/source/legacy/fig_e21.py,"DOCX table 13, row 5; q1q3_all90.json; e21_clip.json",video,,,,,,,PROVISIONAL,"Exact source statement retained; not independently confirmed merely by appearance in draft/page. Missing fields are unknown or inapplicable, not zero."
DRAFT-T13-R05,"T4 JPEG q50 112 | 2,660 | 1.032 | 1.580 | 1.872",exploratory,draft table 13,table 13 (OOXML ordinal),DAVIS; SegTrack where specified,see exact claim/protocol,see source; not inferred,historical source; exact run identity not fully archived,audit_workspace/source/legacy/core.py; audit_workspace/source/legacy/fig_e21.py,"DOCX table 13, row 6; q1q3_all90.json; e21_clip.json",video,,,,,,,PROVISIONAL,"Exact source statement retained; not independently confirmed merely by appearance in draft/page. Missing fields are unknown or inapplicable, not zero."
DRAFT-T13-R06,"T4 JPEG q50 518 | 39,345 | 0.658 | 1.028 | 1.405",exploratory,draft table 13,table 13 (OOXML ordinal),DAVIS; SegTrack where specified,see exact claim/protocol,see source; not inferred,historical source; exact run identity not fully archived,audit_workspace/source/legacy/core.py; audit_workspace/source/legacy/fig_e21.py,"DOCX table 13, row 7; q1q3_all90.json; e21_clip.json",video,,,,,,,PROVISIONAL,"Exact source statement retained; not independently confirmed merely by appearance in draft/page. Missing fields are unknown or inapplicable, not zero."
DRAFT-T13-R07,"T5 lossless PNG | 473,793 | 0.642 | 0.786 | 1.360",exploratory,draft table 13,table 13 (OOXML ordinal),DAVIS; SegTrack where specified,see exact claim/protocol,see source; not inferred,historical source; exact run identity not fully archived,audit_workspace/source/legacy/core.py; audit_workspace/source/legacy/fig_e21.py,"DOCX table 13, row 8; q1q3_all90.json; e21_clip.json",video,,,,,,,PROVISIONAL,"Exact source statement retained; not independently confirmed merely by appearance in draft/page. Missing fields are unknown or inapplicable, not zero."
DRAFT-T15-R02,T2 structured | 6 | 0.042 | 1.78 | 139.0,exploratory,draft table 15,table 15 (OOXML ordinal),DAVIS; SegTrack where specified,see exact claim/protocol,see source; not inferred,historical source; exact run identity not fully archived,audit_workspace/source/legacy/core.py; audit_workspace/source/legacy/fig_e21.py,"DOCX table 15, row 3; q1q3_all90.json; e21_clip.json",video,,,,,,,PROVISIONAL,"Exact source statement retained; not independently confirmed merely by appearance in draft/page. Missing fields are unknown or inapplicable, not zero."
DRAFT-T15-R03,T3b spatial g6k16 | 576 | 0.082 | 4.21 | 139.0,exploratory,draft table 15,table 15 (OOXML ordinal),DAVIS; SegTrack where specified,see exact claim/protocol,see source; not inferred,historical source; exact run identity not fully archived,audit_workspace/source/legacy/core.py; audit_workspace/source/legacy/fig_e21.py,"DOCX table 15, row 4; q1q3_all90.json; e21_clip.json",video,,,,,,,PROVISIONAL,"Exact source statement retained; not independently confirmed merely by appearance in draft/page. Missing fields are unknown or inapplicable, not zero."
DRAFT-T15-R04,"T3b spatial g12k32 | 4,608 | 0.082 | 4.68 | 139.0",exploratory,draft table 15,table 15 (OOXML ordinal),DAVIS; SegTrack where specified,see exact claim/protocol,see source; not inferred,historical source; exact run identity not fully archived,audit_workspace/source/legacy/core.py; audit_workspace/source/legacy/fig_e21.py,"DOCX table 15, row 5; q1q3_all90.json; e21_clip.json",video,,,,,,,PROVISIONAL,"Exact source statement retained; not independently confirmed merely by appearance in draft/page. Missing fields are unknown or inapplicable, not zero."
DRAFT-T15-R05,"T4 JPEG q50 112 | 2,660 | 8.428 | 1,672.48 | 150.9",exploratory,draft table 15,table 15 (OOXML ordinal),DAVIS; SegTrack where specified,see exact claim/protocol,see source; not inferred,historical source; exact run identity not fully archived,audit_workspace/source/legacy/core.py; audit_workspace/source/legacy/fig_e21.py,"DOCX table 15, row 6; q1q3_all90.json; e21_clip.json",video,,,,,,,PROVISIONAL,"Exact source statement retained; not independently confirmed merely by appearance in draft/page. Missing fields are unknown or inapplicable, not zero."
DRAFT-T15-R06,"T4 JPEG q75 224 | 11,938 | 9.023 | 1,622.21 | 150.9",exploratory,draft table 15,table 15 (OOXML ordinal),DAVIS; SegTrack where specified,see exact claim/protocol,see source; not inferred,historical source; exact run identity not fully archived,audit_workspace/source/legacy/core.py; audit_workspace/source/legacy/fig_e21.py,"DOCX table 15, row 7; q1q3_all90.json; e21_clip.json",video,,,,,,,PROVISIONAL,"Exact source statement retained; not independently confirmed merely by appearance in draft/page. Missing fields are unknown or inapplicable, not zero."
DRAFT-T15-R07,"T4 JPEG q50 518 | 39,345 | 7.525 | 1,622.00 | 150.9",exploratory,draft table 15,table 15 (OOXML ordinal),DAVIS; SegTrack where specified,see exact claim/protocol,see source; not inferred,historical source; exact run identity not fully archived,audit_workspace/source/legacy/core.py; audit_workspace/source/legacy/fig_e21.py,"DOCX table 15, row 8; q1q3_all90.json; e21_clip.json",video,,,,,,,PROVISIONAL,"Exact source statement retained; not independently confirmed merely by appearance in draft/page. Missing fields are unknown or inapplicable, not zero."
DRAFT-T15-R08,"T5 lossless PNG | 473,793 | 15.094 | 1,704.49 | 150.9",exploratory,draft table 15,table 15 (OOXML ordinal),DAVIS; SegTrack where specified,see exact claim/protocol,see source; not inferred,historical source; exact run identity not fully archived,audit_workspace/source/legacy/core.py; audit_workspace/source/legacy/fig_e21.py,"DOCX table 15, row 9; q1q3_all90.json; e21_clip.json",video,,,,,,,PROVISIONAL,"Exact source statement retained; not independently confirmed merely by appearance in draft/page. Missing fields are unknown or inapplicable, not zero."
DRAFT-T15-R09,"Re-observe (sense + encode, no travel) | - | 39.76 | 4,152.5 | 150.9",exploratory,draft table 15,table 15 (OOXML ordinal),DAVIS; SegTrack where specified,see exact claim/protocol,see source; not inferred,historical source; exact run identity not fully archived,audit_workspace/source/legacy/core.py; audit_workspace/source/legacy/fig_e21.py,"DOCX table 15, row 10; q1q3_all90.json; e21_clip.json",video,,,,,,,PROVISIONAL,"Exact source statement retained; not independently confirmed merely by appearance in draft/page. Missing fields are unknown or inapplicable, not zero."
DRAFT-T16-R01,arm | T2 structured | Planner | BAND | 2 | 0.837,exploratory,draft table 16,table 16 (OOXML ordinal),DAVIS; SegTrack where specified,see exact claim/protocol,see source; not inferred,historical source; exact run identity not fully archived,audit_workspace/source/legacy/core.py; audit_workspace/source/legacy/fig_e21.py,"DOCX table 16, row 2; q1q3_all90.json; e21_clip.json",video,,,,,,,PROVISIONAL,"Exact source statement retained; not independently confirmed merely by appearance in draft/page. Missing fields are unknown or inapplicable, not zero."
DRAFT-T16-R02,arm | T2 structured | Verifier | BAND | 2 | 0.565,exploratory,draft table 16,table 16 (OOXML ordinal),DAVIS; SegTrack where specified,see exact claim/protocol,see source; not inferred,historical source; exact run identity not fully archived,audit_workspace/source/legacy/core.py; audit_workspace/source/legacy/fig_e21.py,"DOCX table 16, row 3; q1q3_all90.json; e21_clip.json",video,,,,,,,PROVISIONAL,"Exact source statement retained; not independently confirmed merely by appearance in draft/page. Missing fields are unknown or inapplicable, not zero."
DRAFT-T16-R03,arm | T2 structured | World model | deadline | 1 | 0.085,exploratory,draft table 16,table 16 (OOXML ordinal),DAVIS; SegTrack where specified,see exact claim/protocol,see source; not inferred,historical source; exact run identity not fully archived,audit_workspace/source/legacy/core.py; audit_workspace/source/legacy/fig_e21.py,"DOCX table 16, row 4; q1q3_all90.json; e21_clip.json",video,,,,,,,PROVISIONAL,"Exact source statement retained; not independently confirmed merely by appearance in draft/page. Missing fields are unknown or inapplicable, not zero."
DRAFT-T16-R04,arm | T5 lossless PNG | Planner | deadline | 1 | 0.740,exploratory,draft table 16,table 16 (OOXML ordinal),DAVIS; SegTrack where specified,see exact claim/protocol,see source; not inferred,historical source; exact run identity not fully archived,audit_workspace/source/legacy/core.py; audit_workspace/source/legacy/fig_e21.py,"DOCX table 16, row 5; q1q3_all90.json; e21_clip.json",video,,,,,,,PROVISIONAL,"Exact source statement retained; not independently confirmed merely by appearance in draft/page. Missing fields are unknown or inapplicable, not zero."
DRAFT-T16-R05,arm | T5 lossless PNG | Verifier | deadline | 1 | 0.740,exploratory,draft table 16,table 16 (OOXML ordinal),DAVIS; SegTrack where specified,see exact claim/protocol,see source; not inferred,historical source; exact run identity not fully archived,audit_workspace/source/legacy/core.py; audit_workspace/source/legacy/fig_e21.py,"DOCX table 16, row 6; q1q3_all90.json; e21_clip.json",video,,,,,,,PROVISIONAL,"Exact source statement retained; not independently confirmed merely by appearance in draft/page. Missing fields are unknown or inapplicable, not zero."
DRAFT-T16-R06,arm | T5 lossless PNG | World model | deadline | 1 | 0.740,exploratory,draft table 16,table 16 (OOXML ordinal),DAVIS; SegTrack where specified,see exact claim/protocol,see source; not inferred,historical source; exact run identity not fully archived,audit_workspace/source/legacy/core.py; audit_workspace/source/legacy/fig_e21.py,"DOCX table 16, row 7; q1q3_all90.json; e21_clip.json",video,,,,,,,PROVISIONAL,"Exact source statement retained; not independently confirmed merely by appearance in draft/page. Missing fields are unknown or inapplicable, not zero."
DRAFT-T16-R07,gimbal | T2 structured | Planner | constant | 0 | 1.000,exploratory,draft table 16,table 16 (OOXML ordinal),DAVIS; SegTrack where specified,see exact claim/protocol,see source; not inferred,historical source; exact run identity not fully archived,audit_workspace/source/legacy/core.py; audit_workspace/source/legacy/fig_e21.py,"DOCX table 16, row 8; q1q3_all90.json; e21_clip.json",video,,,,,,,PROVISIONAL,"Exact source statement retained; not independently confirmed merely by appearance in draft/page. Missing fields are unknown or inapplicable, not zero."
DRAFT-T16-R08,gimbal | T2 structured | Verifier | constant | 0 | 1.000,exploratory,draft table 16,table 16 (OOXML ordinal),DAVIS; SegTrack where specified,see exact claim/protocol,see source; not inferred,historical source; exact run identity not fully archived,audit_workspace/source/legacy/core.py; audit_workspace/source/legacy/fig_e21.py,"DOCX table 16, row 9; q1q3_all90.json; e21_clip.json",video,,,,,,,PROVISIONAL,"Exact source statement retained; not independently confirmed merely by appearance in draft/page. Missing fields are unknown or inapplicable, not zero."
DRAFT-T16-R09,gimbal | T2 structured | World model | constant | 0 | 1.000,exploratory,draft table 16,table 16 (OOXML ordinal),DAVIS; SegTrack where specified,see exact claim/protocol,see source; not inferred,historical source; exact run identity not fully archived,audit_workspace/source/legacy/core.py; audit_workspace/source/legacy/fig_e21.py,"DOCX table 16, row 10; q1q3_all90.json; e21_clip.json",video,,,,,,,PROVISIONAL,"Exact source statement retained; not independently confirmed merely by appearance in draft/page. Missing fields are unknown or inapplicable, not zero."
DRAFT-T16-R10,gimbal | T5 lossless PNG | Planner | deadline | 1 | 0.880,exploratory,draft table 16,table 16 (OOXML ordinal),DAVIS; SegTrack where specified,see exact claim/protocol,see source; not inferred,historical source; exact run identity not fully archived,audit_workspace/source/legacy/core.py; audit_workspace/source/legacy/fig_e21.py,"DOCX table 16, row 11; q1q3_all90.json; e21_clip.json",video,,,,,,,PROVISIONAL,"Exact source statement retained; not independently confirmed merely by appearance in draft/page. Missing fields are unknown or inapplicable, not zero."
DRAFT-T16-R11,gimbal | T5 lossless PNG | Verifier | deadline | 1 | 0.880,exploratory,draft table 16,table 16 (OOXML ordinal),DAVIS; SegTrack where specified,see exact claim/protocol,see source; not inferred,historical source; exact run identity not fully archived,audit_workspace/source/legacy/core.py; audit_workspace/source/legacy/fig_e21.py,"DOCX table 16, row 12; q1q3_all90.json; e21_clip.json",video,,,,,,,PROVISIONAL,"Exact source statement retained; not independently confirmed merely by appearance in draft/page. Missing fields are unknown or inapplicable, not zero."
DRAFT-T16-R12,gimbal | T5 lossless PNG | World model | deadline | 1 | 0.880,exploratory,draft table 16,table 16 (OOXML ordinal),DAVIS; SegTrack where specified,see exact claim/protocol,see source; not inferred,historical source; exact run identity not fully archived,audit_workspace/source/legacy/core.py; audit_workspace/source/legacy/fig_e21.py,"DOCX table 16, row 13; q1q3_all90.json; e21_clip.json",video,,,,,,,PROVISIONAL,"Exact source statement retained; not independently confirmed merely by appearance in draft/page. Missing fields are unknown or inapplicable, not zero."
DRAFT-T16-R13,mobile base | T2 structured | Planner | constant | 0 | 0.000,exploratory,draft table 16,table 16 (OOXML ordinal),DAVIS; SegTrack where specified,see exact claim/protocol,see source; not inferred,historical source; exact run identity not fully archived,audit_workspace/source/legacy/core.py; audit_workspace/source/legacy/fig_e21.py,"DOCX table 16, row 14; q1q3_all90.json; e21_clip.json",video,,,,,,,PROVISIONAL,"Exact source statement retained; not independently confirmed merely by appearance in draft/page. Missing fields are unknown or inapplicable, not zero."
DRAFT-T16-R14,mobile base | T2 structured | Verifier | constant | 0 | 0.000,exploratory,draft table 16,table 16 (OOXML ordinal),DAVIS; SegTrack where specified,see exact claim/protocol,see source; not inferred,historical source; exact run identity not fully archived,audit_workspace/source/legacy/core.py; audit_workspace/source/legacy/fig_e21.py,"DOCX table 16, row 15; q1q3_all90.json; e21_clip.json",video,,,,,,,PROVISIONAL,"Exact source statement retained; not independently confirmed merely by appearance in draft/page. Missing fields are unknown or inapplicable, not zero."
DRAFT-T16-R15,mobile base | T2 structured | World model | constant | 0 | 0.000,exploratory,draft table 16,table 16 (OOXML ordinal),DAVIS; SegTrack where specified,see exact claim/protocol,see source; not inferred,historical source; exact run identity not fully archived,audit_workspace/source/legacy/core.py; audit_workspace/source/legacy/fig_e21.py,"DOCX table 16, row 16; q1q3_all90.json; e21_clip.json",video,,,,,,,PROVISIONAL,"Exact source statement retained; not independently confirmed merely by appearance in draft/page. Missing fields are unknown or inapplicable, not zero."
DRAFT-T16-R16,mobile base | T5 lossless PNG | Planner | deadline | 1 | 0.260,exploratory,draft table 16,table 16 (OOXML ordinal),DAVIS; SegTrack where specified,see exact claim/protocol,see source; not inferred,historical source; exact run identity not fully archived,audit_workspace/source/legacy/core.py; audit_workspace/source/legacy/fig_e21.py,"DOCX table 16, row 17; q1q3_all90.json; e21_clip.json",video,,,,,,,PROVISIONAL,"Exact source statement retained; not independently confirmed merely by appearance in draft/page. Missing fields are unknown or inapplicable, not zero."
DRAFT-T16-R17,mobile base | T5 lossless PNG | Verifier | deadline | 1 | 0.260,exploratory,draft table 16,table 16 (OOXML ordinal),DAVIS; SegTrack where specified,see exact claim/protocol,see source; not inferred,historical source; exact run identity not fully archived,audit_workspace/source/legacy/core.py; audit_workspace/source/legacy/fig_e21.py,"DOCX table 16, row 18; q1q3_all90.json; e21_clip.json",video,,,,,,,PROVISIONAL,"Exact source statement retained; not independently confirmed merely by appearance in draft/page. Missing fields are unknown or inapplicable, not zero."
DRAFT-T16-R18,mobile base | T5 lossless PNG | World model | deadline | 1 | 0.260,exploratory,draft table 16,table 16 (OOXML ordinal),DAVIS; SegTrack where specified,see exact claim/protocol,see source; not inferred,historical source; exact run identity not fully archived,audit_workspace/source/legacy/core.py; audit_workspace/source/legacy/fig_e21.py,"DOCX table 16, row 19; q1q3_all90.json; e21_clip.json",video,,,,,,,PROVISIONAL,"Exact source statement retained; not independently confirmed merely by appearance in draft/page. Missing fields are unknown or inapplicable, not zero."
DRAFT-T17-R01,DINOv2 ViT-S/14 | 2.327 | 0.976 | 2.38x | 1.08x | 1.12x,exploratory,draft table 17,table 17 (OOXML ordinal),DAVIS; SegTrack where specified,see exact claim/protocol,see source; not inferred,historical source; exact run identity not fully archived,audit_workspace/source/legacy/core.py; audit_workspace/source/legacy/fig_e21.py,"DOCX table 17, row 2; q1q3_all90.json; e21_clip.json",video,,,,,,,PROVISIONAL,"Exact source statement retained; not independently confirmed merely by appearance in draft/page. Missing fields are unknown or inapplicable, not zero."
DRAFT-T17-R02,CLIP ViT-B/16 | 2.007 | 0.988 | 2.03x | 1.00x | 1.09x,exploratory,draft table 17,table 17 (OOXML ordinal),DAVIS; SegTrack where specified,see exact claim/protocol,see source; not inferred,historical source; exact run identity not fully archived,audit_workspace/source/legacy/core.py; audit_workspace/source/legacy/fig_e21.py,"DOCX table 17, row 3; q1q3_all90.json; e21_clip.json",video,,,,,,,PROVISIONAL,"Exact source statement retained; not independently confirmed merely by appearance in draft/page. Missing fields are unknown or inapplicable, not zero."
DRAFT-T17-R03,ConvNeXt-Tiny | 2.108 | 0.987 | 2.14x | 1.00x | 0.93x,exploratory,draft table 17,table 17 (OOXML ordinal),DAVIS; SegTrack where specified,see exact claim/protocol,see source; not inferred,historical source; exact run identity not fully archived,audit_workspace/source/legacy/core.py; audit_workspace/source/legacy/fig_e21.py,"DOCX table 17, row 4; q1q3_all90.json; e21_clip.json",video,,,,,,,PROVISIONAL,"Exact source statement retained; not independently confirmed merely by appearance in draft/page. Missing fields are unknown or inapplicable, not zero."
DRAFT-T17-R04,SegTrack v2 (DINOv2) | 2.585 | 0.990 | 2.61x | 1.40x | 0.68x,exploratory,draft table 17,table 17 (OOXML ordinal),DAVIS; SegTrack where specified,see exact claim/protocol,see source; not inferred,historical source; exact run identity not fully archived,audit_workspace/source/legacy/core.py; audit_workspace/source/legacy/fig_e21.py,"DOCX table 17, row 5; q1q3_all90.json; e21_clip.json",video,,,,,,,PROVISIONAL,"Exact source statement retained; not independently confirmed merely by appearance in draft/page. Missing fields are unknown or inapplicable, not zero."
DRAFT-T18-R04,T2 structured | Planner | 30 | 12 | no,exploratory,draft table 18,table 18 (OOXML ordinal),DAVIS; SegTrack where specified,see exact claim/protocol,see source; not inferred,historical source; exact run identity not fully archived,audit_workspace/source/legacy/core.py; audit_workspace/source/legacy/fig_e21.py,"DOCX table 18, row 5; q1q3_all90.json; e21_clip.json",video,,,,,,,PROVISIONAL,"Exact source statement retained; not independently confirmed merely by appearance in draft/page. Missing fields are unknown or inapplicable, not zero."
DRAFT-T18-R05,T2 structured | Verifier | 30 | 8 | no,exploratory,draft table 18,table 18 (OOXML ordinal),DAVIS; SegTrack where specified,see exact claim/protocol,see source; not inferred,historical source; exact run identity not fully archived,audit_workspace/source/legacy/core.py; audit_workspace/source/legacy/fig_e21.py,"DOCX table 18, row 6; q1q3_all90.json; e21_clip.json",video,,,,,,,PROVISIONAL,"Exact source statement retained; not independently confirmed merely by appearance in draft/page. Missing fields are unknown or inapplicable, not zero."
DRAFT-T18-R06,T2 structured | World model | 20 | > 30 | yes,exploratory,draft table 18,table 18 (OOXML ordinal),DAVIS; SegTrack where specified,see exact claim/protocol,see source; not inferred,historical source; exact run identity not fully archived,audit_workspace/source/legacy/core.py; audit_workspace/source/legacy/fig_e21.py,"DOCX table 18, row 7; q1q3_all90.json; e21_clip.json",video,,,,,,,PROVISIONAL,"Exact source statement retained; not independently confirmed merely by appearance in draft/page. Missing fields are unknown or inapplicable, not zero."
DRAFT-T18-R07,T5 lossless PNG | Planner | 20 | 12 | no,exploratory,draft table 18,table 18 (OOXML ordinal),DAVIS; SegTrack where specified,see exact claim/protocol,see source; not inferred,historical source; exact run identity not fully archived,audit_workspace/source/legacy/core.py; audit_workspace/source/legacy/fig_e21.py,"DOCX table 18, row 8; q1q3_all90.json; e21_clip.json",video,,,,,,,PROVISIONAL,"Exact source statement retained; not independently confirmed merely by appearance in draft/page. Missing fields are unknown or inapplicable, not zero."
DRAFT-T18-R08,T5 lossless PNG | Verifier | 12 | 12 | no,exploratory,draft table 18,table 18 (OOXML ordinal),DAVIS; SegTrack where specified,see exact claim/protocol,see source; not inferred,historical source; exact run identity not fully archived,audit_workspace/source/legacy/core.py; audit_workspace/source/legacy/fig_e21.py,"DOCX table 18, row 9; q1q3_all90.json; e21_clip.json",video,,,,,,,PROVISIONAL,"Exact source statement retained; not independently confirmed merely by appearance in draft/page. Missing fields are unknown or inapplicable, not zero."
DRAFT-T18-R09,T5 lossless PNG | World model | 8 | > 30 | yes,exploratory,draft table 18,table 18 (OOXML ordinal),DAVIS; SegTrack where specified,see exact claim/protocol,see source; not inferred,historical source; exact run identity not fully archived,audit_workspace/source/legacy/core.py; audit_workspace/source/legacy/fig_e21.py,"DOCX table 18, row 10; q1q3_all90.json; e21_clip.json",video,,,,,,,PROVISIONAL,"Exact source statement retained; not independently confirmed merely by appearance in draft/page. Missing fields are unknown or inapplicable, not zero."
DRAFT-T21-R01,"Planner | 0.05 | 0.778 | 0.702 | -7.6 pt | [-15.6, -0.9] | yes",exploratory,draft table 21,table 21 (OOXML ordinal),DAVIS; SegTrack where specified,see exact claim/protocol,see source; not inferred,historical source; exact run identity not fully archived,audit_workspace/source/legacy/core.py; audit_workspace/source/legacy/fig_e21.py,"DOCX table 21, row 2; q1q3_all90.json; e21_clip.json",video,,,,,,,PROVISIONAL,"Exact source statement retained; not independently confirmed merely by appearance in draft/page. Missing fields are unknown or inapplicable, not zero."
DRAFT-T21-R02,"Planner | 0.1 | 0.844 | 0.778 | -6.7 pt | [-15.6, +0.0] | no",exploratory,draft table 21,table 21 (OOXML ordinal),DAVIS; SegTrack where specified,see exact claim/protocol,see source; not inferred,historical source; exact run identity not fully archived,audit_workspace/source/legacy/core.py; audit_workspace/source/legacy/fig_e21.py,"DOCX table 21, row 3; q1q3_all90.json; e21_clip.json",video,,,,,,,PROVISIONAL,"Exact source statement retained; not independently confirmed merely by appearance in draft/page. Missing fields are unknown or inapplicable, not zero."
DRAFT-T21-R03,"Planner | 0.2 | 0.622 | 0.711 | +8.9 pt | [+0.0, +20.0] | no",exploratory,draft table 21,table 21 (OOXML ordinal),DAVIS; SegTrack where specified,see exact claim/protocol,see source; not inferred,historical source; exact run identity not fully archived,audit_workspace/source/legacy/core.py; audit_workspace/source/legacy/fig_e21.py,"DOCX table 21, row 4; q1q3_all90.json; e21_clip.json",video,,,,,,,PROVISIONAL,"Exact source statement retained; not independently confirmed merely by appearance in draft/page. Missing fields are unknown or inapplicable, not zero."
DRAFT-T21-R05,"Verifier | 0.1 | 0.667 | 0.756 | +8.9 pt | [+2.2, +17.8] | yes",exploratory,draft table 21,table 21 (OOXML ordinal),DAVIS; SegTrack where specified,see exact claim/protocol,see source; not inferred,historical source; exact run identity not fully archived,audit_workspace/source/legacy/core.py; audit_workspace/source/legacy/fig_e21.py,"DOCX table 21, row 6; q1q3_all90.json; e21_clip.json",video,,,,,,,PROVISIONAL,"Exact source statement retained; not independently confirmed merely by appearance in draft/page. Missing fields are unknown or inapplicable, not zero."
DRAFT-T21-R07,"World model | 0.05 | 0.689 | 0.978 | +28.9 pt | [+16.7, +42.2] | yes",exploratory,draft table 21,table 21 (OOXML ordinal),DAVIS; SegTrack where specified,see exact claim/protocol,see source; not inferred,historical source; exact run identity not fully archived,audit_workspace/source/legacy/core.py; audit_workspace/source/legacy/fig_e21.py,"DOCX table 21, row 8; q1q3_all90.json; e21_clip.json",video,,,,,,,PROVISIONAL,"Exact source statement retained; not independently confirmed merely by appearance in draft/page. Missing fields are unknown or inapplicable, not zero."
DRAFT-T21-R08,"World model | 0.1 | 0.622 | 0.922 | +30.0 pt | [+14.4, +46.7] | yes",exploratory,draft table 21,table 21 (OOXML ordinal),DAVIS; SegTrack where specified,see exact claim/protocol,see source; not inferred,historical source; exact run identity not fully archived,audit_workspace/source/legacy/core.py; audit_workspace/source/legacy/fig_e21.py,"DOCX table 21, row 9; q1q3_all90.json; e21_clip.json",video,,,,,,,PROVISIONAL,"Exact source statement retained; not independently confirmed merely by appearance in draft/page. Missing fields are unknown or inapplicable, not zero."
DRAFT-T21-R09,"World model | 0.2 | 0.489 | 0.533 | +4.4 pt | [-4.4, +13.3] | no",exploratory,draft table 21,table 21 (OOXML ordinal),DAVIS; SegTrack where specified,see exact claim/protocol,see source; not inferred,historical source; exact run identity not fully archived,audit_workspace/source/legacy/core.py; audit_workspace/source/legacy/fig_e21.py,"DOCX table 21, row 10; q1q3_all90.json; e21_clip.json",video,,,,,,,PROVISIONAL,"Exact source statement retained; not independently confirmed merely by appearance in draft/page. Missing fields are unknown or inapplicable, not zero."
DRAFT-T22-R01,"Planner | 0.05 | T1/K3 (468), T2/K2 (42), T5/K3 (30)",exploratory,draft table 22,table 22 (OOXML ordinal),DAVIS; SegTrack where specified,see exact claim/protocol,see source; not inferred,historical source; exact run identity not fully archived,audit_workspace/source/legacy/core.py; audit_workspace/source/legacy/fig_e21.py,"DOCX table 22, row 2; q1q3_all90.json; e21_clip.json",video,,,,,,,PROVISIONAL,"Exact source statement retained; not independently confirmed merely by appearance in draft/page. Missing fields are unknown or inapplicable, not zero."
DRAFT-T22-R02,"Planner | 0.1 | T2/K5 (492), T1/K8 (48)",exploratory,draft table 22,table 22 (OOXML ordinal),DAVIS; SegTrack where specified,see exact claim/protocol,see source; not inferred,historical source; exact run identity not fully archived,audit_workspace/source/legacy/core.py; audit_workspace/source/legacy/fig_e21.py,"DOCX table 22, row 3; q1q3_all90.json; e21_clip.json",video,,,,,,,PROVISIONAL,"Exact source statement retained; not independently confirmed merely by appearance in draft/page. Missing fields are unknown or inapplicable, not zero."
DRAFT-T22-R03,"Planner | 0.2 | T2/K20 (180), T3b/K20 (120), T2/K30 (108)",exploratory,draft table 22,table 22 (OOXML ordinal),DAVIS; SegTrack where specified,see exact claim/protocol,see source; not inferred,historical source; exact run identity not fully archived,audit_workspace/source/legacy/core.py; audit_workspace/source/legacy/fig_e21.py,"DOCX table 22, row 4; q1q3_all90.json; e21_clip.json",video,,,,,,,PROVISIONAL,"Exact source statement retained; not independently confirmed merely by appearance in draft/page. Missing fields are unknown or inapplicable, not zero."
DRAFT-T22-R04,"Verifier | 0.05 | T2/K1 (420), T2/K2 (96), T5/K1 (24)",exploratory,draft table 22,table 22 (OOXML ordinal),DAVIS; SegTrack where specified,see exact claim/protocol,see source; not inferred,historical source; exact run identity not fully archived,audit_workspace/source/legacy/core.py; audit_workspace/source/legacy/fig_e21.py,"DOCX table 22, row 5; q1q3_all90.json; e21_clip.json",video,,,,,,,PROVISIONAL,"Exact source statement retained; not independently confirmed merely by appearance in draft/page. Missing fields are unknown or inapplicable, not zero."
DRAFT-T22-R05,"Verifier | 0.1 | T2/K2 (408), T2/K1 (84), T2/K3 (48)",exploratory,draft table 22,table 22 (OOXML ordinal),DAVIS; SegTrack where specified,see exact claim/protocol,see source; not inferred,historical source; exact run identity not fully archived,audit_workspace/source/legacy/core.py; audit_workspace/source/legacy/fig_e21.py,"DOCX table 22, row 6; q1q3_all90.json; e21_clip.json",video,,,,,,,PROVISIONAL,"Exact source statement retained; not independently confirmed merely by appearance in draft/page. Missing fields are unknown or inapplicable, not zero."
DRAFT-T22-R06,"Verifier | 0.2 | T2/K3 (396), T2/K5 (108), T2/K2 (36)",exploratory,draft table 22,table 22 (OOXML ordinal),DAVIS; SegTrack where specified,see exact claim/protocol,see source; not inferred,historical source; exact run identity not fully archived,audit_workspace/source/legacy/core.py; audit_workspace/source/legacy/fig_e21.py,"DOCX table 22, row 7; q1q3_all90.json; e21_clip.json",video,,,,,,,PROVISIONAL,"Exact source statement retained; not independently confirmed merely by appearance in draft/page. Missing fields are unknown or inapplicable, not zero."
DRAFT-T22-R07,"World model | 0.05 | T5/K1 (492), T4/K1 (24), T5/K2 (24)",exploratory,draft table 22,table 22 (OOXML ordinal),DAVIS; SegTrack where specified,see exact claim/protocol,see source; not inferred,historical source; exact run identity not fully archived,audit_workspace/source/legacy/core.py; audit_workspace/source/legacy/fig_e21.py,"DOCX table 22, row 8; q1q3_all90.json; e21_clip.json",video,,,,,,,PROVISIONAL,"Exact source statement retained; not independently confirmed merely by appearance in draft/page. Missing fields are unknown or inapplicable, not zero."
DRAFT-T22-R08,"World model | 0.1 | T4/K1 (312), T5/K2 (138), T5/K3 (54)",exploratory,draft table 22,table 22 (OOXML ordinal),DAVIS; SegTrack where specified,see exact claim/protocol,see source; not inferred,historical source; exact run identity not fully archived,audit_workspace/source/legacy/core.py; audit_workspace/source/legacy/fig_e21.py,"DOCX table 22, row 9; q1q3_all90.json; e21_clip.json",video,,,,,,,PROVISIONAL,"Exact source statement retained; not independently confirmed merely by appearance in draft/page. Missing fields are unknown or inapplicable, not zero."
DRAFT-T22-R09,"World model | 0.2 | T2/K30 (228), T2/K3 (73), T2/K5 (60)",exploratory,draft table 22,table 22 (OOXML ordinal),DAVIS; SegTrack where specified,see exact claim/protocol,see source; not inferred,historical source; exact run identity not fully archived,audit_workspace/source/legacy/core.py; audit_workspace/source/legacy/fig_e21.py,"DOCX table 22, row 10; q1q3_all90.json; e21_clip.json",video,,,,,,,PROVISIONAL,"Exact source statement retained; not independently confirmed merely by appearance in draft/page. Missing fields are unknown or inapplicable, not zero."
DRAFT-T24-R01,"Planner | +0.07% | [-0.00, +0.14] | 7/10",exploratory,draft table 24,table 24 (OOXML ordinal),DAVIS; SegTrack where specified,see exact claim/protocol,see source; not inferred,historical source; exact run identity not fully archived,audit_workspace/source/legacy/core.py; audit_workspace/source/legacy/fig_e21.py,"DOCX table 24, row 2; q1q3_all90.json; e21_clip.json",video,,,,,,,PROVISIONAL,"Exact source statement retained; not independently confirmed merely by appearance in draft/page. Missing fields are unknown or inapplicable, not zero."
DRAFT-T24-R02,"Verifier | +2.05% | [+1.51, +2.60] | 10/10",exploratory,draft table 24,table 24 (OOXML ordinal),DAVIS; SegTrack where specified,see exact claim/protocol,see source; not inferred,historical source; exact run identity not fully archived,audit_workspace/source/legacy/core.py; audit_workspace/source/legacy/fig_e21.py,"DOCX table 24, row 3; q1q3_all90.json; e21_clip.json",video,,,,,,,PROVISIONAL,"Exact source statement retained; not independently confirmed merely by appearance in draft/page. Missing fields are unknown or inapplicable, not zero."
DRAFT-T24-R03,"World model | +4.43% | [+2.99, +5.98] | 10/10",exploratory,draft table 24,table 24 (OOXML ordinal),DAVIS; SegTrack where specified,see exact claim/protocol,see source; not inferred,historical source; exact run identity not fully archived,audit_workspace/source/legacy/core.py; audit_workspace/source/legacy/fig_e21.py,"DOCX table 24, row 4; q1q3_all90.json; e21_clip.json",video,,,,,,,PROVISIONAL,"Exact source statement retained; not independently confirmed merely by appearance in draft/page. Missing fields are unknown or inapplicable, not zero."
DRAFT-T26-R01,"1 | 0.143 | 0.102 | 0.102 | 0.386 | 0.866 | 1.4× | [-0.0053, -0.0035]",exploratory,draft table 26,table 26 (OOXML ordinal),DAVIS; SegTrack where specified,see exact claim/protocol,see source; not inferred,historical source; exact run identity not fully archived,audit_workspace/source/legacy/core.py; audit_workspace/source/legacy/fig_e21.py,"DOCX table 26, row 2; q1q3_all90.json; e21_clip.json",video,,,,,,,PROVISIONAL,"Exact source statement retained; not independently confirmed merely by appearance in draft/page. Missing fields are unknown or inapplicable, not zero."
DRAFT-T26-R02,"2 | 0.351 | 0.178 | 0.176 | 0.351 | 0.940 | 2.0× | [-0.0220, -0.0156]",exploratory,draft table 26,table 26 (OOXML ordinal),DAVIS; SegTrack where specified,see exact claim/protocol,see source; not inferred,historical source; exact run identity not fully archived,audit_workspace/source/legacy/core.py; audit_workspace/source/legacy/fig_e21.py,"DOCX table 26, row 3; q1q3_all90.json; e21_clip.json",video,,,,,,,PROVISIONAL,"Exact source statement retained; not independently confirmed merely by appearance in draft/page. Missing fields are unknown or inapplicable, not zero."
DRAFT-T26-R03,"3 | 0.538 | 0.156 | 0.152 | 0.394 | 0.896 | 3.5× | [-0.0477, -0.0339]",exploratory,draft table 26,table 26 (OOXML ordinal),DAVIS; SegTrack where specified,see exact claim/protocol,see source; not inferred,historical source; exact run identity not fully archived,audit_workspace/source/legacy/core.py; audit_workspace/source/legacy/fig_e21.py,"DOCX table 26, row 4; q1q3_all90.json; e21_clip.json",video,,,,,,,PROVISIONAL,"Exact source statement retained; not independently confirmed merely by appearance in draft/page. Missing fields are unknown or inapplicable, not zero."
DRAFT-T26-R04,"5 | 0.910 | 0.197 | 0.189 | 0.400 | 0.910 | 4.8× | [-0.0875, -0.0640]",exploratory,draft table 26,table 26 (OOXML ordinal),DAVIS; SegTrack where specified,see exact claim/protocol,see source; not inferred,historical source; exact run identity not fully archived,audit_workspace/source/legacy/core.py; audit_workspace/source/legacy/fig_e21.py,"DOCX table 26, row 5; q1q3_all90.json; e21_clip.json",video,,,,,,,PROVISIONAL,"Exact source statement retained; not independently confirmed merely by appearance in draft/page. Missing fields are unknown or inapplicable, not zero."
DRAFT-T26-R05,"8 | 1.278 | 0.276 | 0.266 | 0.362 | 0.981 | 4.8× | [-0.1233, -0.0928]",exploratory,draft table 26,table 26 (OOXML ordinal),DAVIS; SegTrack where specified,see exact claim/protocol,see source; not inferred,historical source; exact run identity not fully archived,audit_workspace/source/legacy/core.py; audit_workspace/source/legacy/fig_e21.py,"DOCX table 26, row 6; q1q3_all90.json; e21_clip.json",video,,,,,,,PROVISIONAL,"Exact source statement retained; not independently confirmed merely by appearance in draft/page. Missing fields are unknown or inapplicable, not zero."
DRAFT-T26-R06,"12 | 1.634 | 0.330 | 0.313 | 0.368 | 0.994 | 5.2× | [-0.1590, -0.1223]",exploratory,draft table 26,table 26 (OOXML ordinal),DAVIS; SegTrack where specified,see exact claim/protocol,see source; not inferred,historical source; exact run identity not fully archived,audit_workspace/source/legacy/core.py; audit_workspace/source/legacy/fig_e21.py,"DOCX table 26, row 7; q1q3_all90.json; e21_clip.json",video,,,,,,,PROVISIONAL,"Exact source statement retained; not independently confirmed merely by appearance in draft/page. Missing fields are unknown or inapplicable, not zero."
DRAFT-T26-R07,"20 | 2.042 | 0.411 | 0.386 | 0.363 | 0.988 | 5.3× | [-0.2016, -0.1589]",exploratory,draft table 26,table 26 (OOXML ordinal),DAVIS; SegTrack where specified,see exact claim/protocol,see source; not inferred,historical source; exact run identity not fully archived,audit_workspace/source/legacy/core.py; audit_workspace/source/legacy/fig_e21.py,"DOCX table 26, row 8; q1q3_all90.json; e21_clip.json",video,,,,,,,PROVISIONAL,"Exact source statement retained; not independently confirmed merely by appearance in draft/page. Missing fields are unknown or inapplicable, not zero."
DRAFT-T26-R08,"30 | 2.253 | 0.452 | 0.423 | 0.334 | 0.912 | 5.3× | [-0.2325, -0.1845]",exploratory,draft table 26,table 26 (OOXML ordinal),DAVIS; SegTrack where specified,see exact claim/protocol,see source; not inferred,historical source; exact run identity not fully archived,audit_workspace/source/legacy/core.py; audit_workspace/source/legacy/fig_e21.py,"DOCX table 26, row 9; q1q3_all90.json; e21_clip.json",video,,,,,,,PROVISIONAL,"Exact source statement retained; not independently confirmed merely by appearance in draft/page. Missing fields are unknown or inapplicable, not zero."
DRAFT-T29-R01,"Object capacity | 143 to 9,203 dims (64×) | 0.728 / 0.729 / 0.729 | “the world model simply needs more bits”",exploratory,draft table 29,table 29 (OOXML ordinal),synthetic serving,see exact claim/protocol,see source; not inferred,historical source; exact run identity not fully archived,audit_workspace/source/legacy/mp_store.py; audit_workspace/source/legacy/mt_store.py,"DOCX table 29, row 2; mp_store2.json; mt_store.json",run / synthetic trace,,,,,,,PROVISIONAL,"Exact source statement retained; not independently confirmed merely by appearance in draft/page. Missing fields are unknown or inapplicable, not zero."
DRAFT-T29-R02,"Index permutation | cell order only; bits, bytes, rank fixed | WM 20.7×, planner 1.04× n.s. | “the scene payload works because it holds the answer”",exploratory,draft table 29,table 29 (OOXML ordinal),DAVIS,see exact claim/protocol,see source; not inferred,historical source; exact run identity not fully archived,audit_workspace/source/legacy/relayout.py; audit_workspace/source/legacy/frame_ref.py,"DOCX table 29, row 3; relayout.json; frame_ref3.json",video,,,,,,,PROVISIONAL,"Exact source statement retained; not independently confirmed merely by appearance in draft/page. Missing fields are unknown or inapplicable, not zero."
DRAFT-T29-R03,"Channel rank at fixed index | scene 144 to 9,216 dims | 0.836 → 0.719 → 0.052 | “the index alone is sufficient”",exploratory,draft table 29,table 29 (OOXML ordinal),DAVIS; SegTrack where specified,see exact claim/protocol,see source; not inferred,historical source; exact run identity not fully archived,audit_workspace/source/legacy/core.py; audit_workspace/source/legacy/fig_e21.py,"DOCX table 29, row 4; q1q3_all90.json; e21_clip.json",video,,,,,,,PROVISIONAL,"Exact source statement retained; not independently confirmed merely by appearance in draft/page. Missing fields are unknown or inapplicable, not zero."
DRAFT-T29-R04,Cross-video split | fit 60 / evaluate 30 unseen | effect persists on unseen videos | “the read-out memorised the video”,exploratory,draft table 29,table 29 (OOXML ordinal),DAVIS; SegTrack where specified,see exact claim/protocol,see source; not inferred,historical source; exact run identity not fully archived,audit_workspace/source/legacy/core.py; audit_workspace/source/legacy/fig_e21.py,"DOCX table 29, row 5; q1q3_all90.json; e21_clip.json",video,,,,,,,PROVISIONAL,"Exact source statement retained; not independently confirmed merely by appearance in draft/page. Missing fields are unknown or inapplicable, not zero."
DRAFT-T29-R05,Backbone | DINOv2 / CLIP / ConvNeXt | recalibration 2.38 / 2.03 / 2.14× | backbone-specific artefact (§6.5),exploratory,draft table 29,table 29 (OOXML ordinal),DAVIS; SegTrack where specified,see exact claim/protocol,see source; not inferred,historical source; exact run identity not fully archived,audit_workspace/source/legacy/core.py; audit_workspace/source/legacy/fig_e21.py,"DOCX table 29, row 6; q1q3_all90.json; e21_clip.json",video,,,,,,,PROVISIONAL,"Exact source statement retained; not independently confirmed merely by appearance in draft/page. Missing fields are unknown or inapplicable, not zero."
DRAFT-T29-R06,"Dataset | DAVIS to SegTrack v2 | 2.61×, same sign | dataset-specific artefact (§6.5)",exploratory,draft table 29,table 29 (OOXML ordinal),DAVIS; SegTrack where specified,see exact claim/protocol,see source; not inferred,historical source; exact run identity not fully archived,audit_workspace/source/legacy/core.py; audit_workspace/source/legacy/fig_e21.py,"DOCX table 29, row 7; q1q3_all90.json; e21_clip.json",video,,,,,,,PROVISIONAL,"Exact source statement retained; not independently confirmed merely by appearance in draft/page. Missing fields are unknown or inapplicable, not zero."
DRAFT-T29-R07,Floor normalisation | age-0 vs age-matched floor | 8/9 → 3/9 non-expiring cells | a denominator the method itself improved,exploratory,draft table 29,table 29 (OOXML ordinal),DAVIS; SegTrack where specified,see exact claim/protocol,see source; not inferred,historical source; exact run identity not fully archived,audit_workspace/source/legacy/core.py; audit_workspace/source/legacy/fig_e21.py,"DOCX table 29, row 8; q1q3_all90.json; e21_clip.json",video,,,,,,,PROVISIONAL,"Exact source statement retained; not independently confirmed merely by appearance in draft/page. Missing fields are unknown or inapplicable, not zero."
DRAFT-T29-R08,"Read-out capacity | MLP 7,240,140 vs recal 15,597 vs shrink 9 params | recal wins 9/9 at age 30 on wide payloads | “capacity is what buys the gain”",exploratory,draft table 29,table 29 (OOXML ordinal),synthetic serving,see exact claim/protocol,see source; not inferred,historical source; exact run identity not fully archived,audit_workspace/source/legacy/mp_store.py; audit_workspace/source/legacy/mt_store.py,"DOCX table 29, row 9; mp_store2.json; mt_store.json",run / synthetic trace,,,,,,,PROVISIONAL,"Exact source statement retained; not independently confirmed merely by appearance in draft/page. Missing fields are unknown or inapplicable, not zero."
DRAFT-T29-R09,"Age awareness | blind head vs age-aware head | 2/10 vs 10/10 stale cells won | “it is capacity, not knowing the age”",exploratory,draft table 29,table 29 (OOXML ordinal),synthetic serving,see exact claim/protocol,see source; not inferred,historical source; exact run identity not fully archived,audit_workspace/source/legacy/mp_store.py; audit_workspace/source/legacy/mt_store.py,"DOCX table 29, row 10; mp_store2.json; mt_store.json",run / synthetic trace,,,,,,,PROVISIONAL,"Exact source statement retained; not independently confirmed merely by appearance in draft/page. Missing fields are unknown or inapplicable, not zero."
DRAFT-T29-R10,Calibration set size | k = 1 … 40 videos | WM within 2% at k=3; verifier +1.8% still at k=20 | unbounded calibration cost,exploratory,draft table 29,table 29 (OOXML ordinal),DAVIS; SegTrack where specified,see exact claim/protocol,see source; not inferred,historical source; exact run identity not fully archived,audit_workspace/source/legacy/core.py; audit_workspace/source/legacy/fig_e21.py,"DOCX table 29, row 11; q1q3_all90.json; e21_clip.json",video,,,,,,,PROVISIONAL,"Exact source statement retained; not independently confirmed merely by appearance in draft/page. Missing fields are unknown or inapplicable, not zero."
DRAFT-T29-R11,"Platform | gimbal / arm / mobile base | 6 constant, 10 deadline, 2 band | “one policy shape fits all”",exploratory,draft table 29,table 29 (OOXML ordinal),DAVIS; SegTrack where specified,see exact claim/protocol,see source; not inferred,historical source; exact run identity not fully archived,audit_workspace/source/legacy/core.py; audit_workspace/source/legacy/fig_e21.py,"DOCX table 29, row 12; q1q3_all90.json; e21_clip.json",video,,,,,,,PROVISIONAL,"Exact source statement retained; not independently confirmed merely by appearance in draft/page. Missing fields are unknown or inapplicable, not zero."
DRAFT-T29-R12,Policy factorisation | adapt tier / timing / both / neither | WM gain carried by tier (+26.7 pt) | “the gain is just better timing”,exploratory,draft table 29,table 29 (OOXML ordinal),DAVIS; SegTrack where specified,see exact claim/protocol,see source; not inferred,historical source; exact run identity not fully archived,audit_workspace/source/legacy/core.py; audit_workspace/source/legacy/fig_e21.py,"DOCX table 29, row 13; q1q3_all90.json; e21_clip.json",video,,,,,,,PROVISIONAL,"Exact source statement retained; not independently confirmed merely by appearance in draft/page. Missing fields are unknown or inapplicable, not zero."
DRAFT-T29-R13,Hedging family | 6 arms including an oracle bound | fitted median 0.51% from oracle | “the hedge was simply under-tuned” (§6.6),exploratory,draft table 29,table 29 (OOXML ordinal),DAVIS; SegTrack where specified,see exact claim/protocol,see source; not inferred,historical source; exact run identity not fully archived,audit_workspace/source/legacy/core.py; audit_workspace/source/legacy/fig_e21.py,"DOCX table 29, row 14; q1q3_all90.json; e21_clip.json",video,,,,,,,PROVISIONAL,"Exact source statement retained; not independently confirmed merely by appearance in draft/page. Missing fields are unknown or inapplicable, not zero."
DRAFT-T30-R01,Equal-byte swap costs the world model (support vs precision) | +0.068 | 90 | <1e-4,exploratory,draft table 30,table 30 (OOXML ordinal),DAVIS; SegTrack where specified,see exact claim/protocol,see source; not inferred,historical source; exact run identity not fully archived,audit_workspace/source/legacy/core.py; audit_workspace/source/legacy/fig_e21.py,"DOCX table 30, row 2; q1q3_all90.json; e21_clip.json",video,,,,,,,PROVISIONAL,"Exact source statement retained; not independently confirmed merely by appearance in draft/page. Missing fields are unknown or inapplicable, not zero."
DRAFT-T30-R02,6 B structured beats 95 KB JPEG for the verifier | -0.027 | 90 | <1e-4,exploratory,draft table 30,table 30 (OOXML ordinal),DAVIS; SegTrack where specified,see exact claim/protocol,see source; not inferred,historical source; exact run identity not fully archived,audit_workspace/source/legacy/core.py; audit_workspace/source/legacy/fig_e21.py,"DOCX table 30, row 3; q1q3_all90.json; e21_clip.json",video,,,,,,,PROVISIONAL,"Exact source statement retained; not independently confirmed merely by appearance in draft/page. Missing fields are unknown or inapplicable, not zero."
DRAFT-T30-R03,A 1.4 KB thumbnail is worse than storing nothing (verifier) | +0.258 | 90 | <1e-4,exploratory,draft table 30,table 30 (OOXML ordinal),DAVIS; SegTrack where specified,see exact claim/protocol,see source; not inferred,historical source; exact run identity not fully archived,audit_workspace/source/legacy/core.py; audit_workspace/source/legacy/fig_e21.py,"DOCX table 30, row 4; q1q3_all90.json; e21_clip.json",video,,,,,,,PROVISIONAL,"Exact source statement retained; not independently confirmed merely by appearance in draft/page. Missing fields are unknown or inapplicable, not zero."
DRAFT-T30-R04,One frame of age costs the planner more than lossless-to-1 B compression | +0.054 | 90 | <1e-4,exploratory,draft table 30,table 30 (OOXML ordinal),DAVIS; SegTrack where specified,see exact claim/protocol,see source; not inferred,historical source; exact run identity not fully archived,audit_workspace/source/legacy/core.py; audit_workspace/source/legacy/fig_e21.py,"DOCX table 30, row 5; q1q3_all90.json; e21_clip.json",video,,,,,,,PROVISIONAL,"Exact source statement retained; not independently confirmed merely by appearance in draft/page. Missing fields are unknown or inapplicable, not zero."
DRAFT-T30-R05,At 20 frames the best stored tier is worse than a prior (verifier) | +0.064 | 90 | <1e-4,exploratory,draft table 30,table 30 (OOXML ordinal),synthetic serving,see exact claim/protocol,see source; not inferred,historical source; exact run identity not fully archived,audit_workspace/source/legacy/mp_store.py; audit_workspace/source/legacy/mt_store.py,"DOCX table 30, row 6; mp_store2.json; mt_store.json",run / synthetic trace,,,,,,,PROVISIONAL,"Exact source statement retained; not independently confirmed merely by appearance in draft/page. Missing fields are unknown or inapplicable, not zero."
DRAFT-T30-R06,Dims per cell beat spatial cells at matched bytes (g6k32) | -0.163 | 90 | <1e-4,exploratory,draft table 30,table 30 (OOXML ordinal),DAVIS; SegTrack where specified,see exact claim/protocol,see source; not inferred,historical source; exact run identity not fully archived,audit_workspace/source/legacy/core.py; audit_workspace/source/legacy/fig_e21.py,"DOCX table 30, row 7; q1q3_all90.json; e21_clip.json",video,,,,,,,PROVISIONAL,"Exact source statement retained; not independently confirmed merely by appearance in draft/page. Missing fields are unknown or inapplicable, not zero."
DRAFT-T30-R07,Dims per cell beat spatial cells at matched bytes (g12k32) | -0.076 | 90 | <1e-4,exploratory,draft table 30,table 30 (OOXML ordinal),DAVIS; SegTrack where specified,see exact claim/protocol,see source; not inferred,historical source; exact run identity not fully archived,audit_workspace/source/legacy/core.py; audit_workspace/source/legacy/fig_e21.py,"DOCX table 30, row 8; q1q3_all90.json; e21_clip.json",video,,,,,,,PROVISIONAL,"Exact source statement retained; not independently confirmed merely by appearance in draft/page. Missing fields are unknown or inapplicable, not zero."
DRAFT-T30-R08,Dims per cell beat spatial cells at matched bytes (g18k48) | -0.037 | 90 | <1e-4,exploratory,draft table 30,table 30 (OOXML ordinal),DAVIS; SegTrack where specified,see exact claim/protocol,see source; not inferred,historical source; exact run identity not fully archived,audit_workspace/source/legacy/core.py; audit_workspace/source/legacy/fig_e21.py,"DOCX table 30, row 9; q1q3_all90.json; e21_clip.json",video,,,,,,,PROVISIONAL,"Exact source statement retained; not independently confirmed merely by appearance in draft/page. Missing fields are unknown or inapplicable, not zero."
DRAFT-T30-R09,A scene-agnostic codec loses to the pixel frontier at 10 KB | +0.135 | 30 | <1e-4,exploratory,draft table 30,table 30 (OOXML ordinal),DAVIS; SegTrack where specified,see exact claim/protocol,see source; not inferred,historical source; exact run identity not fully archived,audit_workspace/source/legacy/core.py; audit_workspace/source/legacy/fig_e21.py,"DOCX table 30, row 10; q1q3_all90.json; e21_clip.json",video,,,,,,,PROVISIONAL,"Exact source statement retained; not independently confirmed merely by appearance in draft/page. Missing fields are unknown or inapplicable, not zero."
DRAFT-T30-R10,Fitting the basis on the scene beats fitting it across scenes | -0.211 | 30 | <1e-4,exploratory,draft table 30,table 30 (OOXML ordinal),DAVIS; SegTrack where specified,see exact claim/protocol,see source; not inferred,historical source; exact run identity not fully archived,audit_workspace/source/legacy/core.py; audit_workspace/source/legacy/fig_e21.py,"DOCX table 30, row 11; q1q3_all90.json; e21_clip.json",video,,,,,,,PROVISIONAL,"Exact source statement retained; not independently confirmed merely by appearance in draft/page. Missing fields are unknown or inapplicable, not zero."
DRAFT-T30-R11,"Adapting the tier raises the world model's meet rate | +0.156 | 1,620 | <1e-4",exploratory,draft table 30,table 30 (OOXML ordinal),DAVIS; SegTrack where specified,see exact claim/protocol,see source; not inferred,historical source; exact run identity not fully archived,audit_workspace/source/legacy/core.py; audit_workspace/source/legacy/fig_e21.py,"DOCX table 30, row 12; q1q3_all90.json; e21_clip.json",video,,,,,,,PROVISIONAL,"Exact source statement retained; not independently confirmed merely by appearance in draft/page. Missing fields are unknown or inapplicable, not zero."
DRAFT-T30-R12,Elapsed change explains more than elapsed time (planner) | +0.093 | 891 | <1e-4,exploratory,draft table 30,table 30 (OOXML ordinal),DAVIS; SegTrack where specified,see exact claim/protocol,see source; not inferred,historical source; exact run identity not fully archived,audit_workspace/source/legacy/core.py; audit_workspace/source/legacy/fig_e21.py,"DOCX table 30, row 13; q1q3_all90.json; e21_clip.json",video,,,,,,,PROVISIONAL,"Exact source statement retained; not independently confirmed merely by appearance in draft/page. Missing fields are unknown or inapplicable, not zero."
DRAFT-T30-R13,"Elapsed change explains more than elapsed time (verifier) | +0.111 | 1,393 | <1e-4",exploratory,draft table 30,table 30 (OOXML ordinal),DAVIS; SegTrack where specified,see exact claim/protocol,see source; not inferred,historical source; exact run identity not fully archived,audit_workspace/source/legacy/core.py; audit_workspace/source/legacy/fig_e21.py,"DOCX table 30, row 14; q1q3_all90.json; e21_clip.json",video,,,,,,,PROVISIONAL,"Exact source statement retained; not independently confirmed merely by appearance in draft/page. Missing fields are unknown or inapplicable, not zero."
DRAFT-T30-R14,"Elapsed change explains more than elapsed time (world model) | +0.160 | 1,620 | <1e-4",exploratory,draft table 30,table 30 (OOXML ordinal),DAVIS; SegTrack where specified,see exact claim/protocol,see source; not inferred,historical source; exact run identity not fully archived,audit_workspace/source/legacy/core.py; audit_workspace/source/legacy/fig_e21.py,"DOCX table 30, row 15; q1q3_all90.json; e21_clip.json",video,,,,,,,PROVISIONAL,"Exact source statement retained; not independently confirmed merely by appearance in draft/page. Missing fields are unknown or inapplicable, not zero."
DRAFT-T30-R15,At 12 frames the best stored tier is worse than a prior (world model) | +0.007 | 90 | 0.0006,exploratory,draft table 30,table 30 (OOXML ordinal),synthetic serving,see exact claim/protocol,see source; not inferred,historical source; exact run identity not fully archived,audit_workspace/source/legacy/mp_store.py; audit_workspace/source/legacy/mt_store.py,"DOCX table 30, row 16; mp_store2.json; mt_store.json",run / synthetic trace,,,,,,,PROVISIONAL,"Exact source statement retained; not independently confirmed merely by appearance in draft/page. Missing fields are unknown or inapplicable, not zero."
DRAFT-T30-R16,1 B predicate beats 95 KB JPEG for the planner | -0.011 | 90 | 0.0034,exploratory,draft table 30,table 30 (OOXML ordinal),DAVIS; SegTrack where specified,see exact claim/protocol,see source; not inferred,historical source; exact run identity not fully archived,audit_workspace/source/legacy/core.py; audit_workspace/source/legacy/fig_e21.py,"DOCX table 30, row 17; q1q3_all90.json; e21_clip.json",video,,,,,,,PROVISIONAL,"Exact source statement retained; not independently confirmed merely by appearance in draft/page. Missing fields are unknown or inapplicable, not zero."
DRAFT-T30-R17,At 30 frames the best stored tier is worse than a prior (planner) | +0.029 | 88 | 0.0035,exploratory,draft table 30,table 30 (OOXML ordinal),synthetic serving,see exact claim/protocol,see source; not inferred,historical source; exact run identity not fully archived,audit_workspace/source/legacy/mp_store.py; audit_workspace/source/legacy/mt_store.py,"DOCX table 30, row 18; mp_store2.json; mt_store.json",run / synthetic trace,,,,,,,PROVISIONAL,"Exact source statement retained; not independently confirmed merely by appearance in draft/page. Missing fields are unknown or inapplicable, not zero."
DRAFT-T30-R18,The same swap barely moves the planner | +0.034 | 90 | 0.0071,exploratory,draft table 30,table 30 (OOXML ordinal),DAVIS; SegTrack where specified,see exact claim/protocol,see source; not inferred,historical source; exact run identity not fully archived,audit_workspace/source/legacy/core.py; audit_workspace/source/legacy/fig_e21.py,"DOCX table 30, row 19; q1q3_all90.json; e21_clip.json",video,,,,,,,PROVISIONAL,"Exact source statement retained; not independently confirmed merely by appearance in draft/page. Missing fields are unknown or inapplicable, not zero."
DRAFT-T32-R01,"Fidelity requirement is consumer-specific | 7 tiers × 3 consumers, 90 videos; 8 Holm-corrected inversions | Confirmed",exploratory,draft table 32,table 32 (OOXML ordinal),DAVIS; SegTrack where specified,see exact claim/protocol,see source; not inferred,historical source; exact run identity not fully archived,audit_workspace/source/legacy/core.py; audit_workspace/source/legacy/fig_e21.py,"DOCX table 32, row 2; q1q3_all90.json; e21_clip.json",video,,,,,,,PROVISIONAL,"Exact source statement retained; not independently confirmed merely by appearance in draft/page. Missing fields are unknown or inapplicable, not zero."
DRAFT-T32-R02,"Retrieve / re-observe do not cross on cost | Measured latency, energy, GPU memory over 473,793× payload span | Confirmed",exploratory,draft table 32,table 32 (OOXML ordinal),DAVIS; SegTrack where specified,see exact claim/protocol,see source; not inferred,historical source; exact run identity not fully archived,audit_workspace/source/legacy/core.py; audit_workspace/source/legacy/fig_e21.py,"DOCX table 32, row 3; q1q3_all90.json; e21_clip.json",video,,,,,,,PROVISIONAL,"Exact source statement retained; not independently confirmed merely by appearance in draft/page. Missing fields are unknown or inapplicable, not zero."
DRAFT-T32-R03,"The crossing is the travel horizon | Trapezoidal actuation on measured displacement, 3 platforms | Confirmed",exploratory,draft table 32,table 32 (OOXML ordinal),DAVIS; SegTrack where specified,see exact claim/protocol,see source; not inferred,historical source; exact run identity not fully archived,audit_workspace/source/legacy/core.py; audit_workspace/source/legacy/fig_e21.py,"DOCX table 32, row 4; q1q3_all90.json; e21_clip.json",video,,,,,,,PROVISIONAL,"Exact source statement retained; not independently confirmed merely by appearance in draft/page. Missing fields are unknown or inapplicable, not zero."
DRAFT-T32-R04,"Expiry is a property of the reader (world model) | 2 scalars per age; 4 of 4 sources, 2.03–2.61× | Confirmed",exploratory,draft table 32,table 32 (OOXML ordinal),DAVIS; SegTrack where specified,see exact claim/protocol,see source; not inferred,historical source; exact run identity not fully archived,audit_workspace/source/legacy/core.py; audit_workspace/source/legacy/fig_e21.py,"DOCX table 32, row 5; q1q3_all90.json; e21_clip.json",video,,,,,,,PROVISIONAL,"Exact source statement retained; not independently confirmed merely by appearance in draft/page. Missing fields are unknown or inapplicable, not zero."
DRAFT-T32-R05,… and of the planner or verifier | Sign flips across sources (1.40× to 0.68×) | Not reproduced,exploratory,draft table 32,table 32 (OOXML ordinal),DAVIS; SegTrack where specified,see exact claim/protocol,see source; not inferred,historical source; exact run identity not fully archived,audit_workspace/source/legacy/core.py; audit_workspace/source/legacy/fig_e21.py,"DOCX table 32, row 6; q1q3_all90.json; e21_clip.json",video,,,,,,,PROVISIONAL,"Exact source statement retained; not independently confirmed merely by appearance in draft/page. Missing fields are unknown or inapplicable, not zero."
DRAFT-T32-R06,"The boundary is sometimes a band, not a deadline | 2 of 18 platform × tier × consumer cells | Confirmed",exploratory,draft table 32,table 32 (OOXML ordinal),DAVIS; SegTrack where specified,see exact claim/protocol,see source; not inferred,historical source; exact run identity not fully archived,audit_workspace/source/legacy/core.py; audit_workspace/source/legacy/fig_e21.py,"DOCX table 32, row 7; q1q3_all90.json; e21_clip.json",video,,,,,,,PROVISIONAL,"Exact source statement retained; not independently confirmed merely by appearance in draft/page. Missing fields are unknown or inapplicable, not zero."
DRAFT-T32-R07,"H1 — index alignment gates the world-model read-out | Permutation control at matched dims, 30 unseen videos, 20.7× | Confirmed",exploratory,draft table 32,table 32 (OOXML ordinal),DAVIS,see exact claim/protocol,see source; not inferred,historical source; exact run identity not fully archived,audit_workspace/source/legacy/relayout.py; audit_workspace/source/legacy/frame_ref.py,"DOCX table 32, row 8; relayout.json; frame_ref3.json",video,,,,,,,PROVISIONAL,"Exact source statement retained; not independently confirmed merely by appearance in draft/page. Missing fields are unknown or inapplicable, not zero."
DRAFT-T32-R08,H2 — alignment cannot be bought with bytes | 64× matched object capacity: 0.728 → 0.729 | Confirmed,exploratory,draft table 32,table 32 (OOXML ordinal),DAVIS,see exact claim/protocol,see source; not inferred,historical source; exact run identity not fully archived,audit_workspace/source/legacy/relayout.py; audit_workspace/source/legacy/frame_ref.py,"DOCX table 32, row 9; relayout.json; frame_ref3.json",video,,,,,,,PROVISIONAL,"Exact source statement retained; not independently confirmed merely by appearance in draft/page. Missing fields are unknown or inapplicable, not zero."
DRAFT-T32-R09,Index and rank are complementary | Scene at low rank 0.836; neither factor substitutes | Confirmed,exploratory,draft table 32,table 32 (OOXML ordinal),DAVIS; SegTrack where specified,see exact claim/protocol,see source; not inferred,historical source; exact run identity not fully archived,audit_workspace/source/legacy/core.py; audit_workspace/source/legacy/fig_e21.py,"DOCX table 32, row 10; q1q3_all90.json; e21_clip.json",video,,,,,,,PROVISIONAL,"Exact source statement retained; not independently confirmed merely by appearance in draft/page. Missing fields are unknown or inapplicable, not zero."
DRAFT-T32-R10,The pipeline raises the world model's meet rate | +28.9 / +30.0 pt on 45 held-out videos | Confirmed,exploratory,draft table 32,table 32 (OOXML ordinal),DAVIS; SegTrack where specified,see exact claim/protocol,see source; not inferred,historical source; exact run identity not fully archived,audit_workspace/source/legacy/core.py; audit_workspace/source/legacy/fig_e21.py,"DOCX table 32, row 11; q1q3_all90.json; e21_clip.json",video,,,,,,,PROVISIONAL,"Exact source statement retained; not independently confirmed merely by appearance in draft/page. Missing fields are unknown or inapplicable, not zero."
DRAFT-T32-R11,Planner and verifier prefer object-referenced records | No significant preference at matched bytes; verifier at floor throughout | Not supported,exploratory,draft table 32,table 32 (OOXML ordinal),DAVIS; SegTrack where specified,see exact claim/protocol,see source; not inferred,historical source; exact run identity not fully archived,audit_workspace/source/legacy/core.py; audit_workspace/source/legacy/fig_e21.py,"DOCX table 32, row 12; q1q3_all90.json; e21_clip.json",video,,,,,,,PROVISIONAL,"Exact source statement retained; not independently confirmed merely by appearance in draft/page. Missing fields are unknown or inapplicable, not zero."
DRAFT-T32-R12,"The pipeline helps the planner | −7.6 pt at the tightest tolerance, significant | Contradicted",exploratory,draft table 32,table 32 (OOXML ordinal),DAVIS; SegTrack where specified,see exact claim/protocol,see source; not inferred,historical source; exact run identity not fully archived,audit_workspace/source/legacy/core.py; audit_workspace/source/legacy/fig_e21.py,"DOCX table 32, row 13; q1q3_all90.json; e21_clip.json",video,,,,,,,RETRACTED,Historical negative/retracted statement preserved; no promotion to confirmed.
DRAFT-T32-R13,"Imagining forward beats retrieving the stale copy (world model) | 1.4× to 5.3× across 8 ages, all significant, 86 videos | Confirmed",exploratory,draft table 32,table 32 (OOXML ordinal),DAVIS; SegTrack where specified,see exact claim/protocol,see source; not inferred,historical source; exact run identity not fully archived,audit_workspace/source/legacy/core.py; audit_workspace/source/legacy/fig_e21.py,"DOCX table 32, row 14; q1q3_all90.json; e21_clip.json",video,,,,,,,PROVISIONAL,"Exact source statement retained; not independently confirmed merely by appearance in draft/page. Missing fields are unknown or inapplicable, not zero."
DRAFT-T32-R14,"Retrieve is ever the optimal channel for a world model | Never the argmin at any (memory age, observation age) tested | Contradicted",exploratory,draft table 32,table 32 (OOXML ordinal),DAVIS; SegTrack where specified,see exact claim/protocol,see source; not inferred,historical source; exact run identity not fully archived,audit_workspace/source/legacy/core.py; audit_workspace/source/legacy/fig_e21.py,"DOCX table 32, row 15; q1q3_all90.json; e21_clip.json",video,,,,,,,RETRACTED,Historical negative/retracted statement preserved; no promotion to confirmed.
DRAFT-T32-R15,Imagination helps the planner or verifier | Read-out degenerate; a perfect observation also scored at the floor | Not measured,exploratory,draft table 32,table 32 (OOXML ordinal),DAVIS; SegTrack where specified,see exact claim/protocol,see source; not inferred,historical source; exact run identity not fully archived,audit_workspace/source/legacy/core.py; audit_workspace/source/legacy/fig_e21.py,"DOCX table 32, row 16; q1q3_all90.json; e21_clip.json",video,,,,,,,PROVISIONAL,"Exact source statement retained; not independently confirmed merely by appearance in draft/page. Missing fields are unknown or inapplicable, not zero."
DRAFT-T32-R16,Hedging a stale world-model rollout recovers accuracy | Contractive transition (gain 0.959); fitted median 0.51% from oracle | Refuted,exploratory,draft table 32,table 32 (OOXML ordinal),DAVIS; SegTrack where specified,see exact claim/protocol,see source; not inferred,historical source; exact run identity not fully archived,audit_workspace/source/legacy/core.py; audit_workspace/source/legacy/fig_e21.py,"DOCX table 32, row 17; q1q3_all90.json; e21_clip.json",video,,,,,,,RETRACTED,Historical negative/retracted statement preserved; no promotion to confirmed.
DRAFT-T32-R17,FRAME beats a per-consumer optimal threshold | +0.07% / +2.05% / +4.43% | Retracted,exploratory,draft table 32,table 32 (OOXML ordinal),DAVIS; SegTrack where specified,see exact claim/protocol,see source; not inferred,historical source; exact run identity not fully archived,audit_workspace/source/legacy/core.py; audit_workspace/source/legacy/fig_e21.py,"DOCX table 32, row 18; q1q3_all90.json; e21_clip.json",video,,,,,,,RETRACTED,Historical negative/retracted statement preserved; no promotion to confirmed.
DRAFT-T33-R01,T0 zero-information | 1.000 | 0.977 | 0.985 | 0.961 | 0.944 | 0.936 | 0.914 | 0.887 | 0.819,exploratory,draft table 33,table 33 (OOXML ordinal),DAVIS; SegTrack where specified,see exact claim/protocol,see source; not inferred,historical source; exact run identity not fully archived,audit_workspace/source/legacy/core.py; audit_workspace/source/legacy/fig_e21.py,"DOCX table 33, row 2; q1q3_all90.json; e21_clip.json",video,,,,,,,NOT_SUPPORTED,Overclaimed; see RESULTS_AUDIT.md for protocol and statistical corrections.
DRAFT-T33-R03,T2 structured | 0.095 | 0.271 | 0.371 | 0.364 | 0.366 | 0.479 | 0.576 | 0.630 | 0.693,exploratory,draft table 33,table 33 (OOXML ordinal),DAVIS; SegTrack where specified,see exact claim/protocol,see source; not inferred,historical source; exact run identity not fully archived,audit_workspace/source/legacy/core.py; audit_workspace/source/legacy/fig_e21.py,"DOCX table 33, row 4; q1q3_all90.json; e21_clip.json",video,,,,,,,PROVISIONAL,"Exact source statement retained; not independently confirmed merely by appearance in draft/page. Missing fields are unknown or inapplicable, not zero."
DRAFT-T33-R04,T3b spatial g6k16 | 0.455 | 0.435 | 0.457 | 0.521 | 0.613 | 0.719 | 0.841 | 1.065 | 1.115,exploratory,draft table 33,table 33 (OOXML ordinal),DAVIS; SegTrack where specified,see exact claim/protocol,see source; not inferred,historical source; exact run identity not fully archived,audit_workspace/source/legacy/core.py; audit_workspace/source/legacy/fig_e21.py,"DOCX table 33, row 5; q1q3_all90.json; e21_clip.json",video,,,,,,,PROVISIONAL,"Exact source statement retained; not independently confirmed merely by appearance in draft/page. Missing fields are unknown or inapplicable, not zero."
DRAFT-T33-R05,T3b spatial g12k32 | 0.442 | 0.410 | 0.438 | 0.507 | 0.590 | 0.714 | 0.835 | 1.096 | 1.282,exploratory,draft table 33,table 33 (OOXML ordinal),DAVIS; SegTrack where specified,see exact claim/protocol,see source; not inferred,historical source; exact run identity not fully archived,audit_workspace/source/legacy/core.py; audit_workspace/source/legacy/fig_e21.py,"DOCX table 33, row 6; q1q3_all90.json; e21_clip.json",video,,,,,,,PROVISIONAL,"Exact source statement retained; not independently confirmed merely by appearance in draft/page. Missing fields are unknown or inapplicable, not zero."
DRAFT-T33-R06,T5 lossless PNG | 0.445 | 0.421 | 0.436 | 0.524 | 0.610 | 0.721 | 0.869 | 1.105 | 1.300,exploratory,draft table 33,table 33 (OOXML ordinal),DAVIS; SegTrack where specified,see exact claim/protocol,see source; not inferred,historical source; exact run identity not fully archived,audit_workspace/source/legacy/core.py; audit_workspace/source/legacy/fig_e21.py,"DOCX table 33, row 7; q1q3_all90.json; e21_clip.json",video,,,,,,,PROVISIONAL,"Exact source statement retained; not independently confirmed merely by appearance in draft/page. Missing fields are unknown or inapplicable, not zero."
DRAFT-T34-R01,T0 zero-information | 1.000 | 0.925 | 0.983 | 0.903 | 0.884 | 0.938 | 0.900 | 0.832 | 0.691,exploratory,draft table 34,table 34 (OOXML ordinal),DAVIS; SegTrack where specified,see exact claim/protocol,see source; not inferred,historical source; exact run identity not fully archived,audit_workspace/source/legacy/core.py; audit_workspace/source/legacy/fig_e21.py,"DOCX table 34, row 2; q1q3_all90.json; e21_clip.json",video,,,,,,,NOT_SUPPORTED,Overclaimed; see RESULTS_AUDIT.md for protocol and statistical corrections.
DRAFT-T34-R03,T2 structured | 0.030 | 0.226 | 0.281 | 0.265 | 0.344 | 0.523 | 0.637 | 0.657 | 0.592,exploratory,draft table 34,table 34 (OOXML ordinal),DAVIS; SegTrack where specified,see exact claim/protocol,see source; not inferred,historical source; exact run identity not fully archived,audit_workspace/source/legacy/core.py; audit_workspace/source/legacy/fig_e21.py,"DOCX table 34, row 4; q1q3_all90.json; e21_clip.json",video,,,,,,,PROVISIONAL,"Exact source statement retained; not independently confirmed merely by appearance in draft/page. Missing fields are unknown or inapplicable, not zero."
DRAFT-T34-R04,T3b spatial g6k16 | 0.340 | 0.273 | 0.406 | 0.460 | 0.492 | 0.702 | 0.913 | 1.110 | 1.178,exploratory,draft table 34,table 34 (OOXML ordinal),DAVIS; SegTrack where specified,see exact claim/protocol,see source; not inferred,historical source; exact run identity not fully archived,audit_workspace/source/legacy/core.py; audit_workspace/source/legacy/fig_e21.py,"DOCX table 34, row 5; q1q3_all90.json; e21_clip.json",video,,,,,,,PROVISIONAL,"Exact source statement retained; not independently confirmed merely by appearance in draft/page. Missing fields are unknown or inapplicable, not zero."
DRAFT-T34-R05,T3b spatial g12k32 | 0.345 | 0.263 | 0.433 | 0.475 | 0.507 | 0.723 | 0.924 | 1.241 | 1.332,exploratory,draft table 34,table 34 (OOXML ordinal),DAVIS; SegTrack where specified,see exact claim/protocol,see source; not inferred,historical source; exact run identity not fully archived,audit_workspace/source/legacy/core.py; audit_workspace/source/legacy/fig_e21.py,"DOCX table 34, row 6; q1q3_all90.json; e21_clip.json",video,,,,,,,PROVISIONAL,"Exact source statement retained; not independently confirmed merely by appearance in draft/page. Missing fields are unknown or inapplicable, not zero."
DRAFT-T34-R06,T5 lossless PNG | 0.329 | 0.255 | 0.412 | 0.472 | 0.502 | 0.706 | 0.903 | 1.246 | 1.330,exploratory,draft table 34,table 34 (OOXML ordinal),DAVIS; SegTrack where specified,see exact claim/protocol,see source; not inferred,historical source; exact run identity not fully archived,audit_workspace/source/legacy/core.py; audit_workspace/source/legacy/fig_e21.py,"DOCX table 34, row 7; q1q3_all90.json; e21_clip.json",video,,,,,,,PROVISIONAL,"Exact source statement retained; not independently confirmed merely by appearance in draft/page. Missing fields are unknown or inapplicable, not zero."
DRAFT-T35-R01,T0 zero-information | 1.000 | 0.994 | 0.983 | 0.977 | 0.961 | 0.935 | 0.900 | 0.809 | 0.686,exploratory,draft table 35,table 35 (OOXML ordinal),DAVIS; SegTrack where specified,see exact claim/protocol,see source; not inferred,historical source; exact run identity not fully archived,audit_workspace/source/legacy/core.py; audit_workspace/source/legacy/fig_e21.py,"DOCX table 35, row 2; q1q3_all90.json; e21_clip.json",video,,,,,,,NOT_SUPPORTED,Overclaimed; see RESULTS_AUDIT.md for protocol and statistical corrections.
DRAFT-T35-R03,T2 structured | 0.351 | 0.336 | 0.309 | 0.320 | 0.376 | 0.487 | 0.586 | 0.546 | 0.470,exploratory,draft table 35,table 35 (OOXML ordinal),DAVIS; SegTrack where specified,see exact claim/protocol,see source; not inferred,historical source; exact run identity not fully archived,audit_workspace/source/legacy/core.py; audit_workspace/source/legacy/fig_e21.py,"DOCX table 35, row 4; q1q3_all90.json; e21_clip.json",video,,,,,,,PROVISIONAL,"Exact source statement retained; not independently confirmed merely by appearance in draft/page. Missing fields are unknown or inapplicable, not zero."
DRAFT-T35-R04,T3b spatial g6k16 | 0.052 | 0.097 | 0.222 | 0.223 | 0.286 | 0.448 | 0.728 | 1.214 | 1.681,exploratory,draft table 35,table 35 (OOXML ordinal),DAVIS; SegTrack where specified,see exact claim/protocol,see source; not inferred,historical source; exact run identity not fully archived,audit_workspace/source/legacy/core.py; audit_workspace/source/legacy/fig_e21.py,"DOCX table 35, row 5; q1q3_all90.json; e21_clip.json",video,,,,,,,PROVISIONAL,"Exact source statement retained; not independently confirmed merely by appearance in draft/page. Missing fields are unknown or inapplicable, not zero."
DRAFT-T35-R05,T3b spatial g12k32 | 0.051 | 0.090 | 0.207 | 0.210 | 0.278 | 0.451 | 0.747 | 1.263 | 1.746,exploratory,draft table 35,table 35 (OOXML ordinal),DAVIS; SegTrack where specified,see exact claim/protocol,see source; not inferred,historical source; exact run identity not fully archived,audit_workspace/source/legacy/core.py; audit_workspace/source/legacy/fig_e21.py,"DOCX table 35, row 6; q1q3_all90.json; e21_clip.json",video,,,,,,,PROVISIONAL,"Exact source statement retained; not independently confirmed merely by appearance in draft/page. Missing fields are unknown or inapplicable, not zero."
DRAFT-T35-R06,T5 lossless PNG | 0.048 | 0.094 | 0.217 | 0.219 | 0.282 | 0.447 | 0.733 | 1.229 | 1.702,exploratory,draft table 35,table 35 (OOXML ordinal),DAVIS; SegTrack where specified,see exact claim/protocol,see source; not inferred,historical source; exact run identity not fully archived,audit_workspace/source/legacy/core.py; audit_workspace/source/legacy/fig_e21.py,"DOCX table 35, row 7; q1q3_all90.json; e21_clip.json",video,,,,,,,PROVISIONAL,"Exact source statement retained; not independently confirmed merely by appearance in draft/page. Missing fields are unknown or inapplicable, not zero."
DRAFT-T36-R02,T2 structured | 6.73 | 7.33 | 7.05 | 7.46 | 7.51 | 8.08 | 8.91 | 12.60 | 19.34,exploratory,draft table 36,table 36 (OOXML ordinal),DAVIS; SegTrack where specified,see exact claim/protocol,see source; not inferred,historical source; exact run identity not fully archived,audit_workspace/source/legacy/core.py; audit_workspace/source/legacy/fig_e21.py,"DOCX table 36, row 3; q1q3_all90.json; e21_clip.json",video,,,,,,,PROVISIONAL,"Exact source statement retained; not independently confirmed merely by appearance in draft/page. Missing fields are unknown or inapplicable, not zero."
DRAFT-T36-R03,T3b spatial g6k16 | 2.12 | 0.00 | 2.15 | 2.95 | 5.07 | 8.25 | 11.67 | 19.73 | 28.87,exploratory,draft table 36,table 36 (OOXML ordinal),DAVIS; SegTrack where specified,see exact claim/protocol,see source; not inferred,historical source; exact run identity not fully archived,audit_workspace/source/legacy/core.py; audit_workspace/source/legacy/fig_e21.py,"DOCX table 36, row 4; q1q3_all90.json; e21_clip.json",video,,,,,,,PROVISIONAL,"Exact source statement retained; not independently confirmed merely by appearance in draft/page. Missing fields are unknown or inapplicable, not zero."
DRAFT-T36-R04,T3b spatial g12k32 | 0.00 | 0.00 | 0.00 | 2.78 | 4.53 | 7.82 | 11.10 | 20.13 | 29.05,exploratory,draft table 36,table 36 (OOXML ordinal),DAVIS; SegTrack where specified,see exact claim/protocol,see source; not inferred,historical source; exact run identity not fully archived,audit_workspace/source/legacy/core.py; audit_workspace/source/legacy/fig_e21.py,"DOCX table 36, row 5; q1q3_all90.json; e21_clip.json",video,,,,,,,PROVISIONAL,"Exact source statement retained; not independently confirmed merely by appearance in draft/page. Missing fields are unknown or inapplicable, not zero."
DRAFT-T36-R05,T5 lossless PNG | 0.00 | 0.00 | 0.00 | 3.00 | 5.00 | 8.00 | 12.00 | 20.00 | 30.00,exploratory,draft table 36,table 36 (OOXML ordinal),DAVIS; SegTrack where specified,see exact claim/protocol,see source; not inferred,historical source; exact run identity not fully archived,audit_workspace/source/legacy/core.py; audit_workspace/source/legacy/fig_e21.py,"DOCX table 36, row 6; q1q3_all90.json; e21_clip.json",video,,,,,,,PROVISIONAL,"Exact source statement retained; not independently confirmed merely by appearance in draft/page. Missing fields are unknown or inapplicable, not zero."
DRAFT-T37-R02,T2 structured | 4.96 | 5.03 | 5.60 | 5.41 | 5.83 | 7.30 | 8.31 | 11.33 | 14.36,exploratory,draft table 37,table 37 (OOXML ordinal),DAVIS; SegTrack where specified,see exact claim/protocol,see source; not inferred,historical source; exact run identity not fully archived,audit_workspace/source/legacy/core.py; audit_workspace/source/legacy/fig_e21.py,"DOCX table 37, row 3; q1q3_all90.json; e21_clip.json",video,,,,,,,PROVISIONAL,"Exact source statement retained; not independently confirmed merely by appearance in draft/page. Missing fields are unknown or inapplicable, not zero."
DRAFT-T37-R03,T3b spatial g6k16 | 1.13 | 0.00 | 1.92 | 3.10 | 5.13 | 8.12 | 11.84 | 19.37 | 30.00,exploratory,draft table 37,table 37 (OOXML ordinal),DAVIS; SegTrack where specified,see exact claim/protocol,see source; not inferred,historical source; exact run identity not fully archived,audit_workspace/source/legacy/core.py; audit_workspace/source/legacy/fig_e21.py,"DOCX table 37, row 4; q1q3_all90.json; e21_clip.json",video,,,,,,,PROVISIONAL,"Exact source statement retained; not independently confirmed merely by appearance in draft/page. Missing fields are unknown or inapplicable, not zero."
DRAFT-T37-R04,T3b spatial g12k32 | 1.20 | 0.00 | 2.30 | 3.17 | 5.19 | 8.08 | 11.84 | 19.79 | 30.00,exploratory,draft table 37,table 37 (OOXML ordinal),DAVIS; SegTrack where specified,see exact claim/protocol,see source; not inferred,historical source; exact run identity not fully archived,audit_workspace/source/legacy/core.py; audit_workspace/source/legacy/fig_e21.py,"DOCX table 37, row 5; q1q3_all90.json; e21_clip.json",video,,,,,,,PROVISIONAL,"Exact source statement retained; not independently confirmed merely by appearance in draft/page. Missing fields are unknown or inapplicable, not zero."
DRAFT-T37-R05,T5 lossless PNG | 0.00 | 0.00 | 2.00 | 3.00 | 5.00 | 8.00 | 12.00 | 20.00 | 30.00,exploratory,draft table 37,table 37 (OOXML ordinal),DAVIS; SegTrack where specified,see exact claim/protocol,see source; not inferred,historical source; exact run identity not fully archived,audit_workspace/source/legacy/core.py; audit_workspace/source/legacy/fig_e21.py,"DOCX table 37, row 6; q1q3_all90.json; e21_clip.json",video,,,,,,,PROVISIONAL,"Exact source statement retained; not independently confirmed merely by appearance in draft/page. Missing fields are unknown or inapplicable, not zero."
DRAFT-T38-R02,T2 structured | 5.60 | 5.59 | 5.60 | 5.66 | 5.84 | 6.23 | 6.87 | 8.09 | 9.77,exploratory,draft table 38,table 38 (OOXML ordinal),DAVIS; SegTrack where specified,see exact claim/protocol,see source; not inferred,historical source; exact run identity not fully archived,audit_workspace/source/legacy/core.py; audit_workspace/source/legacy/fig_e21.py,"DOCX table 38, row 3; q1q3_all90.json; e21_clip.json",video,,,,,,,PROVISIONAL,"Exact source statement retained; not independently confirmed merely by appearance in draft/page. Missing fields are unknown or inapplicable, not zero."
DRAFT-T38-R03,T3b spatial g6k16 | 0.08 | 1.02 | 2.03 | 3.05 | 5.06 | 8.07 | 12.11 | 20.14 | 30.00,exploratory,draft table 38,table 38 (OOXML ordinal),DAVIS; SegTrack where specified,see exact claim/protocol,see source; not inferred,historical source; exact run identity not fully archived,audit_workspace/source/legacy/core.py; audit_workspace/source/legacy/fig_e21.py,"DOCX table 38, row 4; q1q3_all90.json; e21_clip.json",video,,,,,,,PROVISIONAL,"Exact source statement retained; not independently confirmed merely by appearance in draft/page. Missing fields are unknown or inapplicable, not zero."
DRAFT-T38-R04,T3b spatial g12k32 | 0.07 | 0.91 | 1.99 | 3.01 | 5.02 | 8.02 | 12.02 | 20.02 | 30.00,exploratory,draft table 38,table 38 (OOXML ordinal),DAVIS; SegTrack where specified,see exact claim/protocol,see source; not inferred,historical source; exact run identity not fully archived,audit_workspace/source/legacy/core.py; audit_workspace/source/legacy/fig_e21.py,"DOCX table 38, row 5; q1q3_all90.json; e21_clip.json",video,,,,,,,PROVISIONAL,"Exact source statement retained; not independently confirmed merely by appearance in draft/page. Missing fields are unknown or inapplicable, not zero."
DRAFT-T38-R05,T5 lossless PNG | 0.00 | 1.00 | 2.00 | 3.00 | 5.00 | 8.00 | 12.00 | 20.00 | 30.00,exploratory,draft table 38,table 38 (OOXML ordinal),DAVIS; SegTrack where specified,see exact claim/protocol,see source; not inferred,historical source; exact run identity not fully archived,audit_workspace/source/legacy/core.py; audit_workspace/source/legacy/fig_e21.py,"DOCX table 38, row 6; q1q3_all90.json; e21_clip.json",video,,,,,,,PROVISIONAL,"Exact source statement retained; not independently confirmed merely by appearance in draft/page. Missing fields are unknown or inapplicable, not zero."
DRAFT-T39-R01,"gimbal | v=3.0, a=15.0 | 0.165 | +0.52 | 2.6 | 3.2 | 3.7 | 4.4 | 5.1 | 5.7 | 6.4 | 6.8",exploratory,draft table 39,table 39 (OOXML ordinal),DAVIS; SegTrack where specified,see exact claim/protocol,see source; not inferred,historical source; exact run identity not fully archived,audit_workspace/source/legacy/core.py; audit_workspace/source/legacy/fig_e21.py,"DOCX table 39, row 2; q1q3_all90.json; e21_clip.json",video,,,,,,,PROVISIONAL,"Exact source statement retained; not independently confirmed merely by appearance in draft/page. Missing fields are unknown or inapplicable, not zero."
DRAFT-T41-R02,T2 structured | 273 | 203 | 204,exploratory,draft table 41,table 41 (OOXML ordinal),DAVIS; SegTrack where specified,see exact claim/protocol,see source; not inferred,historical source; exact run identity not fully archived,audit_workspace/source/legacy/core.py; audit_workspace/source/legacy/fig_e21.py,"DOCX table 41, row 3; q1q3_all90.json; e21_clip.json",video,,,,,,,PROVISIONAL,"Exact source statement retained; not independently confirmed merely by appearance in draft/page. Missing fields are unknown or inapplicable, not zero."
DRAFT-T41-R03,T3b spatial g6k16 | 172 | 174 | 171,exploratory,draft table 41,table 41 (OOXML ordinal),DAVIS; SegTrack where specified,see exact claim/protocol,see source; not inferred,historical source; exact run identity not fully archived,audit_workspace/source/legacy/core.py; audit_workspace/source/legacy/fig_e21.py,"DOCX table 41, row 4; q1q3_all90.json; e21_clip.json",video,,,,,,,PROVISIONAL,"Exact source statement retained; not independently confirmed merely by appearance in draft/page. Missing fields are unknown or inapplicable, not zero."
DRAFT-T41-R04,T3b spatial g12k32 | 149 | 177 | 169,exploratory,draft table 41,table 41 (OOXML ordinal),DAVIS; SegTrack where specified,see exact claim/protocol,see source; not inferred,historical source; exact run identity not fully archived,audit_workspace/source/legacy/core.py; audit_workspace/source/legacy/fig_e21.py,"DOCX table 41, row 5; q1q3_all90.json; e21_clip.json",video,,,,,,,PROVISIONAL,"Exact source statement retained; not independently confirmed merely by appearance in draft/page. Missing fields are unknown or inapplicable, not zero."
DRAFT-T41-R05,T5 lossless PNG | 169 | 169 | 169,exploratory,draft table 41,table 41 (OOXML ordinal),DAVIS; SegTrack where specified,see exact claim/protocol,see source; not inferred,historical source; exact run identity not fully archived,audit_workspace/source/legacy/core.py; audit_workspace/source/legacy/fig_e21.py,"DOCX table 41, row 6; q1q3_all90.json; e21_clip.json",video,,,,,,,PROVISIONAL,"Exact source statement retained; not independently confirmed merely by appearance in draft/page. Missing fields are unknown or inapplicable, not zero."
DRAFT-T42-R01,"Planner | 0 | 314 | T1×12, T2×123",exploratory,draft table 42,table 42 (OOXML ordinal),DAVIS; SegTrack where specified,see exact claim/protocol,see source; not inferred,historical source; exact run identity not fully archived,audit_workspace/source/legacy/core.py; audit_workspace/source/legacy/fig_e21.py,"DOCX table 42, row 2; q1q3_all90.json; e21_clip.json",video,,,,,,,PROVISIONAL,"Exact source statement retained; not independently confirmed merely by appearance in draft/page. Missing fields are unknown or inapplicable, not zero."
DRAFT-T42-R02,"Planner | 200 | 1,861 | T1×12, T2×123",exploratory,draft table 42,table 42 (OOXML ordinal),DAVIS; SegTrack where specified,see exact claim/protocol,see source; not inferred,historical source; exact run identity not fully archived,audit_workspace/source/legacy/core.py; audit_workspace/source/legacy/fig_e21.py,"DOCX table 42, row 3; q1q3_all90.json; e21_clip.json",video,,,,,,,PROVISIONAL,"Exact source statement retained; not independently confirmed merely by appearance in draft/page. Missing fields are unknown or inapplicable, not zero."
DRAFT-T42-R03,"Planner | 1000 | 8,048 | T1×12, T2×123",exploratory,draft table 42,table 42 (OOXML ordinal),DAVIS; SegTrack where specified,see exact claim/protocol,see source; not inferred,historical source; exact run identity not fully archived,audit_workspace/source/legacy/core.py; audit_workspace/source/legacy/fig_e21.py,"DOCX table 42, row 4; q1q3_all90.json; e21_clip.json",video,,,,,,,PROVISIONAL,"Exact source statement retained; not independently confirmed merely by appearance in draft/page. Missing fields are unknown or inapplicable, not zero."
DRAFT-T42-R04,"Planner | 2000 | 15,781 | T1×12, T2×123",exploratory,draft table 42,table 42 (OOXML ordinal),DAVIS; SegTrack where specified,see exact claim/protocol,see source; not inferred,historical source; exact run identity not fully archived,audit_workspace/source/legacy/core.py; audit_workspace/source/legacy/fig_e21.py,"DOCX table 42, row 5; q1q3_all90.json; e21_clip.json",video,,,,,,,PROVISIONAL,"Exact source statement retained; not independently confirmed merely by appearance in draft/page. Missing fields are unknown or inapplicable, not zero."
DRAFT-T42-R10,"World model | 200 | 5,834 | T2×6, T4×61, T5×68",exploratory,draft table 42,table 42 (OOXML ordinal),DAVIS; SegTrack where specified,see exact claim/protocol,see source; not inferred,historical source; exact run identity not fully archived,audit_workspace/source/legacy/core.py; audit_workspace/source/legacy/fig_e21.py,"DOCX table 42, row 11; q1q3_all90.json; e21_clip.json",video,,,,,,,PROVISIONAL,"Exact source statement retained; not independently confirmed merely by appearance in draft/page. Missing fields are unknown or inapplicable, not zero."
DRAFT-T42-R11,"World model | 1000 | 22,877 | T2×6, T4×61, T5×68",exploratory,draft table 42,table 42 (OOXML ordinal),DAVIS; SegTrack where specified,see exact claim/protocol,see source; not inferred,historical source; exact run identity not fully archived,audit_workspace/source/legacy/core.py; audit_workspace/source/legacy/fig_e21.py,"DOCX table 42, row 12; q1q3_all90.json; e21_clip.json",video,,,,,,,PROVISIONAL,"Exact source statement retained; not independently confirmed merely by appearance in draft/page. Missing fields are unknown or inapplicable, not zero."
DRAFT-T42-R12,"World model | 2000 | 44,181 | T2×6, T4×61, T5×68",exploratory,draft table 42,table 42 (OOXML ordinal),DAVIS; SegTrack where specified,see exact claim/protocol,see source; not inferred,historical source; exact run identity not fully archived,audit_workspace/source/legacy/core.py; audit_workspace/source/legacy/fig_e21.py,"DOCX table 42, row 13; q1q3_all90.json; e21_clip.json",video,,,,,,,PROVISIONAL,"Exact source statement retained; not independently confirmed merely by appearance in draft/page. Missing fields are unknown or inapplicable, not zero."
DRAFT-T43-R01,"Reframe the optimisation target from what item to store to what the downstream consumer actually reads out | Consumer-conditioned distortion D_c(e, Delta) replaces reconstruction error as the objective (§3.1); every result in the paper is measured through a consumer read-out | Met",exploratory,draft table 43,table 43 (OOXML ordinal),synthetic serving,see exact claim/protocol,see source; not inferred,historical source; exact run identity not fully archived,audit_workspace/source/legacy/mp_store.py; audit_workspace/source/legacy/mt_store.py,"DOCX table 43, row 2; mp_store2.json; mt_store.json",run / synthetic trace,,,,,,,PROVISIONAL,"Exact source statement retained; not independently confirmed merely by appearance in draft/page. Missing fields are unknown or inapplicable, not zero."
DRAFT-T43-R02,"Logic chain: fidelity requirement → representation | R_c(eps) returns tier and reference frame (§3.1, §3.3, §6.1, §6.2) | Met",exploratory,draft table 43,table 43 (OOXML ordinal),DAVIS; SegTrack where specified,see exact claim/protocol,see source; not inferred,historical source; exact run identity not fully archived,audit_workspace/source/legacy/core.py; audit_workspace/source/legacy/fig_e21.py,"DOCX table 43, row 3; q1q3_all90.json; e21_clip.json",video,,,,,,,PROVISIONAL,"Exact source statement retained; not independently confirmed merely by appearance in draft/page. Missing fields are unknown or inapplicable, not zero."
DRAFT-T43-R03,"… → retrieve | Measured channel, §6.3; selector arm, §6.7 | Met",exploratory,draft table 43,table 43 (OOXML ordinal),DAVIS; SegTrack where specified,see exact claim/protocol,see source; not inferred,historical source; exact run identity not fully archived,audit_workspace/source/legacy/core.py; audit_workspace/source/legacy/fig_e21.py,"DOCX table 43, row 4; q1q3_all90.json; e21_clip.json",video,,,,,,,PROVISIONAL,"Exact source statement retained; not independently confirmed merely by appearance in draft/page. Missing fields are unknown or inapplicable, not zero."
DRAFT-T43-R04,"… → re-observe | Measured channel with travel and sensing decomposed, §6.3; selector arm, §6.7 | Met",exploratory,draft table 43,table 43 (OOXML ordinal),DAVIS; SegTrack where specified,see exact claim/protocol,see source; not inferred,historical source; exact run identity not fully archived,audit_workspace/source/legacy/core.py; audit_workspace/source/legacy/fig_e21.py,"DOCX table 43, row 5; q1q3_all90.json; e21_clip.json",video,,,,,,,PROVISIONAL,"Exact source statement retained; not independently confirmed merely by appearance in draft/page. Missing fields are unknown or inapplicable, not zero."
DRAFT-T43-R05,"… → imagine | §6.9, new. Rolling the stale latent forward through the fitted transition, measured against the other two channels on one footing | Met (was missing)",exploratory,draft table 43,table 43 (OOXML ordinal),DAVIS; SegTrack where specified,see exact claim/protocol,see source; not inferred,historical source; exact run identity not fully archived,audit_workspace/source/legacy/core.py; audit_workspace/source/legacy/fig_e21.py,"DOCX table 43, row 6; q1q3_all90.json; e21_clip.json",video,,,,,,,PROVISIONAL,"Exact source statement retained; not independently confirmed merely by appearance in draft/page. Missing fields are unknown or inapplicable, not zero."
DRAFT-T43-R06,System / architecture potential (DAC / ISCA / MLSys) | Memory layout as an interface constraint (§8.1); a runtime with table lookup and no online estimation (§4); measured latency / energy / GPU-memory curves (§6.3); a three-way selector map a scheduler can index (§6.9) | Met,exploratory,draft table 43,table 43 (OOXML ordinal),DAVIS,see exact claim/protocol,see source; not inferred,historical source; exact run identity not fully archived,audit_workspace/source/legacy/relayout.py; audit_workspace/source/legacy/frame_ref.py,"DOCX table 43, row 7; relayout.json; frame_ref3.json",video,,,,,,,PROVISIONAL,"Exact source statement retained; not independently confirmed merely by appearance in draft/page. Missing fields are unknown or inapplicable, not zero."
DRAFT-T43-R07,Q1 Do different real downstream consumers need clearly different fidelity / representation? | §6.2 — optimum inverts across consumers; 8 inversions survive Holm | Answered: yes,exploratory,draft table 43,table 43 (OOXML ordinal),DAVIS; SegTrack where specified,see exact claim/protocol,see source; not inferred,historical source; exact run identity not fully archived,audit_workspace/source/legacy/core.py; audit_workspace/source/legacy/fig_e21.py,"DOCX table 43, row 8; q1q3_all90.json; e21_clip.json",video,,,,,,,PROVISIONAL,"Exact source statement retained; not independently confirmed merely by appearance in draft/page. Missing fields are unknown or inapplicable, not zero."
DRAFT-T43-R08,"Q2 Under real system cost, is there a meaningful crossing point between retrieve and re-observe? | §6.3 — no crossing on the cost axis; it exists on the travel axis. §6.9 adds the genuine three-way crossing | Answered: no on cost, yes on travel",exploratory,draft table 43,table 43 (OOXML ordinal),DAVIS; SegTrack where specified,see exact claim/protocol,see source; not inferred,historical source; exact run identity not fully archived,audit_workspace/source/legacy/core.py; audit_workspace/source/legacy/fig_e21.py,"DOCX table 43, row 9; q1q3_all90.json; e21_clip.json",video,,,,,,,PROVISIONAL,"Exact source statement retained; not independently confirmed merely by appearance in draft/page. Missing fields are unknown or inapplicable, not zero."
DRAFT-T43-R09,"Q3 Does staleness move the decision boundary? | §6.4 — yes, and in 2 of 18 cells into a band a deadline cannot express | Answered: yes",exploratory,draft table 43,table 43 (OOXML ordinal),DAVIS; SegTrack where specified,see exact claim/protocol,see source; not inferred,historical source; exact run identity not fully archived,audit_workspace/source/legacy/core.py; audit_workspace/source/legacy/fig_e21.py,"DOCX table 43, row 10; q1q3_all90.json; e21_clip.json",video,,,,,,,PROVISIONAL,"Exact source statement retained; not independently confirmed merely by appearance in draft/page. Missing fields are unknown or inapplicable, not zero."
DRAFT-T43-R10,"Aug 14 pipeline, all seven stages | §4 (specification) and §6.7 (built and scored on 45 held-out videos) | Met",exploratory,draft table 43,table 43 (OOXML ordinal),DAVIS; SegTrack where specified,see exact claim/protocol,see source; not inferred,historical source; exact run identity not fully archived,audit_workspace/source/legacy/core.py; audit_workspace/source/legacy/fig_e21.py,"DOCX table 43, row 11; q1q3_all90.json; e21_clip.json",video,,,,,,,PROVISIONAL,"Exact source statement retained; not independently confirmed merely by appearance in draft/page. Missing fields are unknown or inapplicable, not zero."
DRAFT-T43-R11,"Tier ladder: predicate/symbolic, structured/latent, compressed visual, full visual | All four categories instantiated across 8 rungs, 1 B → 463 KB (§5) | Met",exploratory,draft table 43,table 43 (OOXML ordinal),DAVIS; SegTrack where specified,see exact claim/protocol,see source; not inferred,historical source; exact run identity not fully archived,audit_workspace/source/legacy/core.py; audit_workspace/source/legacy/fig_e21.py,"DOCX table 43, row 12; q1q3_all90.json; e21_clip.json",video,,,,,,,PROVISIONAL,"Exact source statement retained; not independently confirmed merely by appearance in draft/page. Missing fields are unknown or inapplicable, not zero."
DRAFT-T43-R12,"Experiment 2.1 — consumer × fidelity, X = representation, Y = consumer | §6.2, Figure 3 — delivered at two staleness levels, exceeding the request | Met",exploratory,draft table 43,table 43 (OOXML ordinal),DAVIS; SegTrack where specified,see exact claim/protocol,see source; not inferred,historical source; exact run identity not fully archived,audit_workspace/source/legacy/core.py; audit_workspace/source/legacy/fig_e21.py,"DOCX table 43, row 13; q1q3_all90.json; e21_clip.json",video,,,,,,,PROVISIONAL,"Exact source statement retained; not independently confirmed merely by appearance in draft/page. Missing fields are unknown or inapplicable, not zero."
DRAFT-T43-R13,"Experiment 2.2 — retrieval: bytes, TTFT, GPU memory, energy | §6.3, Figure 4, all four measured | Met",exploratory,draft table 43,table 43 (OOXML ordinal),DAVIS; SegTrack where specified,see exact claim/protocol,see source; not inferred,historical source; exact run identity not fully archived,audit_workspace/source/legacy/core.py; audit_workspace/source/legacy/fig_e21.py,"DOCX table 43, row 14; q1q3_all90.json; e21_clip.json",video,,,,,,,PROVISIONAL,"Exact source statement retained; not independently confirmed merely by appearance in draft/page. Missing fields are unknown or inapplicable, not zero."
DRAFT-T43-R14,"Experiment 2.2 — re-observe: travel time, sensing latency, energy | §6.3, Figure 4, all three measured | Met",exploratory,draft table 43,table 43 (OOXML ordinal),DAVIS; SegTrack where specified,see exact claim/protocol,see source; not inferred,historical source; exact run identity not fully archived,audit_workspace/source/legacy/core.py; audit_workspace/source/legacy/fig_e21.py,"DOCX table 43, row 15; q1q3_all90.json; e21_clip.json",video,,,,,,,PROVISIONAL,"Exact source statement retained; not independently confirmed merely by appearance in draft/page. Missing fields are unknown or inapplicable, not zero."
DRAFT-T44-R01,1 | Retrieval energy span | 946× | 956×,exploratory,draft table 44,table 44 (OOXML ordinal),DAVIS; SegTrack where specified,see exact claim/protocol,see source; not inferred,historical source; exact run identity not fully archived,audit_workspace/source/legacy/core.py; audit_workspace/source/legacy/fig_e21.py,"DOCX table 44, row 2; q1q3_all90.json; e21_clip.json",video,,,,,,,PROVISIONAL,"Exact source statement retained; not independently confirmed merely by appearance in draft/page. Missing fields are unknown or inapplicable, not zero."
DRAFT-T44-R02,2 | Retrieval latency span | 360× | 364×,exploratory,draft table 44,table 44 (OOXML ordinal),DAVIS; SegTrack where specified,see exact claim/protocol,see source; not inferred,historical source; exact run identity not fully archived,audit_workspace/source/legacy/core.py; audit_workspace/source/legacy/fig_e21.py,"DOCX table 44, row 3; q1q3_all90.json; e21_clip.json",video,,,,,,,PROVISIONAL,"Exact source statement retained; not independently confirmed merely by appearance in draft/page. Missing fields are unknown or inapplicable, not zero."
DRAFT-T44-R03,"3 | Age-conditioned dynamics, best gain | 3.2× | 3.44×",exploratory,draft table 44,table 44 (OOXML ordinal),DAVIS; SegTrack where specified,see exact claim/protocol,see source; not inferred,historical source; exact run identity not fully archived,audit_workspace/source/legacy/core.py; audit_workspace/source/legacy/fig_e21.py,"DOCX table 44, row 4; q1q3_all90.json; e21_clip.json",video,,,,,,,PROVISIONAL,"Exact source statement retained; not independently confirmed merely by appearance in draft/page. Missing fields are unknown or inapplicable, not zero."
DRAFT-T44-R04,"4 | Fitted shrinkage vs oracle | “within 0.5–4%” | median 0.51%, p90 4.26%, worst 7.36%",exploratory,draft table 44,table 44 (OOXML ordinal),DAVIS; SegTrack where specified,see exact claim/protocol,see source; not inferred,historical source; exact run identity not fully archived,audit_workspace/source/legacy/core.py; audit_workspace/source/legacy/fig_e21.py,"DOCX table 44, row 5; q1q3_all90.json; e21_clip.json",video,,,,,,,PROVISIONAL,"Exact source statement retained; not independently confirmed merely by appearance in draft/page. Missing fields are unknown or inapplicable, not zero."
DRAFT-T44-R05,"5 | FRAME vs optimal threshold, world model | +3.9% [+1.5, +8.7] | +4.43% [+2.98, +5.98]",exploratory,draft table 44,table 44 (OOXML ordinal),DAVIS; SegTrack where specified,see exact claim/protocol,see source; not inferred,historical source; exact run identity not fully archived,audit_workspace/source/legacy/core.py; audit_workspace/source/legacy/fig_e21.py,"DOCX table 44, row 6; q1q3_all90.json; e21_clip.json",video,,,,,,,PROVISIONAL,"Exact source statement retained; not independently confirmed merely by appearance in draft/page. Missing fields are unknown or inapplicable, not zero."
DRAFT-T44-R06,"6 | Same-sign count, planner | 10/10 | 7/10 (verifier and world model are 10/10)",exploratory,draft table 44,table 44 (OOXML ordinal),DAVIS; SegTrack where specified,see exact claim/protocol,see source; not inferred,historical source; exact run identity not fully archived,audit_workspace/source/legacy/core.py; audit_workspace/source/legacy/fig_e21.py,"DOCX table 44, row 7; q1q3_all90.json; e21_clip.json",video,,,,,,,PROVISIONAL,"Exact source statement retained; not independently confirmed merely by appearance in draft/page. Missing fields are unknown or inapplicable, not zero."
DRAFT-T44-R07,7 | “385× the energy” | asserted | not reproducible; the verifiable figure is 902× vs always-retrieve on the arm,exploratory,draft table 44,table 44 (OOXML ordinal),DAVIS; SegTrack where specified,see exact claim/protocol,see source; not inferred,historical source; exact run identity not fully archived,audit_workspace/source/legacy/core.py; audit_workspace/source/legacy/fig_e21.py,"DOCX table 44, row 8; q1q3_all90.json; e21_clip.json",video,,,,,,,PROVISIONAL,"Exact source statement retained; not independently confirmed merely by appearance in draft/page. Missing fields are unknown or inapplicable, not zero."
DRAFT-T44-R08,"8 | Recalibration retires expiry | “6 of 6 cells” (age-zero floor) | 2 of 6 under the age-matched floor, both world model",exploratory,draft table 44,table 44 (OOXML ordinal),DAVIS; SegTrack where specified,see exact claim/protocol,see source; not inferred,historical source; exact run identity not fully archived,audit_workspace/source/legacy/core.py; audit_workspace/source/legacy/fig_e21.py,"DOCX table 44, row 9; q1q3_all90.json; e21_clip.json",video,,,,,,,PROVISIONAL,"Exact source statement retained; not independently confirmed merely by appearance in draft/page. Missing fields are unknown or inapplicable, not zero."
DRAFT-T44-R09,"9 | Selector interval, Holm claim 11 | CI [+0.137, +0.174] | [+0.089, +0.230] — 3.8× wider at the correct resampling unit",exploratory,draft table 44,table 44 (OOXML ordinal),DAVIS; SegTrack where specified,see exact claim/protocol,see source; not inferred,historical source; exact run identity not fully archived,audit_workspace/source/legacy/core.py; audit_workspace/source/legacy/fig_e21.py,"DOCX table 44, row 10; q1q3_all90.json; e21_clip.json",video,,,,,,,PROVISIONAL,"Exact source statement retained; not independently confirmed merely by appearance in draft/page. Missing fields are unknown or inapplicable, not zero."
DRAFT-T44-R10,"10 | Imagine vs retrieve gap (§6.9) | 1.7×–9.6× | 1.4×–5.3× — first version scored against the PCA image of the future, not the raw grid",exploratory,draft table 44,table 44 (OOXML ordinal),DAVIS,see exact claim/protocol,see source; not inferred,historical source; exact run identity not fully archived,audit_workspace/source/legacy/relayout.py; audit_workspace/source/legacy/frame_ref.py,"DOCX table 44, row 11; relayout.json; frame_ref3.json",video,,,,,,,PROVISIONAL,"Exact source statement retained; not independently confirmed merely by appearance in draft/page. Missing fields are unknown or inapplicable, not zero."
DRAFT-T44-R11,"11 | Verifier permutation cost (§6.1) | ""loses only 1.06–1.13×"" | censored by a ceiling — 30/30 videos at the metric ceiling; +0.204 on unsaturated videos",exploratory,draft table 44,table 44 (OOXML ordinal),DAVIS,see exact claim/protocol,see source; not inferred,historical source; exact run identity not fully archived,audit_workspace/source/legacy/relayout.py; audit_workspace/source/legacy/frame_ref.py,"DOCX table 44, row 12; relayout.json; frame_ref3.json",video,,,,,,,PROVISIONAL,"Exact source statement retained; not independently confirmed merely by appearance in draft/page. Missing fields are unknown or inapplicable, not zero."
AUDIT-L1,Archived natural loss normalized using ratio_of_means is 0.052007445 in the saved 30-video relayout result.,exploratory,audited layout,Figure 4,DAVIS saved scores,ridge spatial readout,"DINOv2 frozen, legacy","artifact reanalysis, not raw feature regeneration",scripts/recompute_audit.py,artifacts/processed/layout.csv; audit_workspace/source/legacy/relayout.json,video,30,0.05200744469536301,"[0.04825644294950043, 0.05567734336442771]",,,,CONFIRMED,Confirmed ONLY as bounded arithmetic statement about archived scores; causal/robotics generalization remains provisional. Pointwise paired video bootstrap interval.
AUDIT-L2,Archived natural loss normalized using mean_of_ratios is 0.052756707 in the saved 30-video relayout result.,exploratory,audited layout,Figure 4,DAVIS saved scores,ridge spatial readout,"DINOv2 frozen, legacy","artifact reanalysis, not raw feature regeneration",scripts/recompute_audit.py,artifacts/processed/layout.csv; audit_workspace/source/legacy/relayout.json,video,30,0.05275670685473591,"[0.049162074488345316, 0.056231717073055305]",,,,CONFIRMED,Confirmed ONLY as bounded arithmetic statement about archived scores; causal/robotics generalization remains provisional. Pointwise paired video bootstrap interval.
AUDIT-L3,Archived permuted loss normalized using ratio_of_means is 1.072990872 in the saved 30-video relayout result.,exploratory,audited layout,Figure 4,DAVIS saved scores,ridge spatial readout,"DINOv2 frozen, legacy","artifact reanalysis, not raw feature regeneration",scripts/recompute_audit.py,artifacts/processed/layout.csv; audit_workspace/source/legacy/relayout.json,video,30,1.0729908720974883,"[0.950271857623368, 1.218640760183499]",,,,CONFIRMED,Confirmed ONLY as bounded arithmetic statement about archived scores; causal/robotics generalization remains provisional. Pointwise paired video bootstrap interval.
AUDIT-L4,Archived permuted loss normalized using mean_of_ratios is 1.120801554 in the saved 30-video relayout result.,exploratory,audited layout,Figure 4,DAVIS saved scores,ridge spatial readout,"DINOv2 frozen, legacy","artifact reanalysis, not raw feature regeneration",scripts/recompute_audit.py,artifacts/processed/layout.csv; audit_workspace/source/legacy/relayout.json,video,30,1.1208015543396634,"[0.9855298055924955, 1.270887765164492]",,,,CONFIRMED,Confirmed ONLY as bounded arithmetic statement about archived scores; causal/robotics generalization remains provisional. Pointwise paired video bootstrap interval.
AUDIT-L5,Archived permuted+inverse loss normalized using ratio_of_means is 0.052007445 in the saved 30-video relayout result.,exploratory,audited layout,Figure 4,DAVIS saved scores,ridge spatial readout,"DINOv2 frozen, legacy","artifact reanalysis, not raw feature regeneration",scripts/recompute_audit.py,artifacts/processed/layout.csv; audit_workspace/source/legacy/relayout.json,video,30,0.05200744469536301,"[0.04825644294950043, 0.05567734336442771]",,,,CONFIRMED,Confirmed ONLY as bounded arithmetic statement about archived scores; causal/robotics generalization remains provisional. Pointwise paired video bootstrap interval.
AUDIT-L6,Archived permuted+inverse loss normalized using mean_of_ratios is 0.052756707 in the saved 30-video relayout result.,exploratory,audited layout,Figure 4,DAVIS saved scores,ridge spatial readout,"DINOv2 frozen, legacy","artifact reanalysis, not raw feature regeneration",scripts/recompute_audit.py,artifacts/processed/layout.csv; audit_workspace/source/legacy/relayout.json,video,30,0.05275670685473591,"[0.049162074488345316, 0.056231717073055305]",,,,CONFIRMED,Confirmed ONLY as bounded arithmetic statement about archived scores; causal/robotics generalization remains provisional. Pointwise paired video bootstrap interval.
AUDIT-hidden_minus_natural,Archived paired contrast: hidden_minus_natural,exploratory,layout reanalysis,Figure 3 / Figure 4,DAVIS saved scores,ridge spatial readout,legacy DINOv2,paired video bootstrap; two-sided random sign test; symmetry/exchangeability assumption,scripts/recompute_audit.py,artifacts/processed/layout_tests.csv,video,30,1.0209834274021252,"[0.8992728870529907, 1.1650633508540817]",1e-05,LAYOUT_REAUDIT_EXPLORATORY,4e-05,PROVISIONAL,Post-hoc reanalysis cannot become confirmatory. Original tensors and exact run identity missing.
AUDIT-below_minus_reader_ro3,Archived paired contrast: below_minus_reader_ro3,exploratory,layout reanalysis,Figure 3 / Figure 4,DAVIS saved scores,ridge spatial readout,legacy DINOv2,paired video bootstrap; two-sided random sign test; symmetry/exchangeability assumption,scripts/recompute_audit.py,artifacts/processed/layout_tests.csv,video,30,0.13423498040332488,"[0.1200348032989708, 0.14872795585705187]",1e-05,LAYOUT_REAUDIT_EXPLORATORY,4e-05,PROVISIONAL,Post-hoc reanalysis cannot become confirmatory. Original tensors and exact run identity missing.
AUDIT-below_minus_reader_ro4,Archived paired contrast: below_minus_reader_ro4,exploratory,layout reanalysis,Figure 3 / Figure 4,DAVIS saved scores,ridge spatial readout,legacy DINOv2,paired video bootstrap; two-sided random sign test; symmetry/exchangeability assumption,scripts/recompute_audit.py,artifacts/processed/layout_tests.csv,video,30,0.10501986858158809,"[0.09465574516008166, 0.11592923102515164]",1e-05,LAYOUT_REAUDIT_EXPLORATORY,4e-05,PROVISIONAL,Post-hoc reanalysis cannot become confirmatory. Original tensors and exact run identity missing.
AUDIT-below_minus_reader_ro6,Archived paired contrast: below_minus_reader_ro6,exploratory,layout reanalysis,Figure 3 / Figure 4,DAVIS saved scores,ridge spatial readout,legacy DINOv2,paired video bootstrap; two-sided random sign test; symmetry/exchangeability assumption,scripts/recompute_audit.py,artifacts/processed/layout_tests.csv,video,30,0.10439608224173688,"[0.09580076280793544, 0.11367266422587506]",1e-05,LAYOUT_REAUDIT_EXPLORATORY,4e-05,PROVISIONAL,Post-hoc reanalysis cannot become confirmatory. Original tensors and exact run identity missing.
FUTURE-H1,H1 consumer-conditioned requirements differ,confirmatory,future preregistration draft,,,,,,,configs/statistics.json; configs/pilot.json,,,,,,,,NOT_SUPPORTED,"Planned test, not a result; endpoints/margins/task IDs not frozen; no experiment executed."
FUTURE-H2,H2 unknown permutation degrades utility and recovery meets an equivalence margin,confirmatory,future preregistration draft,,,,,,,configs/statistics.json; configs/pilot.json,,,,,,,,NOT_SUPPORTED,"Planned test, not a result; endpoints/margins/task IDs not frozen; no experiment executed."
FUTURE-H3,H3 serving operating points differ,confirmatory,future preregistration draft,,,,,,,configs/statistics.json; configs/pilot.json,,,,,,,,NOT_SUPPORTED,"Planned test, not a result; endpoints/margins/task IDs not frozen; no experiment executed."
FUTURE-H4,H4 closed-loop task and system Pareto benefit,confirmatory,future preregistration draft,,,,,,,configs/statistics.json; configs/pilot.json,,,,,,,,NOT_SUPPORTED,"Planned test, not a result; endpoints/margins/task IDs not frozen; no experiment executed."
SERVER-R0,Maximum absolute difference between regenerated and archived per-video scores.,exploratory,Server evidence,Server reproduction / layout,DAVIS cached features or synthetic serving,fixed probe / synthetic spatial reduction,DINOv2 cache / fixed kernel,see cited script and source artifact,scripts/analyze_server.py,artifacts/raw/relayout_reproduced.json,video,30,1.6150525361524615e-11,,,,,CONFIRMED,"Reproduces cached-feature training/evaluation, not extraction from original RGB or a learned world model."
SERVER-R1-ratio_of_means,natural normalized spatial readout loss; ratio_of_means.,exploratory,Server evidence,Server reproduction / layout,DAVIS cached features or synthetic serving,fixed probe / synthetic spatial reduction,DINOv2 cache / fixed kernel,see cited script and source artifact,scripts/analyze_server.py,artifacts/raw/relayout_reproduced.json,video,30,0.05200744469535797,,,,,CONFIRMED,
SERVER-R1-mean_of_ratios,natural normalized spatial readout loss; mean_of_ratios.,exploratory,Server evidence,Server reproduction / layout,DAVIS cached features or synthetic serving,fixed probe / synthetic spatial reduction,DINOv2 cache / fixed kernel,see cited script and source artifact,scripts/analyze_server.py,artifacts/raw/relayout_reproduced.json,video,30,0.05275670685472978,,,,,CONFIRMED,
SERVER-R2-ratio_of_means,permuted normalized spatial readout loss; ratio_of_means.,exploratory,Server evidence,Server reproduction / layout,DAVIS cached features or synthetic serving,fixed probe / synthetic spatial reduction,DINOv2 cache / fixed kernel,see cited script and source artifact,scripts/analyze_server.py,artifacts/raw/relayout_reproduced.json,video,30,1.072990872099978,,,,,CONFIRMED,
SERVER-R2-mean_of_ratios,permuted normalized spatial readout loss; mean_of_ratios.,exploratory,Server evidence,Server reproduction / layout,DAVIS cached features or synthetic serving,fixed probe / synthetic spatial reduction,DINOv2 cache / fixed kernel,see cited script and source artifact,scripts/analyze_server.py,artifacts/raw/relayout_reproduced.json,video,30,1.1208015543428302,,,,,CONFIRMED,
SERVER-R3-ratio_of_means,permuted+inverse normalized spatial readout loss; ratio_of_means.,exploratory,Server evidence,Server reproduction / layout,DAVIS cached features or synthetic serving,fixed probe / synthetic spatial reduction,DINOv2 cache / fixed kernel,see cited script and source artifact,scripts/analyze_server.py,artifacts/raw/relayout_reproduced.json,video,30,0.05200744469535797,,,,,CONFIRMED,
SERVER-R3-mean_of_ratios,permuted+inverse normalized spatial readout loss; mean_of_ratios.,exploratory,Server evidence,Server reproduction / layout,DAVIS cached features or synthetic serving,fixed probe / synthetic spatial reduction,DINOv2 cache / fixed kernel,see cited script and source artifact,scripts/analyze_server.py,artifacts/raw/relayout_reproduced.json,video,30,0.05275670685472978,,,,,CONFIRMED,
SERVER-F0,natural latent_drift absolute loss with natural-trained frozen consumer.,exploratory,Server evidence,Server reproduction / layout,DAVIS cached features or synthetic serving,fixed probe / synthetic spatial reduction,DINOv2 cache / fixed kernel,see cited script and source artifact,scripts/analyze_server.py,artifacts/raw/fixed_reader.json,video,30,0.022144808141492653,"[0.02063752639140834, 0.02371414309101821]",,,,CONFIRMED,Single predetermined donor/shuffle assignment; no complete fidelity/age sweep.
SERVER-F1,natural planner_error absolute loss with natural-trained frozen consumer.,exploratory,Server evidence,Server reproduction / layout,DAVIS cached features or synthetic serving,fixed probe / synthetic spatial reduction,DINOv2 cache / fixed kernel,see cited script and source artifact,scripts/analyze_server.py,artifacts/raw/fixed_reader.json,video,30,0.4943912551014299,"[0.3701046851625186, 0.6196316407740892]",,,,CONFIRMED,Single predetermined donor/shuffle assignment; no complete fidelity/age sweep.
SERVER-F2,natural verifier_error absolute loss with natural-trained frozen consumer.,exploratory,Server evidence,Server reproduction / layout,DAVIS cached features or synthetic serving,fixed probe / synthetic spatial reduction,DINOv2 cache / fixed kernel,see cited script and source artifact,scripts/analyze_server.py,artifacts/raw/fixed_reader.json,video,30,0.833232484893183,"[0.7645661049028352, 0.894857230531582]",,,,CONFIRMED,Single predetermined donor/shuffle assignment; no complete fidelity/age sweep.
SERVER-F3,hidden latent_drift absolute loss with natural-trained frozen consumer.,exploratory,Server evidence,Server reproduction / layout,DAVIS cached features or synthetic serving,fixed probe / synthetic spatial reduction,DINOv2 cache / fixed kernel,see cited script and source artifact,scripts/analyze_server.py,artifacts/raw/fixed_reader.json,video,30,0.4398637203962318,"[0.3994709730617172, 0.47966257522731603]",,,,CONFIRMED,Single predetermined donor/shuffle assignment; no complete fidelity/age sweep.
SERVER-F4,hidden planner_error absolute loss with natural-trained frozen consumer.,exploratory,Server evidence,Server reproduction / layout,DAVIS cached features or synthetic serving,fixed probe / synthetic spatial reduction,DINOv2 cache / fixed kernel,see cited script and source artifact,scripts/analyze_server.py,artifacts/raw/fixed_reader.json,video,30,0.5211879665542521,"[0.3895971010291306, 0.651923206757203]",,,,CONFIRMED,Single predetermined donor/shuffle assignment; no complete fidelity/age sweep.
SERVER-F5,hidden verifier_error absolute loss with natural-trained frozen consumer.,exploratory,Server evidence,Server reproduction / layout,DAVIS cached features or synthetic serving,fixed probe / synthetic spatial reduction,DINOv2 cache / fixed kernel,see cited script and source artifact,scripts/analyze_server.py,artifacts/raw/fixed_reader.json,video,30,1.0,"[1.0, 1.0]",,,,CONFIRMED,Single predetermined donor/shuffle assignment; no complete fidelity/age sweep.
SERVER-F6,inverse latent_drift absolute loss with natural-trained frozen consumer.,exploratory,Server evidence,Server reproduction / layout,DAVIS cached features or synthetic serving,fixed probe / synthetic spatial reduction,DINOv2 cache / fixed kernel,see cited script and source artifact,scripts/analyze_server.py,artifacts/raw/fixed_reader.json,video,30,0.022144808141492653,"[0.020635239108596718, 0.02370777246995941]",,,,CONFIRMED,Single predetermined donor/shuffle assignment; no complete fidelity/age sweep.
SERVER-F7,inverse planner_error absolute loss with natural-trained frozen consumer.,exploratory,Server evidence,Server reproduction / layout,DAVIS cached features or synthetic serving,fixed probe / synthetic spatial reduction,DINOv2 cache / fixed kernel,see cited script and source artifact,scripts/analyze_server.py,artifacts/raw/fixed_reader.json,video,30,0.4943912551014299,"[0.3676525449507883, 0.6185914441286293]",,,,CONFIRMED,Single predetermined donor/shuffle assignment; no complete fidelity/age sweep.
SERVER-F8,inverse verifier_error absolute loss with natural-trained frozen consumer.,exploratory,Server evidence,Server reproduction / layout,DAVIS cached features or synthetic serving,fixed probe / synthetic spatial reduction,DINOv2 cache / fixed kernel,see cited script and source artifact,scripts/analyze_server.py,artifacts/raw/fixed_reader.json,video,30,0.833232484893183,"[0.7635434142137202, 0.8960348380430799]",,,,CONFIRMED,Single predetermined donor/shuffle assignment; no complete fidelity/age sweep.
SERVER-F9,time_shuffled_within_sequence latent_drift absolute loss with natural-trained frozen consumer.,exploratory,Server evidence,Server reproduction / layout,DAVIS cached features or synthetic serving,fixed probe / synthetic spatial reduction,DINOv2 cache / fixed kernel,see cited script and source artifact,scripts/analyze_server.py,artifacts/raw/fixed_reader.json,video,30,0.09839337456343031,"[0.07348959313728569, 0.12799948992974486]",,,,CONFIRMED,Single predetermined donor/shuffle assignment; no complete fidelity/age sweep.
SERVER-F10,time_shuffled_within_sequence planner_error absolute loss with natural-trained frozen consumer.,exploratory,Server evidence,Server reproduction / layout,DAVIS cached features or synthetic serving,fixed probe / synthetic spatial reduction,DINOv2 cache / fixed kernel,see cited script and source artifact,scripts/analyze_server.py,artifacts/raw/fixed_reader.json,video,30,0.5212327104188871,"[0.4015543041358264, 0.6400277333444179]",,,,CONFIRMED,Single predetermined donor/shuffle assignment; no complete fidelity/age sweep.
SERVER-F11,time_shuffled_within_sequence verifier_error absolute loss with natural-trained frozen consumer.,exploratory,Server evidence,Server reproduction / layout,DAVIS cached features or synthetic serving,fixed probe / synthetic spatial reduction,DINOv2 cache / fixed kernel,see cited script and source artifact,scripts/analyze_server.py,artifacts/raw/fixed_reader.json,video,30,0.8695732933070129,"[0.8151234116636659, 0.9189466261307553]",,,,CONFIRMED,Single predetermined donor/shuffle assignment; no complete fidelity/age sweep.
SERVER-F12,cross_sequence_train_donor latent_drift absolute loss with natural-trained frozen consumer.,exploratory,Server evidence,Server reproduction / layout,DAVIS cached features or synthetic serving,fixed probe / synthetic spatial reduction,DINOv2 cache / fixed kernel,see cited script and source artifact,scripts/analyze_server.py,artifacts/raw/fixed_reader.json,video,30,0.7154550833156536,"[0.6704929763873286, 0.755718072955607]",,,,CONFIRMED,Single predetermined donor/shuffle assignment; no complete fidelity/age sweep.
SERVER-F13,cross_sequence_train_donor planner_error absolute loss with natural-trained frozen consumer.,exploratory,Server evidence,Server reproduction / layout,DAVIS cached features or synthetic serving,fixed probe / synthetic spatial reduction,DINOv2 cache / fixed kernel,see cited script and source artifact,scripts/analyze_server.py,artifacts/raw/fixed_reader.json,video,30,0.5733541983607555,"[0.47908082884200975, 0.6658483656131218]",,,,CONFIRMED,Single predetermined donor/shuffle assignment; no complete fidelity/age sweep.
SERVER-F14,cross_sequence_train_donor verifier_error absolute loss with natural-trained frozen consumer.,exploratory,Server evidence,Server reproduction / layout,DAVIS cached features or synthetic serving,fixed probe / synthetic spatial reduction,DINOv2 cache / fixed kernel,see cited script and source artifact,scripts/analyze_server.py,artifacts/raw/fixed_reader.json,video,30,0.8373177509169593,"[0.7498159994659253, 0.9157787283130306]",,,,CONFIRMED,Single predetermined donor/shuffle assignment; no complete fidelity/age sweep.
SERVER-cpu-cases,cpu completed cases in server layout characterization.,exploratory,Server evidence,Server reproduction / layout,DAVIS cached features or synthetic serving,fixed probe / synthetic spatial reduction,DINOv2 cache / fixed kernel,see cited script and source artifact,scripts/analyze_server.py,artifacts/raw/server/cpu_machine.json,run block,5852,76,,,,,CONFIRMED,Descriptive count; fixed synthetic consumer; timing scope set by versioned implementation.
SERVER-cpu-blocks,cpu completed blocks in server layout characterization.,exploratory,Server evidence,Server reproduction / layout,DAVIS cached features or synthetic serving,fixed probe / synthetic spatial reduction,DINOv2 cache / fixed kernel,see cited script and source artifact,scripts/analyze_server.py,artifacts/raw/server/cpu_machine.json,run block,5852,5852,,,,,CONFIRMED,Descriptive count; fixed synthetic consumer; timing scope set by versioned implementation.
SERVER-cpu-correct_checks,cpu completed correct_checks in server layout characterization.,exploratory,Server evidence,Server reproduction / layout,DAVIS cached features or synthetic serving,fixed probe / synthetic spatial reduction,DINOv2 cache / fixed kernel,see cited script and source artifact,scripts/analyze_server.py,artifacts/raw/server/cpu_machine.json,run block,5852,456,,,,,CONFIRMED,Descriptive count; fixed synthetic consumer; timing scope set by versioned implementation.
SERVER-cuda-cases,cuda completed cases in server layout characterization.,exploratory,Server evidence,Server reproduction / layout,DAVIS cached features or synthetic serving,fixed probe / synthetic spatial reduction,DINOv2 cache / fixed kernel,see cited script and source artifact,scripts/analyze_server.py,artifacts/raw/server/cuda_machine.json,run block,5852,76,,,,,CONFIRMED,Descriptive count; fixed synthetic consumer; timing scope set by versioned implementation.
SERVER-cuda-blocks,cuda completed blocks in server layout characterization.,exploratory,Server evidence,Server reproduction / layout,DAVIS cached features or synthetic serving,fixed probe / synthetic spatial reduction,DINOv2 cache / fixed kernel,see cited script and source artifact,scripts/analyze_server.py,artifacts/raw/server/cuda_machine.json,run block,5852,5852,,,,,CONFIRMED,Descriptive count; fixed synthetic consumer; timing scope set by versioned implementation.
SERVER-cuda-correct_checks,cuda completed correct_checks in server layout characterization.,exploratory,Server evidence,Server reproduction / layout,DAVIS cached features or synthetic serving,fixed probe / synthetic spatial reduction,DINOv2 cache / fixed kernel,see cited script and source artifact,scripts/analyze_server.py,artifacts/raw/server/cuda_machine.json,run block,5852,456,,,,,CONFIRMED,Descriptive count; fixed synthetic consumer; timing scope set by versioned implementation.
MODEL-probe-episodes,Number of completed preselected single-state fresh-observation integration episodes.,exploratory,Learned world-action model integration,World-model visualization / descriptive probe,"LIBERO task 0: Spatial, Object, Goal; initial state 0 each",learned action and joint future-image generator,Cosmos Policy 2B; public Wan VAE variant; Torch 2.6 compatibility port,Three preselected states; fresh RGB and proprioception per 16-action decision; official done; synchronous simulation,scripts/cosmos_closed_loop_probe.py; scripts/export_closed_loop_gallery.py; scripts/plot_world_model_probe.py,artifacts/raw/cosmos/closed_loop_probe_4494/manifest.json,episode,3,3,,,,,CONFIRMED,"Integration scope only. No population success estimate, confidence interval or p-value; no FRAME advantage. NVIDIA tokenizer identity unestablished."
MODEL-libero_spatial-success,pick up the black bowl between the plate and the ramekin and place it on the plate: observed success for initial state 0.,exploratory,Learned world-action model integration,World-model visualization / descriptive probe,"LIBERO task 0: Spatial, Object, Goal; initial state 0 each",learned action and joint future-image generator,Cosmos Policy 2B; public Wan VAE variant; Torch 2.6 compatibility port,Three preselected states; fresh RGB and proprioception per 16-action decision; official done; synchronous simulation,scripts/cosmos_closed_loop_probe.py; scripts/export_closed_loop_gallery.py; scripts/plot_world_model_probe.py,artifacts/raw/cosmos/closed_loop_probe_4494/manifest.json,single initial-state episode,1,1.0,,,,,CONFIRMED,"Integration scope only. No population success estimate, confidence interval or p-value; no FRAME advantage. NVIDIA tokenizer identity unestablished."
MODEL-libero_spatial-steps,pick up the black bowl between the plate and the ramekin and place it on the plate: observed steps for initial state 0.,exploratory,Learned world-action model integration,World-model visualization / descriptive probe,"LIBERO task 0: Spatial, Object, Goal; initial state 0 each",learned action and joint future-image generator,Cosmos Policy 2B; public Wan VAE variant; Torch 2.6 compatibility port,Three preselected states; fresh RGB and proprioception per 16-action decision; official done; synchronous simulation,scripts/cosmos_closed_loop_probe.py; scripts/export_closed_loop_gallery.py; scripts/plot_world_model_probe.py,artifacts/raw/cosmos/closed_loop_probe_4494/manifest.json,single initial-state episode,1,76.0,,,,,CONFIRMED,"Integration scope only. No population success estimate, confidence interval or p-value; no FRAME advantage. NVIDIA tokenizer identity unestablished."
MODEL-libero_spatial-wall_seconds,pick up the black bowl between the plate and the ramekin and place it on the plate: observed wall_seconds for initial state 0.,exploratory,Learned world-action model integration,World-model visualization / descriptive probe,"LIBERO task 0: Spatial, Object, Goal; initial state 0 each",learned action and joint future-image generator,Cosmos Policy 2B; public Wan VAE variant; Torch 2.6 compatibility port,Three preselected states; fresh RGB and proprioception per 16-action decision; official done; synchronous simulation,scripts/cosmos_closed_loop_probe.py; scripts/export_closed_loop_gallery.py; scripts/plot_world_model_probe.py,artifacts/raw/cosmos/closed_loop_probe_4494/manifest.json,single initial-state episode,1,49.91837706696242,,,,,CONFIRMED,"Integration scope only. No population success estimate, confidence interval or p-value; no FRAME advantage. NVIDIA tokenizer identity unestablished."
MODEL-libero_object-success,pick up the alphabet soup and place it in the basket: observed success for initial state 0.,exploratory,Learned world-action model integration,World-model visualization / descriptive probe,"LIBERO task 0: Spatial, Object, Goal; initial state 0 each",learned action and joint future-image generator,Cosmos Policy 2B; public Wan VAE variant; Torch 2.6 compatibility port,Three preselected states; fresh RGB and proprioception per 16-action decision; official done; synchronous simulation,scripts/cosmos_closed_loop_probe.py; scripts/export_closed_loop_gallery.py; scripts/plot_world_model_probe.py,artifacts/raw/cosmos/closed_loop_probe_4494/manifest.json,single initial-state episode,1,1.0,,,,,CONFIRMED,"Integration scope only. No population success estimate, confidence interval or p-value; no FRAME advantage. NVIDIA tokenizer identity unestablished."
MODEL-libero_object-steps,pick up the alphabet soup and place it in the basket: observed steps for initial state 0.,exploratory,Learned world-action model integration,World-model visualization / descriptive probe,"LIBERO task 0: Spatial, Object, Goal; initial state 0 each",learned action and joint future-image generator,Cosmos Policy 2B; public Wan VAE variant; Torch 2.6 compatibility port,Three preselected states; fresh RGB and proprioception per 16-action decision; official done; synchronous simulation,scripts/cosmos_closed_loop_probe.py; scripts/export_closed_loop_gallery.py; scripts/plot_world_model_probe.py,artifacts/raw/cosmos/closed_loop_probe_4494/manifest.json,single initial-state episode,1,137.0,,,,,CONFIRMED,"Integration scope only. No population success estimate, confidence interval or p-value; no FRAME advantage. NVIDIA tokenizer identity unestablished."
MODEL-libero_object-wall_seconds,pick up the alphabet soup and place it in the basket: observed wall_seconds for initial state 0.,exploratory,Learned world-action model integration,World-model visualization / descriptive probe,"LIBERO task 0: Spatial, Object, Goal; initial state 0 each",learned action and joint future-image generator,Cosmos Policy 2B; public Wan VAE variant; Torch 2.6 compatibility port,Three preselected states; fresh RGB and proprioception per 16-action decision; official done; synchronous simulation,scripts/cosmos_closed_loop_probe.py; scripts/export_closed_loop_gallery.py; scripts/plot_world_model_probe.py,artifacts/raw/cosmos/closed_loop_probe_4494/manifest.json,single initial-state episode,1,47.96680893190205,,,,,CONFIRMED,"Integration scope only. No population success estimate, confidence interval or p-value; no FRAME advantage. NVIDIA tokenizer identity unestablished."
MODEL-libero_goal-success,open the middle drawer of the cabinet: observed success for initial state 0.,exploratory,Learned world-action model integration,World-model visualization / descriptive probe,"LIBERO task 0: Spatial, Object, Goal; initial state 0 each",learned action and joint future-image generator,Cosmos Policy 2B; public Wan VAE variant; Torch 2.6 compatibility port,Three preselected states; fresh RGB and proprioception per 16-action decision; official done; synchronous simulation,scripts/cosmos_closed_loop_probe.py; scripts/export_closed_loop_gallery.py; scripts/plot_world_model_probe.py,artifacts/raw/cosmos/closed_loop_probe_4494/manifest.json,single initial-state episode,1,1.0,,,,,CONFIRMED,"Integration scope only. No population success estimate, confidence interval or p-value; no FRAME advantage. NVIDIA tokenizer identity unestablished."
MODEL-libero_goal-steps,open the middle drawer of the cabinet: observed steps for initial state 0.,exploratory,Learned world-action model integration,World-model visualization / descriptive probe,"LIBERO task 0: Spatial, Object, Goal; initial state 0 each",learned action and joint future-image generator,Cosmos Policy 2B; public Wan VAE variant; Torch 2.6 compatibility port,Three preselected states; fresh RGB and proprioception per 16-action decision; official done; synchronous simulation,scripts/cosmos_closed_loop_probe.py; scripts/export_closed_loop_gallery.py; scripts/plot_world_model_probe.py,artifacts/raw/cosmos/closed_loop_probe_4494/manifest.json,single initial-state episode,1,137.0,,,,,CONFIRMED,"Integration scope only. No population success estimate, confidence interval or p-value; no FRAME advantage. NVIDIA tokenizer identity unestablished."
MODEL-libero_goal-wall_seconds,open the middle drawer of the cabinet: observed wall_seconds for initial state 0.,exploratory,Learned world-action model integration,World-model visualization / descriptive probe,"LIBERO task 0: Spatial, Object, Goal; initial state 0 each",learned action and joint future-image generator,Cosmos Policy 2B; public Wan VAE variant; Torch 2.6 compatibility port,Three preselected states; fresh RGB and proprioception per 16-action decision; official done; synchronous simulation,scripts/cosmos_closed_loop_probe.py; scripts/export_closed_loop_gallery.py; scripts/plot_world_model_probe.py,artifacts/raw/cosmos/closed_loop_probe_4494/manifest.json,single initial-state episode,1,62.08181613776833,,,,,CONFIRMED,"Integration scope only. No population success estimate, confidence interval or p-value; no FRAME advantage. NVIDIA tokenizer identity unestablished."
MODEL-aligned-chunks,Number of full 16-action prediction intervals with an observed future.,exploratory,Learned world-action model integration,World-model visualization / descriptive probe,"LIBERO task 0: Spatial, Object, Goal; initial state 0 each",learned action and joint future-image generator,Cosmos Policy 2B; public Wan VAE variant; Torch 2.6 compatibility port,Three preselected states; fresh RGB and proprioception per 16-action decision; official done; synchronous simulation,scripts/cosmos_closed_loop_probe.py; scripts/export_closed_loop_gallery.py; scripts/plot_world_model_probe.py,artifacts/raw/cosmos/closed_loop_probe_4494/gallery_manifest.json,dependent chunk nested within episode,3,20,,,,,CONFIRMED,Chunks within an episode are dependent; partial terminal chunks excluded; no sample-size inflation.
MODEL-H4,FRAME improves the closed-loop task-resource frontier under the learned model.,exploratory,Learned world-action model integration,World-model visualization / descriptive probe,"LIBERO task 0: Spatial, Object, Goal; initial state 0 each",learned action and joint future-image generator,Cosmos Policy 2B; public Wan VAE variant; Torch 2.6 compatibility port,Three preselected states; fresh RGB and proprioception per 16-action decision; official done; synchronous simulation,scripts/cosmos_closed_loop_probe.py; scripts/export_closed_loop_gallery.py; scripts/plot_world_model_probe.py,artifacts/raw/cosmos/closed_loop_probe_4494/manifest.json,task,0,,,,,,NOT_SUPPORTED,"Comparative calibrated FRAME pilot, latency-aware episodes and episode energy remain unmeasured. This proposed hypothesis has no confirming result."
MODEL-sanity-episodes,Completed paired memory sanity episodes.,exploratory,Learned world-action model integration,World-model visualization / descriptive probe,"LIBERO task 0: Spatial, Object, Goal; initial state 0 each",learned action and joint future-image generator,Cosmos Policy 2B; public Wan VAE variant; Torch 2.6 compatibility port,Three preselected states; fresh RGB and proprioception per 16-action decision; official done; synchronous simulation,scripts/analyze_memory_sanity.py; scripts/cosmos_memory_sanity.py,artifacts/raw/cosmos/memory_sanity_4495/manifest.json,episode nested in three fixed task-state pairs,12,12,,,,,CONFIRMED,"Integration scope only. No population success estimate, confidence interval or p-value; no FRAME advantage. NVIDIA tokenizer identity unestablished."
MODEL-sanity-libero_spatial-recovery,TTL and TTL + inverse have identical recorded model inputs and executed actions for this task at state 0.,exploratory,Learned world-action model integration,World-model visualization / descriptive probe,"LIBERO task 0: Spatial, Object, Goal; initial state 0 each",learned action and joint future-image generator,Cosmos Policy 2B; public Wan VAE variant; Torch 2.6 compatibility port,Three preselected states; fresh RGB and proprioception per 16-action decision; official done; synchronous simulation,scripts/analyze_memory_sanity.py; scripts/cosmos_memory_sanity.py,artifacts/statistics/memory_sanity.json,fixed task-state pair,1,1,,,,,CONFIRMED,"Integration scope only. No population success estimate, confidence interval or p-value; no FRAME advantage. NVIDIA tokenizer identity unestablished."
MODEL-sanity-libero_spatial-divergence,First actual action-index difference between fresh and stale at state 0.,exploratory,Learned world-action model integration,World-model visualization / descriptive probe,"LIBERO task 0: Spatial, Object, Goal; initial state 0 each",learned action and joint future-image generator,Cosmos Policy 2B; public Wan VAE variant; Torch 2.6 compatibility port,Three preselected states; fresh RGB and proprioception per 16-action decision; official done; synchronous simulation,scripts/analyze_memory_sanity.py; scripts/cosmos_memory_sanity.py,artifacts/statistics/memory_sanity.json,fixed task-state pair,1,17,,,,,CONFIRMED,"Integration scope only. No population success estimate, confidence interval or p-value; no FRAME advantage. NVIDIA tokenizer identity unestablished."
MODEL-sanity-libero_object-recovery,TTL and TTL + inverse have identical recorded model inputs and executed actions for this task at state 0.,exploratory,Learned world-action model integration,World-model visualization / descriptive probe,"LIBERO task 0: Spatial, Object, Goal; initial state 0 each",learned action and joint future-image generator,Cosmos Policy 2B; public Wan VAE variant; Torch 2.6 compatibility port,Three preselected states; fresh RGB and proprioception per 16-action decision; official done; synchronous simulation,scripts/analyze_memory_sanity.py; scripts/cosmos_memory_sanity.py,artifacts/statistics/memory_sanity.json,fixed task-state pair,1,1,,,,,CONFIRMED,"Integration scope only. No population success estimate, confidence interval or p-value; no FRAME advantage. NVIDIA tokenizer identity unestablished."
MODEL-sanity-libero_object-divergence,First actual action-index difference between fresh and stale at state 0.,exploratory,Learned world-action model integration,World-model visualization / descriptive probe,"LIBERO task 0: Spatial, Object, Goal; initial state 0 each",learned action and joint future-image generator,Cosmos Policy 2B; public Wan VAE variant; Torch 2.6 compatibility port,Three preselected states; fresh RGB and proprioception per 16-action decision; official done; synchronous simulation,scripts/analyze_memory_sanity.py; scripts/cosmos_memory_sanity.py,artifacts/statistics/memory_sanity.json,fixed task-state pair,1,17,,,,,CONFIRMED,"Integration scope only. No population success estimate, confidence interval or p-value; no FRAME advantage. NVIDIA tokenizer identity unestablished."
MODEL-sanity-libero_goal-recovery,TTL and TTL + inverse have identical recorded model inputs and executed actions for this task at state 0.,exploratory,Learned world-action model integration,World-model visualization / descriptive probe,"LIBERO task 0: Spatial, Object, Goal; initial state 0 each",learned action and joint future-image generator,Cosmos Policy 2B; public Wan VAE variant; Torch 2.6 compatibility port,Three preselected states; fresh RGB and proprioception per 16-action decision; official done; synchronous simulation,scripts/analyze_memory_sanity.py; scripts/cosmos_memory_sanity.py,artifacts/statistics/memory_sanity.json,fixed task-state pair,1,1,,,,,CONFIRMED,"Integration scope only. No population success estimate, confidence interval or p-value; no FRAME advantage. NVIDIA tokenizer identity unestablished."
MODEL-sanity-libero_goal-divergence,First actual action-index difference between fresh and stale at state 0.,exploratory,Learned world-action model integration,World-model visualization / descriptive probe,"LIBERO task 0: Spatial, Object, Goal; initial state 0 each",learned action and joint future-image generator,Cosmos Policy 2B; public Wan VAE variant; Torch 2.6 compatibility port,Three preselected states; fresh RGB and proprioception per 16-action decision; official done; synchronous simulation,scripts/analyze_memory_sanity.py; scripts/cosmos_memory_sanity.py,artifacts/statistics/memory_sanity.json,fixed task-state pair,1,17,,,,,CONFIRMED,"Integration scope only. No population success estimate, confidence interval or p-value; no FRAME advantage. NVIDIA tokenizer identity unestablished."
MODEL-baseline-episodes,Completed fresh-observation deployment baseline episodes.,exploratory,Learned world-action model integration,World-model visualization / descriptive probe,"LIBERO task 0: Spatial, Object, Goal; initial states 1–40 each",learned action and joint future-image generator,Cosmos Policy 2B; public Wan VAE variant; Torch 2.6 compatibility port,Fresh RGB/wrist/proprioception per 16-action decision; official done; synchronous simulation; 40 initial states per fixed task,scripts/cosmos_fresh_baseline.py; scripts/analyze_fresh_baseline.py; scripts/plot_fresh_baseline.py,artifacts/raw/cosmos/fresh_baseline_4496.json,initial-state episode nested in fixed task,120,120,,,,,CONFIRMED,Fresh baseline only; no comparative FRAME effect. Three fixed tasks do not support broad suite generalization.
MODEL-baseline-libero_spatial-success,pick up the black bowl between the plate and the ramekin and place it on the plate: official success rate over initial states 1–40.,exploratory,Learned world-action model integration,World-model visualization / descriptive probe,"LIBERO task 0: Spatial, Object, Goal; initial states 1–40 each",learned action and joint future-image generator,Cosmos Policy 2B; public Wan VAE variant; Torch 2.6 compatibility port,Fresh RGB/wrist/proprioception per 16-action decision; official done; synchronous simulation; 40 initial states per fixed task,scripts/cosmos_fresh_baseline.py; scripts/analyze_fresh_baseline.py; scripts/plot_fresh_baseline.py,artifacts/statistics/fresh_baseline.json,initial state within fixed task,40,1.0,,,,,CONFIRMED,"Exact 95% binomial interval: [0.9119026971211976, 1.0]. Scope is this fixed task and initial-state distribution."
MODEL-baseline-libero_spatial-steps,pick up the black bowl between the plate and the ramekin and place it on the plate: median executed actions to official success.,exploratory,Learned world-action model integration,World-model visualization / descriptive probe,"LIBERO task 0: Spatial, Object, Goal; initial states 1–40 each",learned action and joint future-image generator,Cosmos Policy 2B; public Wan VAE variant; Torch 2.6 compatibility port,Fresh RGB/wrist/proprioception per 16-action decision; official done; synchronous simulation; 40 initial states per fixed task,scripts/cosmos_fresh_baseline.py; scripts/analyze_fresh_baseline.py; scripts/plot_fresh_baseline.py,artifacts/processed/fresh_baseline_episodes.csv,initial state within fixed task,40,77.5,,,,,CONFIRMED,"State-bootstrap 95% interval: [76.0, 78.5]. Fresh baseline only."
MODEL-baseline-libero_spatial-energy,pick up the black bowl between the plate and the ramekin and place it on the plate: median gross allocated-GPU-board energy per episode in mJ.,exploratory,Learned world-action model integration,World-model visualization / descriptive probe,"LIBERO task 0: Spatial, Object, Goal; initial states 1–40 each",learned action and joint future-image generator,Cosmos Policy 2B; public Wan VAE variant; Torch 2.6 compatibility port,Fresh RGB/wrist/proprioception per 16-action decision; official done; synchronous simulation; 40 initial states per fixed task,scripts/cosmos_fresh_baseline.py; scripts/analyze_fresh_baseline.py; scripts/plot_fresh_baseline.py,artifacts/processed/fresh_baseline_episodes.csv,initial state within fixed task,40,5346196.5,,,,,CONFIRMED,"Measured cumulative GPU board domain; excludes CPU, sensors and whole robot. State-bootstrap 95% interval: [5288464.0, 5425487.0]"
MODEL-baseline-libero_object-success,pick up the alphabet soup and place it in the basket: official success rate over initial states 1–40.,exploratory,Learned world-action model integration,World-model visualization / descriptive probe,"LIBERO task 0: Spatial, Object, Goal; initial states 1–40 each",learned action and joint future-image generator,Cosmos Policy 2B; public Wan VAE variant; Torch 2.6 compatibility port,Fresh RGB/wrist/proprioception per 16-action decision; official done; synchronous simulation; 40 initial states per fixed task,scripts/cosmos_fresh_baseline.py; scripts/analyze_fresh_baseline.py; scripts/plot_fresh_baseline.py,artifacts/statistics/fresh_baseline.json,initial state within fixed task,40,1.0,,,,,CONFIRMED,"Exact 95% binomial interval: [0.9119026971211976, 1.0]. Scope is this fixed task and initial-state distribution."
MODEL-baseline-libero_object-steps,pick up the alphabet soup and place it in the basket: median executed actions to official success.,exploratory,Learned world-action model integration,World-model visualization / descriptive probe,"LIBERO task 0: Spatial, Object, Goal; initial states 1–40 each",learned action and joint future-image generator,Cosmos Policy 2B; public Wan VAE variant; Torch 2.6 compatibility port,Fresh RGB/wrist/proprioception per 16-action decision; official done; synchronous simulation; 40 initial states per fixed task,scripts/cosmos_fresh_baseline.py; scripts/analyze_fresh_baseline.py; scripts/plot_fresh_baseline.py,artifacts/processed/fresh_baseline_episodes.csv,initial state within fixed task,40,139.5,,,,,CONFIRMED,"State-bootstrap 95% interval: [137.0, 141.0]. Fresh baseline only."
MODEL-baseline-libero_object-energy,pick up the alphabet soup and place it in the basket: median gross allocated-GPU-board energy per episode in mJ.,exploratory,Learned world-action model integration,World-model visualization / descriptive probe,"LIBERO task 0: Spatial, Object, Goal; initial states 1–40 each",learned action and joint future-image generator,Cosmos Policy 2B; public Wan VAE variant; Torch 2.6 compatibility port,Fresh RGB/wrist/proprioception per 16-action decision; official done; synchronous simulation; 40 initial states per fixed task,scripts/cosmos_fresh_baseline.py; scripts/analyze_fresh_baseline.py; scripts/plot_fresh_baseline.py,artifacts/processed/fresh_baseline_episodes.csv,initial state within fixed task,40,6850439.5,,,,,CONFIRMED,"Measured cumulative GPU board domain; excludes CPU, sensors and whole robot. State-bootstrap 95% interval: [6792872.5, 6942944.5]"
MODEL-baseline-libero_goal-success,open the middle drawer of the cabinet: official success rate over initial states 1–40.,exploratory,Learned world-action model integration,World-model visualization / descriptive probe,"LIBERO task 0: Spatial, Object, Goal; initial states 1–40 each",learned action and joint future-image generator,Cosmos Policy 2B; public Wan VAE variant; Torch 2.6 compatibility port,Fresh RGB/wrist/proprioception per 16-action decision; official done; synchronous simulation; 40 initial states per fixed task,scripts/cosmos_fresh_baseline.py; scripts/analyze_fresh_baseline.py; scripts/plot_fresh_baseline.py,artifacts/statistics/fresh_baseline.json,initial state within fixed task,40,1.0,,,,,CONFIRMED,"Exact 95% binomial interval: [0.9119026971211976, 1.0]. Scope is this fixed task and initial-state distribution."
MODEL-baseline-libero_goal-steps,open the middle drawer of the cabinet: median executed actions to official success.,exploratory,Learned world-action model integration,World-model visualization / descriptive probe,"LIBERO task 0: Spatial, Object, Goal; initial states 1–40 each",learned action and joint future-image generator,Cosmos Policy 2B; public Wan VAE variant; Torch 2.6 compatibility port,Fresh RGB/wrist/proprioception per 16-action decision; official done; synchronous simulation; 40 initial states per fixed task,scripts/cosmos_fresh_baseline.py; scripts/analyze_fresh_baseline.py; scripts/plot_fresh_baseline.py,artifacts/processed/fresh_baseline_episodes.csv,initial state within fixed task,40,122.0,,,,,CONFIRMED,"State-bootstrap 95% interval: [121.0, 126.0]. Fresh baseline only."
MODEL-baseline-libero_goal-energy,open the middle drawer of the cabinet: median gross allocated-GPU-board energy per episode in mJ.,exploratory,Learned world-action model integration,World-model visualization / descriptive probe,"LIBERO task 0: Spatial, Object, Goal; initial states 1–40 each",learned action and joint future-image generator,Cosmos Policy 2B; public Wan VAE variant; Torch 2.6 compatibility port,Fresh RGB/wrist/proprioception per 16-action decision; official done; synchronous simulation; 40 initial states per fixed task,scripts/cosmos_fresh_baseline.py; scripts/analyze_fresh_baseline.py; scripts/plot_fresh_baseline.py,artifacts/processed/fresh_baseline_episodes.csv,initial state within fixed task,40,7217918.5,,,,,CONFIRMED,"Measured cumulative GPU board domain; excludes CPU, sensors and whole robot. State-bootstrap 95% interval: [7145645.0, 7350871.0]"
MODEL-population-episodes,"Completed learned-policy episodes in the fixed-task paired memory-control population, including the fresh baseline.",exploratory,Learned world-action model integration,World-model visualization / descriptive probe,"LIBERO task 0: Spatial, Object, Goal; initial state 0 each",learned action and joint future-image generator,Cosmos Policy 2B; public Wan VAE variant; Torch 2.6 compatibility port,Three preselected states; fresh RGB and proprioception per 16-action decision; official done; synchronous simulation,scripts/cosmos_closed_loop_probe.py; scripts/export_closed_loop_gallery.py; scripts/plot_world_model_probe.py,artifacts/statistics/memory_population.json,initial-state episode nested in fixed task,480,480,,,,,CONFIRMED,"Exploratory controls: fresh, stale, TTL and TTL+inverse. These are not a calibrated FRAME selector. Three fixed tasks do not support broad LIBERO-suite generalization."
MODEL-population-recovery,TTL and TTL + inverse retained identical input hashes and executed actions in every paired state.,exploratory,Learned world-action model integration,World-model visualization / descriptive probe,"LIBERO task 0: Spatial, Object, Goal; initial state 0 each",learned action and joint future-image generator,Cosmos Policy 2B; public Wan VAE variant; Torch 2.6 compatibility port,Three preselected states; fresh RGB and proprioception per 16-action decision; official done; synchronous simulation,scripts/cosmos_closed_loop_probe.py; scripts/export_closed_loop_gallery.py; scripts/plot_world_model_probe.py,artifacts/processed/memory_population_recovery.csv,paired initial state within fixed task,120,1,,,,,CONFIRMED,120/120 paired states passed; maximum recorded action difference is zero. This closes recovery for the tested permutation/access implementation.
MODEL-population-libero_spatial-fresh-success,libero_spatial fresh: official success rate over initial states 1–40.,exploratory,Learned world-action model integration,World-model visualization / descriptive probe,"LIBERO task 0: Spatial, Object, Goal; initial state 0 each",learned action and joint future-image generator,Cosmos Policy 2B; public Wan VAE variant; Torch 2.6 compatibility port,Three preselected states; fresh RGB and proprioception per 16-action decision; official done; synchronous simulation,scripts/cosmos_closed_loop_probe.py; scripts/export_closed_loop_gallery.py; scripts/plot_world_model_probe.py,artifacts/statistics/memory_population.json,initial state within fixed task,40,1.0,,,,,CONFIRMED,"Exploratory fixed-task control. Exact 95% binomial interval: [0.9119026971211976, 1.0]. No calibrated FRAME selector or cross-task claim."
MODEL-population-libero_spatial-fresh-wall,libero_spatial fresh: median synchronous wall time per episode in seconds.,exploratory,Learned world-action model integration,World-model visualization / descriptive probe,"LIBERO task 0: Spatial, Object, Goal; initial state 0 each",learned action and joint future-image generator,Cosmos Policy 2B; public Wan VAE variant; Torch 2.6 compatibility port,Three preselected states; fresh RGB and proprioception per 16-action decision; official done; synchronous simulation,scripts/cosmos_closed_loop_probe.py; scripts/export_closed_loop_gallery.py; scripts/plot_world_model_probe.py,artifacts/processed/memory_population_episodes.csv,initial state within fixed task,40,45.26440557651222,,,,,CONFIRMED,"State-bootstrap 95% interval: [44.39909706404433, 45.89197962265462]. Physics freezes during model inference."
MODEL-population-libero_spatial-fresh-energy,libero_spatial fresh: median gross allocated-GPU-board energy per episode in mJ.,exploratory,Learned world-action model integration,World-model visualization / descriptive probe,"LIBERO task 0: Spatial, Object, Goal; initial state 0 each",learned action and joint future-image generator,Cosmos Policy 2B; public Wan VAE variant; Torch 2.6 compatibility port,Three preselected states; fresh RGB and proprioception per 16-action decision; official done; synchronous simulation,scripts/cosmos_closed_loop_probe.py; scripts/export_closed_loop_gallery.py; scripts/plot_world_model_probe.py,artifacts/processed/memory_population_episodes.csv,initial state within fixed task,40,5346196.5,,,,,CONFIRMED,"State-bootstrap 95% interval: [5288464.0, 5425487.0]. Excludes CPU, sensing, display and physical robot."
MODEL-population-libero_spatial-stale-success,libero_spatial stale: official success rate over initial states 1–40.,exploratory,Learned world-action model integration,World-model visualization / descriptive probe,"LIBERO task 0: Spatial, Object, Goal; initial state 0 each",learned action and joint future-image generator,Cosmos Policy 2B; public Wan VAE variant; Torch 2.6 compatibility port,Three preselected states; fresh RGB and proprioception per 16-action decision; official done; synchronous simulation,scripts/cosmos_closed_loop_probe.py; scripts/export_closed_loop_gallery.py; scripts/plot_world_model_probe.py,artifacts/statistics/memory_population.json,initial state within fixed task,40,0.0,,,,,CONFIRMED,"Exploratory fixed-task control. Exact 95% binomial interval: [0.0, 0.08809730287880237]. No calibrated FRAME selector or cross-task claim."
MODEL-population-libero_spatial-stale-wall,libero_spatial stale: median synchronous wall time per episode in seconds.,exploratory,Learned world-action model integration,World-model visualization / descriptive probe,"LIBERO task 0: Spatial, Object, Goal; initial state 0 each",learned action and joint future-image generator,Cosmos Policy 2B; public Wan VAE variant; Torch 2.6 compatibility port,Three preselected states; fresh RGB and proprioception per 16-action decision; official done; synchronous simulation,scripts/cosmos_closed_loop_probe.py; scripts/export_closed_loop_gallery.py; scripts/plot_world_model_probe.py,artifacts/processed/memory_population_episodes.csv,initial state within fixed task,40,82.30545243714005,,,,,CONFIRMED,"State-bootstrap 95% interval: [81.93601137539372, 82.77952007437125]. Physics freezes during model inference."
MODEL-population-libero_spatial-stale-energy,libero_spatial stale: median gross allocated-GPU-board energy per episode in mJ.,exploratory,Learned world-action model integration,World-model visualization / descriptive probe,"LIBERO task 0: Spatial, Object, Goal; initial state 0 each",learned action and joint future-image generator,Cosmos Policy 2B; public Wan VAE variant; Torch 2.6 compatibility port,Three preselected states; fresh RGB and proprioception per 16-action decision; official done; synchronous simulation,scripts/cosmos_closed_loop_probe.py; scripts/export_closed_loop_gallery.py; scripts/plot_world_model_probe.py,artifacts/processed/memory_population_episodes.csv,initial state within fixed task,40,18727627.0,,,,,CONFIRMED,"State-bootstrap 95% interval: [18588639.0, 18760962.0]. Excludes CPU, sensing, display and physical robot."
MODEL-population-libero_spatial-ttl-success,libero_spatial ttl: official success rate over initial states 1–40.,exploratory,Learned world-action model integration,World-model visualization / descriptive probe,"LIBERO task 0: Spatial, Object, Goal; initial state 0 each",learned action and joint future-image generator,Cosmos Policy 2B; public Wan VAE variant; Torch 2.6 compatibility port,Three preselected states; fresh RGB and proprioception per 16-action decision; official done; synchronous simulation,scripts/cosmos_closed_loop_probe.py; scripts/export_closed_loop_gallery.py; scripts/plot_world_model_probe.py,artifacts/statistics/memory_population.json,initial state within fixed task,40,0.05,,,,,CONFIRMED,"Exploratory fixed-task control. Exact 95% binomial interval: [0.006113646599350838, 0.16919686395941763]. No calibrated FRAME selector or cross-task claim."
MODEL-population-libero_spatial-ttl-wall,libero_spatial ttl: median synchronous wall time per episode in seconds.,exploratory,Learned world-action model integration,World-model visualization / descriptive probe,"LIBERO task 0: Spatial, Object, Goal; initial state 0 each",learned action and joint future-image generator,Cosmos Policy 2B; public Wan VAE variant; Torch 2.6 compatibility port,Three preselected states; fresh RGB and proprioception per 16-action decision; official done; synchronous simulation,scripts/cosmos_closed_loop_probe.py; scripts/export_closed_loop_gallery.py; scripts/plot_world_model_probe.py,artifacts/processed/memory_population_episodes.csv,initial state within fixed task,40,86.73047080263495,,,,,CONFIRMED,"State-bootstrap 95% interval: [86.46165658859536, 87.6210414385423]. Physics freezes during model inference."
MODEL-population-libero_spatial-ttl-energy,libero_spatial ttl: median gross allocated-GPU-board energy per episode in mJ.,exploratory,Learned world-action model integration,World-model visualization / descriptive probe,"LIBERO task 0: Spatial, Object, Goal; initial state 0 each",learned action and joint future-image generator,Cosmos Policy 2B; public Wan VAE variant; Torch 2.6 compatibility port,Three preselected states; fresh RGB and proprioception per 16-action decision; official done; synchronous simulation,scripts/cosmos_closed_loop_probe.py; scripts/export_closed_loop_gallery.py; scripts/plot_world_model_probe.py,artifacts/processed/memory_population_episodes.csv,initial state within fixed task,40,19478394.5,,,,,CONFIRMED,"State-bootstrap 95% interval: [19313510.0, 19618227.5]. Excludes CPU, sensing, display and physical robot."
MODEL-population-libero_spatial-ttl_reindex-success,libero_spatial ttl_reindex: official success rate over initial states 1–40.,exploratory,Learned world-action model integration,World-model visualization / descriptive probe,"LIBERO task 0: Spatial, Object, Goal; initial state 0 each",learned action and joint future-image generator,Cosmos Policy 2B; public Wan VAE variant; Torch 2.6 compatibility port,Three preselected states; fresh RGB and proprioception per 16-action decision; official done; synchronous simulation,scripts/cosmos_closed_loop_probe.py; scripts/export_closed_loop_gallery.py; scripts/plot_world_model_probe.py,artifacts/statistics/memory_population.json,initial state within fixed task,40,0.05,,,,,CONFIRMED,"Exploratory fixed-task control. Exact 95% binomial interval: [0.006113646599350838, 0.16919686395941763]. No calibrated FRAME selector or cross-task claim."
MODEL-population-libero_spatial-ttl_reindex-wall,libero_spatial ttl_reindex: median synchronous wall time per episode in seconds.,exploratory,Learned world-action model integration,World-model visualization / descriptive probe,"LIBERO task 0: Spatial, Object, Goal; initial state 0 each",learned action and joint future-image generator,Cosmos Policy 2B; public Wan VAE variant; Torch 2.6 compatibility port,Three preselected states; fresh RGB and proprioception per 16-action decision; official done; synchronous simulation,scripts/cosmos_closed_loop_probe.py; scripts/export_closed_loop_gallery.py; scripts/plot_world_model_probe.py,artifacts/processed/memory_population_episodes.csv,initial state within fixed task,40,86.67254481045529,,,,,CONFIRMED,"State-bootstrap 95% interval: [86.09825398819521, 87.37154504004866]. Physics freezes during model inference."
MODEL-population-libero_spatial-ttl_reindex-energy,libero_spatial ttl_reindex: median gross allocated-GPU-board energy per episode in mJ.,exploratory,Learned world-action model integration,World-model visualization / descriptive probe,"LIBERO task 0: Spatial, Object, Goal; initial state 0 each",learned action and joint future-image generator,Cosmos Policy 2B; public Wan VAE variant; Torch 2.6 compatibility port,Three preselected states; fresh RGB and proprioception per 16-action decision; official done; synchronous simulation,scripts/cosmos_closed_loop_probe.py; scripts/export_closed_loop_gallery.py; scripts/plot_world_model_probe.py,artifacts/processed/memory_population_episodes.csv,initial state within fixed task,40,19516444.0,,,,,CONFIRMED,"State-bootstrap 95% interval: [19337315.0, 19628938.5]. Excludes CPU, sensing, display and physical robot."
MODEL-population-libero_object-fresh-success,libero_object fresh: official success rate over initial states 1–40.,exploratory,Learned world-action model integration,World-model visualization / descriptive probe,"LIBERO task 0: Spatial, Object, Goal; initial state 0 each",learned action and joint future-image generator,Cosmos Policy 2B; public Wan VAE variant; Torch 2.6 compatibility port,Three preselected states; fresh RGB and proprioception per 16-action decision; official done; synchronous simulation,scripts/cosmos_closed_loop_probe.py; scripts/export_closed_loop_gallery.py; scripts/plot_world_model_probe.py,artifacts/statistics/memory_population.json,initial state within fixed task,40,1.0,,,,,CONFIRMED,"Exploratory fixed-task control. Exact 95% binomial interval: [0.9119026971211976, 1.0]. No calibrated FRAME selector or cross-task claim."
MODEL-population-libero_object-fresh-wall,libero_object fresh: median synchronous wall time per episode in seconds.,exploratory,Learned world-action model integration,World-model visualization / descriptive probe,"LIBERO task 0: Spatial, Object, Goal; initial state 0 each",learned action and joint future-image generator,Cosmos Policy 2B; public Wan VAE variant; Torch 2.6 compatibility port,Three preselected states; fresh RGB and proprioception per 16-action decision; official done; synchronous simulation,scripts/cosmos_closed_loop_probe.py; scripts/export_closed_loop_gallery.py; scripts/plot_world_model_probe.py,artifacts/processed/memory_population_episodes.csv,initial state within fixed task,40,49.46098664449528,,,,,CONFIRMED,"State-bootstrap 95% interval: [48.81896986719221, 50.335904898587614]. Physics freezes during model inference."
MODEL-population-libero_object-fresh-energy,libero_object fresh: median gross allocated-GPU-board energy per episode in mJ.,exploratory,Learned world-action model integration,World-model visualization / descriptive probe,"LIBERO task 0: Spatial, Object, Goal; initial state 0 each",learned action and joint future-image generator,Cosmos Policy 2B; public Wan VAE variant; Torch 2.6 compatibility port,Three preselected states; fresh RGB and proprioception per 16-action decision; official done; synchronous simulation,scripts/cosmos_closed_loop_probe.py; scripts/export_closed_loop_gallery.py; scripts/plot_world_model_probe.py,artifacts/processed/memory_population_episodes.csv,initial state within fixed task,40,6850439.5,,,,,CONFIRMED,"State-bootstrap 95% interval: [6792872.5, 6942944.5]. Excludes CPU, sensing, display and physical robot."
MODEL-population-libero_object-stale-success,libero_object stale: official success rate over initial states 1–40.,exploratory,Learned world-action model integration,World-model visualization / descriptive probe,"LIBERO task 0: Spatial, Object, Goal; initial state 0 each",learned action and joint future-image generator,Cosmos Policy 2B; public Wan VAE variant; Torch 2.6 compatibility port,Three preselected states; fresh RGB and proprioception per 16-action decision; official done; synchronous simulation,scripts/cosmos_closed_loop_probe.py; scripts/export_closed_loop_gallery.py; scripts/plot_world_model_probe.py,artifacts/statistics/memory_population.json,initial state within fixed task,40,0.0,,,,,CONFIRMED,"Exploratory fixed-task control. Exact 95% binomial interval: [0.0, 0.08809730287880237]. No calibrated FRAME selector or cross-task claim."
MODEL-population-libero_object-stale-wall,libero_object stale: median synchronous wall time per episode in seconds.,exploratory,Learned world-action model integration,World-model visualization / descriptive probe,"LIBERO task 0: Spatial, Object, Goal; initial state 0 each",learned action and joint future-image generator,Cosmos Policy 2B; public Wan VAE variant; Torch 2.6 compatibility port,Three preselected states; fresh RGB and proprioception per 16-action decision; official done; synchronous simulation,scripts/cosmos_closed_loop_probe.py; scripts/export_closed_loop_gallery.py; scripts/plot_world_model_probe.py,artifacts/processed/memory_population_episodes.csv,initial state within fixed task,40,91.79921322362497,,,,,CONFIRMED,"State-bootstrap 95% interval: [91.37252743681893, 92.49344530887902]. Physics freezes during model inference."
MODEL-population-libero_object-stale-energy,libero_object stale: median gross allocated-GPU-board energy per episode in mJ.,exploratory,Learned world-action model integration,World-model visualization / descriptive probe,"LIBERO task 0: Spatial, Object, Goal; initial state 0 each",learned action and joint future-image generator,Cosmos Policy 2B; public Wan VAE variant; Torch 2.6 compatibility port,Three preselected states; fresh RGB and proprioception per 16-action decision; official done; synchronous simulation,scripts/cosmos_closed_loop_probe.py; scripts/export_closed_loop_gallery.py; scripts/plot_world_model_probe.py,artifacts/processed/memory_population_episodes.csv,initial state within fixed task,40,13202362.0,,,,,CONFIRMED,"State-bootstrap 95% interval: [13151752.5, 13260642.5]. Excludes CPU, sensing, display and physical robot."
MODEL-population-libero_object-ttl-success,libero_object ttl: official success rate over initial states 1–40.,exploratory,Learned world-action model integration,World-model visualization / descriptive probe,"LIBERO task 0: Spatial, Object, Goal; initial state 0 each",learned action and joint future-image generator,Cosmos Policy 2B; public Wan VAE variant; Torch 2.6 compatibility port,Three preselected states; fresh RGB and proprioception per 16-action decision; official done; synchronous simulation,scripts/cosmos_closed_loop_probe.py; scripts/export_closed_loop_gallery.py; scripts/plot_world_model_probe.py,artifacts/statistics/memory_population.json,initial state within fixed task,40,0.3,,,,,CONFIRMED,"Exploratory fixed-task control. Exact 95% binomial interval: [0.16562720439323558, 0.4653162852541233]. No calibrated FRAME selector or cross-task claim."
MODEL-population-libero_object-ttl-wall,libero_object ttl: median synchronous wall time per episode in seconds.,exploratory,Learned world-action model integration,World-model visualization / descriptive probe,"LIBERO task 0: Spatial, Object, Goal; initial state 0 each",learned action and joint future-image generator,Cosmos Policy 2B; public Wan VAE variant; Torch 2.6 compatibility port,Three preselected states; fresh RGB and proprioception per 16-action decision; official done; synchronous simulation,scripts/cosmos_closed_loop_probe.py; scripts/export_closed_loop_gallery.py; scripts/plot_world_model_probe.py,artifacts/processed/memory_population_episodes.csv,initial state within fixed task,40,97.27785186702386,,,,,CONFIRMED,"State-bootstrap 95% interval: [96.89868340827525, 97.98571555223316]. Physics freezes during model inference."
MODEL-population-libero_object-ttl-energy,libero_object ttl: median gross allocated-GPU-board energy per episode in mJ.,exploratory,Learned world-action model integration,World-model visualization / descriptive probe,"LIBERO task 0: Spatial, Object, Goal; initial state 0 each",learned action and joint future-image generator,Cosmos Policy 2B; public Wan VAE variant; Torch 2.6 compatibility port,Three preselected states; fresh RGB and proprioception per 16-action decision; official done; synchronous simulation,scripts/cosmos_closed_loop_probe.py; scripts/export_closed_loop_gallery.py; scripts/plot_world_model_probe.py,artifacts/processed/memory_population_episodes.csv,initial state within fixed task,40,13696486.5,,,,,CONFIRMED,"State-bootstrap 95% interval: [13630056.5, 13737224.5]. Excludes CPU, sensing, display and physical robot."
MODEL-population-libero_object-ttl_reindex-success,libero_object ttl_reindex: official success rate over initial states 1–40.,exploratory,Learned world-action model integration,World-model visualization / descriptive probe,"LIBERO task 0: Spatial, Object, Goal; initial state 0 each",learned action and joint future-image generator,Cosmos Policy 2B; public Wan VAE variant; Torch 2.6 compatibility port,Three preselected states; fresh RGB and proprioception per 16-action decision; official done; synchronous simulation,scripts/cosmos_closed_loop_probe.py; scripts/export_closed_loop_gallery.py; scripts/plot_world_model_probe.py,artifacts/statistics/memory_population.json,initial state within fixed task,40,0.3,,,,,CONFIRMED,"Exploratory fixed-task control. Exact 95% binomial interval: [0.16562720439323558, 0.4653162852541233]. No calibrated FRAME selector or cross-task claim."
MODEL-population-libero_object-ttl_reindex-wall,libero_object ttl_reindex: median synchronous wall time per episode in seconds.,exploratory,Learned world-action model integration,World-model visualization / descriptive probe,"LIBERO task 0: Spatial, Object, Goal; initial state 0 each",learned action and joint future-image generator,Cosmos Policy 2B; public Wan VAE variant; Torch 2.6 compatibility port,Three preselected states; fresh RGB and proprioception per 16-action decision; official done; synchronous simulation,scripts/cosmos_closed_loop_probe.py; scripts/export_closed_loop_gallery.py; scripts/plot_world_model_probe.py,artifacts/processed/memory_population_episodes.csv,initial state within fixed task,40,97.4670130815357,,,,,CONFIRMED,"State-bootstrap 95% interval: [96.50314055290073, 98.1515908059664]. Physics freezes during model inference."
MODEL-population-libero_object-ttl_reindex-energy,libero_object ttl_reindex: median gross allocated-GPU-board energy per episode in mJ.,exploratory,Learned world-action model integration,World-model visualization / descriptive probe,"LIBERO task 0: Spatial, Object, Goal; initial state 0 each",learned action and joint future-image generator,Cosmos Policy 2B; public Wan VAE variant; Torch 2.6 compatibility port,Three preselected states; fresh RGB and proprioception per 16-action decision; official done; synchronous simulation,scripts/cosmos_closed_loop_probe.py; scripts/export_closed_loop_gallery.py; scripts/plot_world_model_probe.py,artifacts/processed/memory_population_episodes.csv,initial state within fixed task,40,13694130.5,,,,,CONFIRMED,"State-bootstrap 95% interval: [13608788.5, 13781965.5]. Excludes CPU, sensing, display and physical robot."
MODEL-population-libero_goal-fresh-success,libero_goal fresh: official success rate over initial states 1–40.,exploratory,Learned world-action model integration,World-model visualization / descriptive probe,"LIBERO task 0: Spatial, Object, Goal; initial state 0 each",learned action and joint future-image generator,Cosmos Policy 2B; public Wan VAE variant; Torch 2.6 compatibility port,Three preselected states; fresh RGB and proprioception per 16-action decision; official done; synchronous simulation,scripts/cosmos_closed_loop_probe.py; scripts/export_closed_loop_gallery.py; scripts/plot_world_model_probe.py,artifacts/statistics/memory_population.json,initial state within fixed task,40,1.0,,,,,CONFIRMED,"Exploratory fixed-task control. Exact 95% binomial interval: [0.9119026971211976, 1.0]. No calibrated FRAME selector or cross-task claim."
MODEL-population-libero_goal-fresh-wall,libero_goal fresh: median synchronous wall time per episode in seconds.,exploratory,Learned world-action model integration,World-model visualization / descriptive probe,"LIBERO task 0: Spatial, Object, Goal; initial state 0 each",learned action and joint future-image generator,Cosmos Policy 2B; public Wan VAE variant; Torch 2.6 compatibility port,Three preselected states; fresh RGB and proprioception per 16-action decision; official done; synchronous simulation,scripts/cosmos_closed_loop_probe.py; scripts/export_closed_loop_gallery.py; scripts/plot_world_model_probe.py,artifacts/processed/memory_population_episodes.csv,initial state within fixed task,40,56.70334190642461,,,,,CONFIRMED,"State-bootstrap 95% interval: [55.919428679626435, 57.988895209506154]. Physics freezes during model inference."
MODEL-population-libero_goal-fresh-energy,libero_goal fresh: median gross allocated-GPU-board energy per episode in mJ.,exploratory,Learned world-action model integration,World-model visualization / descriptive probe,"LIBERO task 0: Spatial, Object, Goal; initial state 0 each",learned action and joint future-image generator,Cosmos Policy 2B; public Wan VAE variant; Torch 2.6 compatibility port,Three preselected states; fresh RGB and proprioception per 16-action decision; official done; synchronous simulation,scripts/cosmos_closed_loop_probe.py; scripts/export_closed_loop_gallery.py; scripts/plot_world_model_probe.py,artifacts/processed/memory_population_episodes.csv,initial state within fixed task,40,7217918.5,,,,,CONFIRMED,"State-bootstrap 95% interval: [7145645.0, 7350871.0]. Excludes CPU, sensing, display and physical robot."
MODEL-population-libero_goal-stale-success,libero_goal stale: official success rate over initial states 1–40.,exploratory,Learned world-action model integration,World-model visualization / descriptive probe,"LIBERO task 0: Spatial, Object, Goal; initial state 0 each",learned action and joint future-image generator,Cosmos Policy 2B; public Wan VAE variant; Torch 2.6 compatibility port,Three preselected states; fresh RGB and proprioception per 16-action decision; official done; synchronous simulation,scripts/cosmos_closed_loop_probe.py; scripts/export_closed_loop_gallery.py; scripts/plot_world_model_probe.py,artifacts/statistics/memory_population.json,initial state within fixed task,40,0.0,,,,,CONFIRMED,"Exploratory fixed-task control. Exact 95% binomial interval: [0.0, 0.08809730287880237]. No calibrated FRAME selector or cross-task claim."
MODEL-population-libero_goal-stale-wall,libero_goal stale: median synchronous wall time per episode in seconds.,exploratory,Learned world-action model integration,World-model visualization / descriptive probe,"LIBERO task 0: Spatial, Object, Goal; initial state 0 each",learned action and joint future-image generator,Cosmos Policy 2B; public Wan VAE variant; Torch 2.6 compatibility port,Three preselected states; fresh RGB and proprioception per 16-action decision; official done; synchronous simulation,scripts/cosmos_closed_loop_probe.py; scripts/export_closed_loop_gallery.py; scripts/plot_world_model_probe.py,artifacts/processed/memory_population_episodes.csv,initial state within fixed task,40,134.3206995143555,,,,,CONFIRMED,"State-bootstrap 95% interval: [133.54701188160107, 134.70539929671213]. Physics freezes during model inference."
MODEL-population-libero_goal-stale-energy,libero_goal stale: median gross allocated-GPU-board energy per episode in mJ.,exploratory,Learned world-action model integration,World-model visualization / descriptive probe,"LIBERO task 0: Spatial, Object, Goal; initial state 0 each",learned action and joint future-image generator,Cosmos Policy 2B; public Wan VAE variant; Torch 2.6 compatibility port,Three preselected states; fresh RGB and proprioception per 16-action decision; official done; synchronous simulation,scripts/cosmos_closed_loop_probe.py; scripts/export_closed_loop_gallery.py; scripts/plot_world_model_probe.py,artifacts/processed/memory_population_episodes.csv,initial state within fixed task,40,18091383.5,,,,,CONFIRMED,"State-bootstrap 95% interval: [18048422.0, 18144083.0]. Excludes CPU, sensing, display and physical robot."
MODEL-population-libero_goal-ttl-success,libero_goal ttl: official success rate over initial states 1–40.,exploratory,Learned world-action model integration,World-model visualization / descriptive probe,"LIBERO task 0: Spatial, Object, Goal; initial state 0 each",learned action and joint future-image generator,Cosmos Policy 2B; public Wan VAE variant; Torch 2.6 compatibility port,Three preselected states; fresh RGB and proprioception per 16-action decision; official done; synchronous simulation,scripts/cosmos_closed_loop_probe.py; scripts/export_closed_loop_gallery.py; scripts/plot_world_model_probe.py,artifacts/statistics/memory_population.json,initial state within fixed task,40,1.0,,,,,CONFIRMED,"Exploratory fixed-task control. Exact 95% binomial interval: [0.9119026971211976, 1.0]. No calibrated FRAME selector or cross-task claim."
MODEL-population-libero_goal-ttl-wall,libero_goal ttl: median synchronous wall time per episode in seconds.,exploratory,Learned world-action model integration,World-model visualization / descriptive probe,"LIBERO task 0: Spatial, Object, Goal; initial state 0 each",learned action and joint future-image generator,Cosmos Policy 2B; public Wan VAE variant; Torch 2.6 compatibility port,Three preselected states; fresh RGB and proprioception per 16-action decision; official done; synchronous simulation,scripts/cosmos_closed_loop_probe.py; scripts/export_closed_loop_gallery.py; scripts/plot_world_model_probe.py,artifacts/processed/memory_population_episodes.csv,initial state within fixed task,40,67.7689627604559,,,,,CONFIRMED,"State-bootstrap 95% interval: [64.9381847619079, 68.88801047159359]. Physics freezes during model inference."
MODEL-population-libero_goal-ttl-energy,libero_goal ttl: median gross allocated-GPU-board energy per episode in mJ.,exploratory,Learned world-action model integration,World-model visualization / descriptive probe,"LIBERO task 0: Spatial, Object, Goal; initial state 0 each",learned action and joint future-image generator,Cosmos Policy 2B; public Wan VAE variant; Torch 2.6 compatibility port,Three preselected states; fresh RGB and proprioception per 16-action decision; official done; synchronous simulation,scripts/cosmos_closed_loop_probe.py; scripts/export_closed_loop_gallery.py; scripts/plot_world_model_probe.py,artifacts/processed/memory_population_episodes.csv,initial state within fixed task,40,9192714.5,,,,,CONFIRMED,"State-bootstrap 95% interval: [8669838.5, 9306752.5]. Excludes CPU, sensing, display and physical robot."
MODEL-population-libero_goal-ttl_reindex-success,libero_goal ttl_reindex: official success rate over initial states 1–40.,exploratory,Learned world-action model integration,World-model visualization / descriptive probe,"LIBERO task 0: Spatial, Object, Goal; initial state 0 each",learned action and joint future-image generator,Cosmos Policy 2B; public Wan VAE variant; Torch 2.6 compatibility port,Three preselected states; fresh RGB and proprioception per 16-action decision; official done; synchronous simulation,scripts/cosmos_closed_loop_probe.py; scripts/export_closed_loop_gallery.py; scripts/plot_world_model_probe.py,artifacts/statistics/memory_population.json,initial state within fixed task,40,1.0,,,,,CONFIRMED,"Exploratory fixed-task control. Exact 95% binomial interval: [0.9119026971211976, 1.0]. No calibrated FRAME selector or cross-task claim."
MODEL-population-libero_goal-ttl_reindex-wall,libero_goal ttl_reindex: median synchronous wall time per episode in seconds.,exploratory,Learned world-action model integration,World-model visualization / descriptive probe,"LIBERO task 0: Spatial, Object, Goal; initial state 0 each",learned action and joint future-image generator,Cosmos Policy 2B; public Wan VAE variant; Torch 2.6 compatibility port,Three preselected states; fresh RGB and proprioception per 16-action decision; official done; synchronous simulation,scripts/cosmos_closed_loop_probe.py; scripts/export_closed_loop_gallery.py; scripts/plot_world_model_probe.py,artifacts/processed/memory_population_episodes.csv,initial state within fixed task,40,67.35177731094882,,,,,CONFIRMED,"State-bootstrap 95% interval: [64.80338838603348, 68.85002454882488]. Physics freezes during model inference."
MODEL-population-libero_goal-ttl_reindex-energy,libero_goal ttl_reindex: median gross allocated-GPU-board energy per episode in mJ.,exploratory,Learned world-action model integration,World-model visualization / descriptive probe,"LIBERO task 0: Spatial, Object, Goal; initial state 0 each",learned action and joint future-image generator,Cosmos Policy 2B; public Wan VAE variant; Torch 2.6 compatibility port,Three preselected states; fresh RGB and proprioception per 16-action decision; official done; synchronous simulation,scripts/cosmos_closed_loop_probe.py; scripts/export_closed_loop_gallery.py; scripts/plot_world_model_probe.py,artifacts/processed/memory_population_episodes.csv,initial state within fixed task,40,9135952.0,,,,,CONFIRMED,"State-bootstrap 95% interval: [8635095.5, 9276507.0]. Excludes CPU, sensing, display and physical robot."
MODEL-population-libero_spatial-stale-vs-fresh,libero_spatial: paired success-rate difference for stale minus fresh.,exploratory,Learned world-action model integration,World-model visualization / descriptive probe,"LIBERO task 0: Spatial, Object, Goal; initial state 0 each",learned action and joint future-image generator,Cosmos Policy 2B; public Wan VAE variant; Torch 2.6 compatibility port,Three preselected states; fresh RGB and proprioception per 16-action decision; official done; synchronous simulation,scripts/cosmos_closed_loop_probe.py; scripts/export_closed_loop_gallery.py; scripts/plot_world_model_probe.py,artifacts/statistics/memory_population.json,paired initial state within fixed task,40,-1.0,,,,,CONFIRMED,"Paired state-bootstrap 95% interval: [-1.0, -1.0]; exact paired McNemar raw p=1.8189894035458565e-12. Exploratory raw p-value; no corrected discovery claim."
MODEL-population-libero_spatial-ttl-vs-fresh,libero_spatial: paired success-rate difference for ttl minus fresh.,exploratory,Learned world-action model integration,World-model visualization / descriptive probe,"LIBERO task 0: Spatial, Object, Goal; initial state 0 each",learned action and joint future-image generator,Cosmos Policy 2B; public Wan VAE variant; Torch 2.6 compatibility port,Three preselected states; fresh RGB and proprioception per 16-action decision; official done; synchronous simulation,scripts/cosmos_closed_loop_probe.py; scripts/export_closed_loop_gallery.py; scripts/plot_world_model_probe.py,artifacts/statistics/memory_population.json,paired initial state within fixed task,40,-0.95,,,,,CONFIRMED,"Paired state-bootstrap 95% interval: [-1.0, -0.875]; exact paired McNemar raw p=7.275957614183426e-12. Exploratory raw p-value; no corrected discovery claim."
MODEL-population-libero_spatial-ttl_reindex-vs-fresh,libero_spatial: paired success-rate difference for ttl_reindex minus fresh.,exploratory,Learned world-action model integration,World-model visualization / descriptive probe,"LIBERO task 0: Spatial, Object, Goal; initial state 0 each",learned action and joint future-image generator,Cosmos Policy 2B; public Wan VAE variant; Torch 2.6 compatibility port,Three preselected states; fresh RGB and proprioception per 16-action decision; official done; synchronous simulation,scripts/cosmos_closed_loop_probe.py; scripts/export_closed_loop_gallery.py; scripts/plot_world_model_probe.py,artifacts/statistics/memory_population.json,paired initial state within fixed task,40,-0.95,,,,,CONFIRMED,"Paired state-bootstrap 95% interval: [-1.0, -0.875]; exact paired McNemar raw p=7.275957614183426e-12. Exploratory raw p-value; no corrected discovery claim."
MODEL-population-libero_spatial-ttl_reindex-vs-ttl,libero_spatial: paired success-rate difference for ttl_reindex minus ttl.,exploratory,Learned world-action model integration,World-model visualization / descriptive probe,"LIBERO task 0: Spatial, Object, Goal; initial state 0 each",learned action and joint future-image generator,Cosmos Policy 2B; public Wan VAE variant; Torch 2.6 compatibility port,Three preselected states; fresh RGB and proprioception per 16-action decision; official done; synchronous simulation,scripts/cosmos_closed_loop_probe.py; scripts/export_closed_loop_gallery.py; scripts/plot_world_model_probe.py,artifacts/statistics/memory_population.json,paired initial state within fixed task,40,0.0,,,,,CONFIRMED,"Paired state-bootstrap 95% interval: [0.0, 0.0]; exact paired McNemar raw p=1.0. Exploratory raw p-value; no corrected discovery claim."
MODEL-population-libero_object-stale-vs-fresh,libero_object: paired success-rate difference for stale minus fresh.,exploratory,Learned world-action model integration,World-model visualization / descriptive probe,"LIBERO task 0: Spatial, Object, Goal; initial state 0 each",learned action and joint future-image generator,Cosmos Policy 2B; public Wan VAE variant; Torch 2.6 compatibility port,Three preselected states; fresh RGB and proprioception per 16-action decision; official done; synchronous simulation,scripts/cosmos_closed_loop_probe.py; scripts/export_closed_loop_gallery.py; scripts/plot_world_model_probe.py,artifacts/statistics/memory_population.json,paired initial state within fixed task,40,-1.0,,,,,CONFIRMED,"Paired state-bootstrap 95% interval: [-1.0, -1.0]; exact paired McNemar raw p=1.8189894035458565e-12. Exploratory raw p-value; no corrected discovery claim."
MODEL-population-libero_object-ttl-vs-fresh,libero_object: paired success-rate difference for ttl minus fresh.,exploratory,Learned world-action model integration,World-model visualization / descriptive probe,"LIBERO task 0: Spatial, Object, Goal; initial state 0 each",learned action and joint future-image generator,Cosmos Policy 2B; public Wan VAE variant; Torch 2.6 compatibility port,Three preselected states; fresh RGB and proprioception per 16-action decision; official done; synchronous simulation,scripts/cosmos_closed_loop_probe.py; scripts/export_closed_loop_gallery.py; scripts/plot_world_model_probe.py,artifacts/statistics/memory_population.json,paired initial state within fixed task,40,-0.7,,,,,CONFIRMED,"Paired state-bootstrap 95% interval: [-0.825, -0.55]; exact paired McNemar raw p=7.450580596923828e-09. Exploratory raw p-value; no corrected discovery claim."
MODEL-population-libero_object-ttl_reindex-vs-fresh,libero_object: paired success-rate difference for ttl_reindex minus fresh.,exploratory,Learned world-action model integration,World-model visualization / descriptive probe,"LIBERO task 0: Spatial, Object, Goal; initial state 0 each",learned action and joint future-image generator,Cosmos Policy 2B; public Wan VAE variant; Torch 2.6 compatibility port,Three preselected states; fresh RGB and proprioception per 16-action decision; official done; synchronous simulation,scripts/cosmos_closed_loop_probe.py; scripts/export_closed_loop_gallery.py; scripts/plot_world_model_probe.py,artifacts/statistics/memory_population.json,paired initial state within fixed task,40,-0.7,,,,,CONFIRMED,"Paired state-bootstrap 95% interval: [-0.825, -0.55]; exact paired McNemar raw p=7.450580596923828e-09. Exploratory raw p-value; no corrected discovery claim."
MODEL-population-libero_object-ttl_reindex-vs-ttl,libero_object: paired success-rate difference for ttl_reindex minus ttl.,exploratory,Learned world-action model integration,World-model visualization / descriptive probe,"LIBERO task 0: Spatial, Object, Goal; initial state 0 each",learned action and joint future-image generator,Cosmos Policy 2B; public Wan VAE variant; Torch 2.6 compatibility port,Three preselected states; fresh RGB and proprioception per 16-action decision; official done; synchronous simulation,scripts/cosmos_closed_loop_probe.py; scripts/export_closed_loop_gallery.py; scripts/plot_world_model_probe.py,artifacts/statistics/memory_population.json,paired initial state within fixed task,40,0.0,,,,,CONFIRMED,"Paired state-bootstrap 95% interval: [0.0, 0.0]; exact paired McNemar raw p=1.0. Exploratory raw p-value; no corrected discovery claim."
MODEL-population-libero_goal-stale-vs-fresh,libero_goal: paired success-rate difference for stale minus fresh.,exploratory,Learned world-action model integration,World-model visualization / descriptive probe,"LIBERO task 0: Spatial, Object, Goal; initial state 0 each",learned action and joint future-image generator,Cosmos Policy 2B; public Wan VAE variant; Torch 2.6 compatibility port,Three preselected states; fresh RGB and proprioception per 16-action decision; official done; synchronous simulation,scripts/cosmos_closed_loop_probe.py; scripts/export_closed_loop_gallery.py; scripts/plot_world_model_probe.py,artifacts/statistics/memory_population.json,paired initial state within fixed task,40,-1.0,,,,,CONFIRMED,"Paired state-bootstrap 95% interval: [-1.0, -1.0]; exact paired McNemar raw p=1.8189894035458565e-12. Exploratory raw p-value; no corrected discovery claim."
MODEL-population-libero_goal-ttl-vs-fresh,libero_goal: paired success-rate difference for ttl minus fresh.,exploratory,Learned world-action model integration,World-model visualization / descriptive probe,"LIBERO task 0: Spatial, Object, Goal; initial state 0 each",learned action and joint future-image generator,Cosmos Policy 2B; public Wan VAE variant; Torch 2.6 compatibility port,Three preselected states; fresh RGB and proprioception per 16-action decision; official done; synchronous simulation,scripts/cosmos_closed_loop_probe.py; scripts/export_closed_loop_gallery.py; scripts/plot_world_model_probe.py,artifacts/statistics/memory_population.json,paired initial state within fixed task,40,0.0,,,,,CONFIRMED,"Paired state-bootstrap 95% interval: [0.0, 0.0]; exact paired McNemar raw p=1.0. Exploratory raw p-value; no corrected discovery claim."
MODEL-population-libero_goal-ttl_reindex-vs-fresh,libero_goal: paired success-rate difference for ttl_reindex minus fresh.,exploratory,Learned world-action model integration,World-model visualization / descriptive probe,"LIBERO task 0: Spatial, Object, Goal; initial state 0 each",learned action and joint future-image generator,Cosmos Policy 2B; public Wan VAE variant; Torch 2.6 compatibility port,Three preselected states; fresh RGB and proprioception per 16-action decision; official done; synchronous simulation,scripts/cosmos_closed_loop_probe.py; scripts/export_closed_loop_gallery.py; scripts/plot_world_model_probe.py,artifacts/statistics/memory_population.json,paired initial state within fixed task,40,0.0,,,,,CONFIRMED,"Paired state-bootstrap 95% interval: [0.0, 0.0]; exact paired McNemar raw p=1.0. Exploratory raw p-value; no corrected discovery claim."
MODEL-population-libero_goal-ttl_reindex-vs-ttl,libero_goal: paired success-rate difference for ttl_reindex minus ttl.,exploratory,Learned world-action model integration,World-model visualization / descriptive probe,"LIBERO task 0: Spatial, Object, Goal; initial state 0 each",learned action and joint future-image generator,Cosmos Policy 2B; public Wan VAE variant; Torch 2.6 compatibility port,Three preselected states; fresh RGB and proprioception per 16-action decision; official done; synchronous simulation,scripts/cosmos_closed_loop_probe.py; scripts/export_closed_loop_gallery.py; scripts/plot_world_model_probe.py,artifacts/statistics/memory_population.json,paired initial state within fixed task,40,0.0,,,,,CONFIRMED,"Paired state-bootstrap 95% interval: [0.0, 0.0]; exact paired McNemar raw p=1.0. Exploratory raw p-value; no corrected discovery claim."
