device,case_id,family,cells,rank,payload_bytes,consumers,reuse,working_records,cache,comparison,median_difference_us,ci_low,ci_high,winner,test_effect_mean_us,raw_p,test,multiple_testing_family,corrected_p
cpu,0,core,36,32,4608,1,1,1,warm,E minus C,-15.295000000000016,-19.05000000000001,-12.004000000000019,E,-15.71527272727274,0.001953125,exact paired sign-flip of mean; assumes exchangeable symmetric run-block differences,all server layout contrasts; exploratory,0.7421875
cpu,0,core,36,32,4608,1,1,1,warm,D minus C,63.966999999999985,52.821,70.82499999999999,C,67.33836363636364,0.0009765625,exact paired sign-flip of mean; assumes exchangeable symmetric run-block differences,all server layout contrasts; exploratory,0.7421875
cpu,0,core,36,32,4608,1,1,1,warm,G minus F,17.697000000000003,13.363999999999976,24.76800000000003,F,20.199363636363636,0.0009765625,exact paired sign-flip of mean; assumes exchangeable symmetric run-block differences,all server layout contrasts; exploratory,0.7421875
cpu,0,core,36,32,4608,1,1,1,warm,F minus D,-80.09899999999999,-89.27699999999999,-62.521000000000015,F,-79.04981818181818,0.0009765625,exact paired sign-flip of mean; assumes exchangeable symmetric run-block differences,all server layout contrasts; exploratory,0.7421875
cpu,0,core,36,32,4608,1,1,1,warm,E minus D,-82.82900000000001,-87.18299999999999,-77.90900000000005,E,-83.05363636363637,0.0009765625,exact paired sign-flip of mean; assumes exchangeable symmetric run-block differences,all server layout contrasts; exploratory,0.7421875
cpu,1,core,36,32,4608,1,2,1,warm,E minus C,-37.617999999999995,-46.87200000000004,-29.471000000000004,E,-38.539454545454554,0.0009765625,exact paired sign-flip of mean; assumes exchangeable symmetric run-block differences,all server layout contrasts; exploratory,0.7421875
cpu,1,core,36,32,4608,1,2,1,warm,D minus C,86.19,69.27899999999997,114.39100000000002,C,92.4800909090909,0.0009765625,exact paired sign-flip of mean; assumes exchangeable symmetric run-block differences,all server layout contrasts; exploratory,0.7421875
cpu,1,core,36,32,4608,1,2,1,warm,G minus F,13.212999999999994,11.24799999999999,22.435000000000002,F,12.997818181818179,0.00390625,exact paired sign-flip of mean; assumes exchangeable symmetric run-block differences,all server layout contrasts; exploratory,0.7421875
cpu,1,core,36,32,4608,1,2,1,warm,F minus D,-126.63400000000001,-161.676,-99.67399999999998,F,-129.1878181818182,0.0009765625,exact paired sign-flip of mean; assumes exchangeable symmetric run-block differences,all server layout contrasts; exploratory,0.7421875
cpu,1,core,36,32,4608,1,2,1,warm,E minus D,-126.22400000000005,-153.748,-115.661,E,-131.01954545454544,0.0009765625,exact paired sign-flip of mean; assumes exchangeable symmetric run-block differences,all server layout contrasts; exploratory,0.7421875
cpu,2,core,36,32,4608,1,4,1,warm,E minus C,-60.655,-67.78699999999998,-58.173,E,-61.68918181818182,0.0009765625,exact paired sign-flip of mean; assumes exchangeable symmetric run-block differences,all server layout contrasts; exploratory,0.7421875
cpu,2,core,36,32,4608,1,4,1,warm,D minus C,137.06699999999998,130.64999999999998,147.14400000000006,C,139.24118181818181,0.0009765625,exact paired sign-flip of mean; assumes exchangeable symmetric run-block differences,all server layout contrasts; exploratory,0.7421875
cpu,2,core,36,32,4608,1,4,1,warm,G minus F,12.696000000000026,0.0519999999999925,13.796999999999997,F,8.239363636363636,0.0205078125,exact paired sign-flip of mean; assumes exchangeable symmetric run-block differences,all server layout contrasts; exploratory,1.0
cpu,2,core,36,32,4608,1,4,1,warm,F minus D,-195.62599999999998,-207.54900000000004,-182.22799999999998,F,-195.72554545454548,0.0009765625,exact paired sign-flip of mean; assumes exchangeable symmetric run-block differences,all server layout contrasts; exploratory,0.7421875
cpu,2,core,36,32,4608,1,4,1,warm,E minus D,-197.171,-208.69400000000005,-193.29900000000004,E,-200.93036363636364,0.0009765625,exact paired sign-flip of mean; assumes exchangeable symmetric run-block differences,all server layout contrasts; exploratory,0.7421875
cpu,3,core,36,32,4608,1,8,1,warm,E minus C,-96.57299999999998,-103.62299999999999,-91.84600000000006,E,-95.985,0.0009765625,exact paired sign-flip of mean; assumes exchangeable symmetric run-block differences,all server layout contrasts; exploratory,0.7421875
cpu,3,core,36,32,4608,1,8,1,warm,D minus C,190.20099999999996,173.33899999999994,206.2659999999999,C,192.5989090909091,0.0009765625,exact paired sign-flip of mean; assumes exchangeable symmetric run-block differences,all server layout contrasts; exploratory,0.7421875
cpu,3,core,36,32,4608,1,8,1,warm,G minus F,11.072000000000031,9.018,12.848000000000013,F,10.30818181818181,0.001953125,exact paired sign-flip of mean; assumes exchangeable symmetric run-block differences,all server layout contrasts; exploratory,0.7421875
cpu,3,core,36,32,4608,1,8,1,warm,F minus D,-282.013,-310.09499999999997,-278.46000000000004,F,-293.536,0.0009765625,exact paired sign-flip of mean; assumes exchangeable symmetric run-block differences,all server layout contrasts; exploratory,0.7421875
cpu,3,core,36,32,4608,1,8,1,warm,E minus D,-282.24199999999996,-297.01200000000006,-278.1170000000001,E,-288.5839090909092,0.0009765625,exact paired sign-flip of mean; assumes exchangeable symmetric run-block differences,all server layout contrasts; exploratory,0.7421875
cpu,4,core,36,32,4608,1,16,1,warm,E minus C,-167.64200000000005,-176.8,-154.74700000000007,E,-168.17181818181822,0.0009765625,exact paired sign-flip of mean; assumes exchangeable symmetric run-block differences,all server layout contrasts; exploratory,0.7421875
cpu,4,core,36,32,4608,1,16,1,warm,D minus C,320.45900000000006,316.084,357.9789999999999,C,327.78536363636357,0.0009765625,exact paired sign-flip of mean; assumes exchangeable symmetric run-block differences,all server layout contrasts; exploratory,0.7421875
cpu,4,core,36,32,4608,1,16,1,warm,G minus F,7.676999999999964,3.2270000000000323,10.632999999999981,F,6.577636363636362,0.02734375,exact paired sign-flip of mean; assumes exchangeable symmetric run-block differences,all server layout contrasts; exploratory,1.0
cpu,4,core,36,32,4608,1,16,1,warm,F minus D,-487.6819999999999,-529.3859999999999,-463.4289999999997,F,-494.71718181818176,0.0009765625,exact paired sign-flip of mean; assumes exchangeable symmetric run-block differences,all server layout contrasts; exploratory,0.7421875
cpu,4,core,36,32,4608,1,16,1,warm,E minus D,-481.72900000000004,-535.769,-475.20600000000013,E,-495.9571818181819,0.0009765625,exact paired sign-flip of mean; assumes exchangeable symmetric run-block differences,all server layout contrasts; exploratory,0.7421875
cpu,5,core,36,32,4608,1,32,1,warm,E minus C,-261.01099999999985,-268.8169999999999,-251.66000000000008,E,-261.6617272727273,0.0009765625,exact paired sign-flip of mean; assumes exchangeable symmetric run-block differences,all server layout contrasts; exploratory,0.7421875
cpu,5,core,36,32,4608,1,32,1,warm,D minus C,506.11099999999965,485.25499999999965,554.113,C,515.4777272727272,0.0009765625,exact paired sign-flip of mean; assumes exchangeable symmetric run-block differences,all server layout contrasts; exploratory,0.7421875
cpu,5,core,36,32,4608,1,32,1,warm,G minus F,3.0300000000002,-7.4360000000000355,15.937000000000012,unresolved,2.3730000000000473,0.62890625,exact paired sign-flip of mean; assumes exchangeable symmetric run-block differences,all server layout contrasts; exploratory,1.0
cpu,5,core,36,32,4608,1,32,1,warm,F minus D,-761.6239999999997,-797.2330000000003,-735.3789999999999,F,-774.6142727272727,0.0009765625,exact paired sign-flip of mean; assumes exchangeable symmetric run-block differences,all server layout contrasts; exploratory,0.7421875
cpu,5,core,36,32,4608,1,32,1,warm,E minus D,-761.6649999999997,-809.1180000000003,-736.9149999999997,E,-777.1394545454546,0.0009765625,exact paired sign-flip of mean; assumes exchangeable symmetric run-block differences,all server layout contrasts; exploratory,0.7421875
cpu,6,core,36,32,4608,1,64,1,warm,E minus C,-491.7349999999998,-495.2360000000001,-477.5039999999999,E,-488.37418181818197,0.0009765625,exact paired sign-flip of mean; assumes exchangeable symmetric run-block differences,all server layout contrasts; exploratory,0.7421875
cpu,6,core,36,32,4608,1,64,1,warm,D minus C,982.5930000000005,961.3280000000007,992.804000000001,C,975.8760909090913,0.0009765625,exact paired sign-flip of mean; assumes exchangeable symmetric run-block differences,all server layout contrasts; exploratory,0.7421875
cpu,6,core,36,32,4608,1,64,1,warm,G minus F,4.299000000000433,0.5049999999999955,11.85799999999972,F,4.771181818181803,0.115234375,exact paired sign-flip of mean; assumes exchangeable symmetric run-block differences,all server layout contrasts; exploratory,1.0
cpu,6,core,36,32,4608,1,64,1,warm,F minus D,-1471.0500000000004,-1480.9680000000008,-1454.2349999999994,F,-1467.0292727272733,0.0009765625,exact paired sign-flip of mean; assumes exchangeable symmetric run-block differences,all server layout contrasts; exploratory,0.7421875
cpu,6,core,36,32,4608,1,64,1,warm,E minus D,-1466.7019999999995,-1470.308000000001,-1454.9160000000004,E,-1464.2502727272733,0.0009765625,exact paired sign-flip of mean; assumes exchangeable symmetric run-block differences,all server layout contrasts; exploratory,0.7421875
cpu,7,core,36,32,4608,1,128,1,warm,E minus C,-1007.8389999999972,-1029.6299999999983,-992.9939999999995,E,-1009.8671818181821,0.0009765625,exact paired sign-flip of mean; assumes exchangeable symmetric run-block differences,all server layout contrasts; exploratory,0.7421875
cpu,7,core,36,32,4608,1,128,1,warm,D minus C,1899.4829999999965,1871.3089999999988,1926.3780000000006,C,1903.5031818181815,0.0009765625,exact paired sign-flip of mean; assumes exchangeable symmetric run-block differences,all server layout contrasts; exploratory,0.7421875
cpu,7,core,36,32,4608,1,128,1,warm,G minus F,-13.016000000000531,-30.05200000000127,4.743000000000393,unresolved,-8.684000000000156,0.20703125,exact paired sign-flip of mean; assumes exchangeable symmetric run-block differences,all server layout contrasts; exploratory,1.0
cpu,7,core,36,32,4608,1,128,1,warm,F minus D,-2905.396000000001,-2915.104000000001,-2900.442000000002,F,-2912.8756363636367,0.0009765625,exact paired sign-flip of mean; assumes exchangeable symmetric run-block differences,all server layout contrasts; exploratory,0.7421875
cpu,7,core,36,32,4608,1,128,1,warm,E minus D,-2920.4549999999967,-2932.4379999999983,-2898.7309999999984,E,-2913.370363636364,0.0009765625,exact paired sign-flip of mean; assumes exchangeable symmetric run-block differences,all server layout contrasts; exploratory,0.7421875
cpu,8,core,36,32,4608,3,1,1,warm,E minus C,-15.163999999999987,-17.988,-14.153999999999996,E,-17.597636363636365,0.0009765625,exact paired sign-flip of mean; assumes exchangeable symmetric run-block differences,all server layout contrasts; exploratory,0.7421875
cpu,8,core,36,32,4608,3,1,1,warm,D minus C,50.263999999999996,49.637000000000015,53.678,C,49.19745454545454,0.0009765625,exact paired sign-flip of mean; assumes exchangeable symmetric run-block differences,all server layout contrasts; exploratory,0.7421875
cpu,8,core,36,32,4608,3,1,1,warm,G minus F,17.771000000000015,14.777000000000015,19.19999999999999,F,18.195545454545456,0.0009765625,exact paired sign-flip of mean; assumes exchangeable symmetric run-block differences,all server layout contrasts; exploratory,0.7421875
cpu,8,core,36,32,4608,3,1,1,warm,F minus D,-65.46499999999999,-68.03099999999999,-64.91199999999999,F,-67.20536363636363,0.0009765625,exact paired sign-flip of mean; assumes exchangeable symmetric run-block differences,all server layout contrasts; exploratory,0.7421875
cpu,8,core,36,32,4608,3,1,1,warm,E minus D,-66.67699999999999,-68.208,-64.87299999999999,E,-66.7950909090909,0.0009765625,exact paired sign-flip of mean; assumes exchangeable symmetric run-block differences,all server layout contrasts; exploratory,0.7421875
cpu,9,core,36,32,4608,3,2,1,warm,E minus C,-23.819000000000017,-28.449000000000012,-21.789000000000016,E,-23.24972727272728,0.0009765625,exact paired sign-flip of mean; assumes exchangeable symmetric run-block differences,all server layout contrasts; exploratory,0.7421875
cpu,9,core,36,32,4608,3,2,1,warm,D minus C,96.44899999999998,86.56700000000001,100.41199999999998,C,94.74245454545454,0.0009765625,exact paired sign-flip of mean; assumes exchangeable symmetric run-block differences,all server layout contrasts; exploratory,0.7421875
cpu,9,core,36,32,4608,3,2,1,warm,G minus F,0.9440000000000168,-0.7660000000000196,13.313999999999993,unresolved,3.2108181818181705,0.240234375,exact paired sign-flip of mean; assumes exchangeable symmetric run-block differences,all server layout contrasts; exploratory,1.0
cpu,9,core,36,32,4608,3,2,1,warm,F minus D,-118.41899999999998,-123.90699999999998,-117.30199999999999,F,-119.02445454545453,0.0009765625,exact paired sign-flip of mean; assumes exchangeable symmetric run-block differences,all server layout contrasts; exploratory,0.7421875
cpu,9,core,36,32,4608,3,2,1,warm,E minus D,-119.58400000000003,-121.74600000000001,-114.57999999999998,E,-117.99218181818183,0.0009765625,exact paired sign-flip of mean; assumes exchangeable symmetric run-block differences,all server layout contrasts; exploratory,0.7421875
cpu,10,core,36,32,4608,3,4,1,warm,E minus C,-40.20799999999991,-47.85100000000003,-36.91399999999999,E,-42.15145454545451,0.0009765625,exact paired sign-flip of mean; assumes exchangeable symmetric run-block differences,all server layout contrasts; exploratory,0.7421875
cpu,10,core,36,32,4608,3,4,1,warm,D minus C,187.45600000000002,184.51100000000008,194.64199999999994,C,189.36727272727276,0.0009765625,exact paired sign-flip of mean; assumes exchangeable symmetric run-block differences,all server layout contrasts; exploratory,0.7421875
cpu,10,core,36,32,4608,3,4,1,warm,G minus F,-31.73600000000002,-35.40599999999998,-23.769000000000005,G,-30.86445454545453,0.0009765625,exact paired sign-flip of mean; assumes exchangeable symmetric run-block differences,all server layout contrasts; exploratory,0.7421875
cpu,10,core,36,32,4608,3,4,1,warm,F minus D,-229.5940000000001,-234.71800000000002,-226.188,F,-230.46172727272733,0.0009765625,exact paired sign-flip of mean; assumes exchangeable symmetric run-block differences,all server layout contrasts; exploratory,0.7421875
cpu,10,core,36,32,4608,3,4,1,warm,E minus D,-230.71900000000014,-235.003,-227.36300000000008,E,-231.5187272727273,0.0009765625,exact paired sign-flip of mean; assumes exchangeable symmetric run-block differences,all server layout contrasts; exploratory,0.7421875
cpu,11,core,36,32,4608,3,8,1,warm,E minus C,-77.32099999999991,-81.67600000000004,-64.49200000000013,E,-74.52118181818183,0.0009765625,exact paired sign-flip of mean; assumes exchangeable symmetric run-block differences,all server layout contrasts; exploratory,0.7421875
cpu,11,core,36,32,4608,3,8,1,warm,D minus C,366.25599999999986,361.2660000000001,370.90700000000015,C,366.9550909090909,0.0009765625,exact paired sign-flip of mean; assumes exchangeable symmetric run-block differences,all server layout contrasts; exploratory,0.7421875
cpu,11,core,36,32,4608,3,8,1,warm,G minus F,-99.42199999999985,-108.39999999999998,-89.30299999999994,G,-99.09227272727271,0.0009765625,exact paired sign-flip of mean; assumes exchangeable symmetric run-block differences,all server layout contrasts; exploratory,0.7421875
cpu,11,core,36,32,4608,3,8,1,warm,F minus D,-440.7480000000001,-449.491,-438.4250000000003,F,-442.9277272727273,0.0009765625,exact paired sign-flip of mean; assumes exchangeable symmetric run-block differences,all server layout contrasts; exploratory,0.7421875
cpu,11,core,36,32,4608,3,8,1,warm,E minus D,-440.015,-448.99399999999997,-436.4040000000003,E,-441.4762727272728,0.0009765625,exact paired sign-flip of mean; assumes exchangeable symmetric run-block differences,all server layout contrasts; exploratory,0.7421875
cpu,12,core,36,32,4608,3,16,1,warm,E minus C,-135.87499999999977,-142.9910000000002,-116.23699999999963,E,-131.39118181818176,0.0009765625,exact paired sign-flip of mean; assumes exchangeable symmetric run-block differences,all server layout contrasts; exploratory,0.7421875
cpu,12,core,36,32,4608,3,16,1,warm,D minus C,719.7790000000002,704.4470000000003,737.0339999999994,C,723.7096363636365,0.0009765625,exact paired sign-flip of mean; assumes exchangeable symmetric run-block differences,all server layout contrasts; exploratory,0.7421875
cpu,12,core,36,32,4608,3,16,1,warm,G minus F,-231.10300000000007,-238.79200000000014,-225.6260000000002,G,-230.34836363636362,0.0009765625,exact paired sign-flip of mean; assumes exchangeable symmetric run-block differences,all server layout contrasts; exploratory,0.7421875
cpu,12,core,36,32,4608,3,16,1,warm,F minus D,-855.576,-868.2499999999999,-842.0120000000003,F,-853.9449090909093,0.0009765625,exact paired sign-flip of mean; assumes exchangeable symmetric run-block differences,all server layout contrasts; exploratory,0.7421875
cpu,12,core,36,32,4608,3,16,1,warm,E minus D,-858.7009999999999,-867.2180000000001,-840.5229999999997,E,-855.1008181818183,0.0009765625,exact paired sign-flip of mean; assumes exchangeable symmetric run-block differences,all server layout contrasts; exploratory,0.7421875
cpu,13,core,36,32,4608,3,32,1,warm,E minus C,-268.06599999999935,-277.0799999999999,-253.79000000000042,E,-268.64890909090917,0.0009765625,exact paired sign-flip of mean; assumes exchangeable symmetric run-block differences,all server layout contrasts; exploratory,0.7421875
cpu,13,core,36,32,4608,3,32,1,warm,D minus C,1409.6689999999994,1401.4480000000003,1427.3520000000003,C,1409.7390909090914,0.0009765625,exact paired sign-flip of mean; assumes exchangeable symmetric run-block differences,all server layout contrasts; exploratory,0.7421875
cpu,13,core,36,32,4608,3,32,1,warm,G minus F,-488.7760000000005,-507.72200000000043,-476.8489999999995,G,-488.9071818181819,0.0009765625,exact paired sign-flip of mean; assumes exchangeable symmetric run-block differences,all server layout contrasts; exploratory,0.7421875
cpu,13,core,36,32,4608,3,32,1,warm,F minus D,-1678.7070000000012,-1685.6479999999988,-1656.6380000000004,F,-1679.4992727272727,0.0009765625,exact paired sign-flip of mean; assumes exchangeable symmetric run-block differences,all server layout contrasts; exploratory,0.7421875
cpu,13,core,36,32,4608,3,32,1,warm,E minus D,-1681.1420000000007,-1691.803,-1666.8360000000005,E,-1678.3880000000004,0.0009765625,exact paired sign-flip of mean; assumes exchangeable symmetric run-block differences,all server layout contrasts; exploratory,0.7421875
cpu,14,core,36,32,4608,3,64,1,warm,E minus C,-503.1930000000002,-544.1289999999985,-489.425000000002,E,-508.2249999999995,0.0009765625,exact paired sign-flip of mean; assumes exchangeable symmetric run-block differences,all server layout contrasts; exploratory,0.7421875
cpu,14,core,36,32,4608,3,64,1,warm,D minus C,2826.7120000000023,2799.676000000002,2850.3140000000008,C,2826.3140000000017,0.0009765625,exact paired sign-flip of mean; assumes exchangeable symmetric run-block differences,all server layout contrasts; exploratory,0.7421875
cpu,14,core,36,32,4608,3,64,1,warm,G minus F,-1014.2079999999978,-1031.6479999999988,-1000.795000000001,G,-1016.8874545454551,0.0009765625,exact paired sign-flip of mean; assumes exchangeable symmetric run-block differences,all server layout contrasts; exploratory,0.7421875
cpu,14,core,36,32,4608,3,64,1,warm,F minus D,-3333.231000000001,-3366.9540000000025,-3317.2800000000025,F,-3335.210636363637,0.0009765625,exact paired sign-flip of mean; assumes exchangeable symmetric run-block differences,all server layout contrasts; exploratory,0.7421875
cpu,14,core,36,32,4608,3,64,1,warm,E minus D,-3337.436,-3355.2640000000006,-3317.2110000000016,E,-3334.539000000001,0.0009765625,exact paired sign-flip of mean; assumes exchangeable symmetric run-block differences,all server layout contrasts; exploratory,0.7421875
cpu,15,core,36,32,4608,3,128,1,warm,E minus C,-976.8290000000006,-994.4930000000031,-948.4789999999994,E,-975.0479999999999,0.0009765625,exact paired sign-flip of mean; assumes exchangeable symmetric run-block differences,all server layout contrasts; exploratory,0.7421875
cpu,15,core,36,32,4608,3,128,1,warm,D minus C,5696.599999999994,5589.253999999995,5778.039999999995,C,6106.463000000001,0.0009765625,exact paired sign-flip of mean; assumes exchangeable symmetric run-block differences,all server layout contrasts; exploratory,0.7421875
cpu,15,core,36,32,4608,3,128,1,warm,G minus F,-2045.4580000000033,-2082.146000000007,-2025.9520000000057,G,-2049.893000000001,0.0009765625,exact paired sign-flip of mean; assumes exchangeable symmetric run-block differences,all server layout contrasts; exploratory,0.7421875
cpu,15,core,36,32,4608,3,128,1,warm,F minus D,-6655.407000000006,-6758.159999999998,-6544.618,F,-7093.1182727272735,0.0009765625,exact paired sign-flip of mean; assumes exchangeable symmetric run-block differences,all server layout contrasts; exploratory,0.7421875
cpu,15,core,36,32,4608,3,128,1,warm,E minus D,-6669.306000000001,-6772.5329999999985,-6493.170000000002,E,-7081.511000000001,0.0009765625,exact paired sign-flip of mean; assumes exchangeable symmetric run-block differences,all server layout contrasts; exploratory,0.7421875
cpu,16,core,144,32,18432,1,1,1,warm,E minus C,-7.138999999999996,-9.351000000000006,-5.789999999999999,E,-7.308454545454544,0.0029296875,exact paired sign-flip of mean; assumes exchangeable symmetric run-block differences,all server layout contrasts; exploratory,0.7421875
cpu,16,core,144,32,18432,1,1,1,warm,D minus C,24.713,19.96900000000001,28.635000000000005,C,25.150636363636366,0.0009765625,exact paired sign-flip of mean; assumes exchangeable symmetric run-block differences,all server layout contrasts; exploratory,0.7421875
cpu,16,core,144,32,18432,1,1,1,warm,G minus F,6.56600000000001,6.2080000000000055,8.917000000000002,F,7.9911818181818175,0.0009765625,exact paired sign-flip of mean; assumes exchangeable symmetric run-block differences,all server layout contrasts; exploratory,0.7421875
cpu,16,core,144,32,18432,1,1,1,warm,F minus D,-32.208,-36.446000000000005,-29.214,F,-33.92154545454546,0.0009765625,exact paired sign-flip of mean; assumes exchangeable symmetric run-block differences,all server layout contrasts; exploratory,0.7421875
cpu,16,core,144,32,18432,1,1,1,warm,E minus D,-31.233999999999995,-33.964999999999996,-28.738,E,-32.45909090909091,0.0009765625,exact paired sign-flip of mean; assumes exchangeable symmetric run-block differences,all server layout contrasts; exploratory,0.7421875
cpu,17,core,144,32,18432,1,2,1,warm,E minus C,-19.010999999999996,-22.70899999999999,-17.57499999999999,E,-20.89745454545454,0.0009765625,exact paired sign-flip of mean; assumes exchangeable symmetric run-block differences,all server layout contrasts; exploratory,0.7421875
cpu,17,core,144,32,18432,1,2,1,warm,D minus C,39.949,37.92500000000001,41.80799999999999,C,36.70490909090909,0.0009765625,exact paired sign-flip of mean; assumes exchangeable symmetric run-block differences,all server layout contrasts; exploratory,0.7421875
cpu,17,core,144,32,18432,1,2,1,warm,G minus F,5.225999999999999,4.275000000000006,5.956000000000003,F,6.35718181818182,0.0009765625,exact paired sign-flip of mean; assumes exchangeable symmetric run-block differences,all server layout contrasts; exploratory,0.7421875
cpu,17,core,144,32,18432,1,2,1,warm,F minus D,-58.199,-60.086,-56.06800000000001,F,-58.84863636363636,0.0009765625,exact paired sign-flip of mean; assumes exchangeable symmetric run-block differences,all server layout contrasts; exploratory,0.7421875
cpu,17,core,144,32,18432,1,2,1,warm,E minus D,-58.073999999999984,-61.251999999999995,-55.5,E,-57.602363636363634,0.0009765625,exact paired sign-flip of mean; assumes exchangeable symmetric run-block differences,all server layout contrasts; exploratory,0.7421875
cpu,18,core,144,32,18432,1,4,1,warm,E minus C,-41.843,-44.203,-36.33000000000001,E,-41.756,0.0009765625,exact paired sign-flip of mean; assumes exchangeable symmetric run-block differences,all server layout contrasts; exploratory,0.7421875
cpu,18,core,144,32,18432,1,4,1,warm,D minus C,70.85,69.18700000000001,72.422,C,71.72818181818181,0.0009765625,exact paired sign-flip of mean; assumes exchangeable symmetric run-block differences,all server layout contrasts; exploratory,0.7421875
cpu,18,core,144,32,18432,1,4,1,warm,G minus F,7.1000000000000085,6.506999999999991,8.583999999999989,F,7.03018181818182,0.0068359375,exact paired sign-flip of mean; assumes exchangeable symmetric run-block differences,all server layout contrasts; exploratory,1.0
cpu,18,core,144,32,18432,1,4,1,warm,F minus D,-112.98900000000002,-119.32199999999999,-112.325,F,-114.88818181818182,0.0009765625,exact paired sign-flip of mean; assumes exchangeable symmetric run-block differences,all server layout contrasts; exploratory,0.7421875
cpu,18,core,144,32,18432,1,4,1,warm,E minus D,-111.40200000000002,-119.959,-108.22299999999998,E,-113.48418181818182,0.0009765625,exact paired sign-flip of mean; assumes exchangeable symmetric run-block differences,all server layout contrasts; exploratory,0.7421875
cpu,19,core,144,32,18432,1,8,1,warm,E minus C,-91.27100000000002,-96.60100000000006,-89.215,E,-91.35772727272729,0.0009765625,exact paired sign-flip of mean; assumes exchangeable symmetric run-block differences,all server layout contrasts; exploratory,0.7421875
cpu,19,core,144,32,18432,1,8,1,warm,D minus C,128.70500000000004,121.78099999999995,138.449,C,131.51654545454542,0.0009765625,exact paired sign-flip of mean; assumes exchangeable symmetric run-block differences,all server layout contrasts; exploratory,0.7421875
cpu,19,core,144,32,18432,1,8,1,warm,G minus F,6.930000000000007,6.47799999999998,8.164000000000016,F,7.1944545454545485,0.0107421875,exact paired sign-flip of mean; assumes exchangeable symmetric run-block differences,all server layout contrasts; exploratory,1.0
cpu,19,core,144,32,18432,1,8,1,warm,F minus D,-219.44199999999998,-231.58,-217.35700000000003,F,-223.03409090909088,0.0009765625,exact paired sign-flip of mean; assumes exchangeable symmetric run-block differences,all server layout contrasts; exploratory,0.7421875
cpu,19,core,144,32,18432,1,8,1,warm,E minus D,-218.382,-229.01699999999994,-217.40299999999996,E,-222.8742727272727,0.0009765625,exact paired sign-flip of mean; assumes exchangeable symmetric run-block differences,all server layout contrasts; exploratory,0.7421875
cpu,20,core,144,32,18432,1,16,1,warm,E minus C,-177.8850000000001,-191.84200000000004,-174.2720000000001,E,-182.93300000000002,0.0009765625,exact paired sign-flip of mean; assumes exchangeable symmetric run-block differences,all server layout contrasts; exploratory,0.7421875
cpu,20,core,144,32,18432,1,16,1,warm,D minus C,247.94999999999993,239.15399999999983,263.91099999999983,C,248.91781818181815,0.0009765625,exact paired sign-flip of mean; assumes exchangeable symmetric run-block differences,all server layout contrasts; exploratory,0.7421875
cpu,20,core,144,32,18432,1,16,1,warm,G minus F,2.4429999999999836,-0.43600000000003547,6.893000000000029,unresolved,3.5671818181818264,0.1845703125,exact paired sign-flip of mean; assumes exchangeable symmetric run-block differences,all server layout contrasts; exploratory,1.0
cpu,20,core,144,32,18432,1,16,1,warm,F minus D,-429.9650000000002,-438.02899999999994,-424.05499999999995,F,-431.1613636363636,0.0009765625,exact paired sign-flip of mean; assumes exchangeable symmetric run-block differences,all server layout contrasts; exploratory,0.7421875
cpu,20,core,144,32,18432,1,16,1,warm,E minus D,-429.60999999999996,-437.17399999999986,-425.623,E,-431.8508181818181,0.0009765625,exact paired sign-flip of mean; assumes exchangeable symmetric run-block differences,all server layout contrasts; exploratory,0.7421875
cpu,21,core,144,32,18432,1,32,1,warm,E minus C,-360.65,-367.277,-356.1790000000001,E,-357.4330000000001,0.0009765625,exact paired sign-flip of mean; assumes exchangeable symmetric run-block differences,all server layout contrasts; exploratory,0.7421875
cpu,21,core,144,32,18432,1,32,1,warm,D minus C,488.01599999999974,481.2679999999996,495.26200000000006,C,489.6007272727272,0.0009765625,exact paired sign-flip of mean; assumes exchangeable symmetric run-block differences,all server layout contrasts; exploratory,0.7421875
cpu,21,core,144,32,18432,1,32,1,warm,G minus F,4.037999999999954,-1.2649999999999864,7.396000000000129,unresolved,6.521727272727276,0.1796875,exact paired sign-flip of mean; assumes exchangeable symmetric run-block differences,all server layout contrasts; exploratory,1.0
cpu,21,core,144,32,18432,1,32,1,warm,F minus D,-860.137,-862.027,-840.085,F,-853.776,0.0009765625,exact paired sign-flip of mean; assumes exchangeable symmetric run-block differences,all server layout contrasts; exploratory,0.7421875
cpu,21,core,144,32,18432,1,32,1,warm,E minus D,-850.637,-857.9830000000002,-845.6020000000001,E,-847.0337272727273,0.0009765625,exact paired sign-flip of mean; assumes exchangeable symmetric run-block differences,all server layout contrasts; exploratory,0.7421875
cpu,22,core,144,32,18432,1,64,1,warm,E minus C,-728.7370000000001,-731.2330000000005,-716.9130000000005,E,-727.2754545454546,0.0009765625,exact paired sign-flip of mean; assumes exchangeable symmetric run-block differences,all server layout contrasts; exploratory,0.7421875
cpu,22,core,144,32,18432,1,64,1,warm,D minus C,957.6880000000003,940.863000000001,961.1509999999992,C,951.9596363636364,0.0009765625,exact paired sign-flip of mean; assumes exchangeable symmetric run-block differences,all server layout contrasts; exploratory,0.7421875
cpu,22,core,144,32,18432,1,64,1,warm,G minus F,9.280000000000314,4.181999999999903,14.985000000000014,F,7.829818181818155,0.1162109375,exact paired sign-flip of mean; assumes exchangeable symmetric run-block differences,all server layout contrasts; exploratory,1.0
cpu,22,core,144,32,18432,1,64,1,warm,F minus D,-1678.9430000000002,-1688.8410000000001,-1673.7610000000004,F,-1681.4517272727278,0.0009765625,exact paired sign-flip of mean; assumes exchangeable symmetric run-block differences,all server layout contrasts; exploratory,0.7421875
cpu,22,core,144,32,18432,1,64,1,warm,E minus D,-1678.9709999999998,-1690.5950000000007,-1669.0820000000003,E,-1679.2350909090912,0.0009765625,exact paired sign-flip of mean; assumes exchangeable symmetric run-block differences,all server layout contrasts; exploratory,0.7421875
cpu,23,core,144,32,18432,1,128,1,warm,E minus C,-1439.631000000001,-1463.3010000000013,-1407.3099999999984,E,-1431.1706363636367,0.0009765625,exact paired sign-flip of mean; assumes exchangeable symmetric run-block differences,all server layout contrasts; exploratory,0.7421875
cpu,23,core,144,32,18432,1,128,1,warm,D minus C,1909.0639999999962,1876.9089999999983,1932.6209999999983,C,1904.5143636363637,0.0009765625,exact paired sign-flip of mean; assumes exchangeable symmetric run-block differences,all server layout contrasts; exploratory,0.7421875
cpu,23,core,144,32,18432,1,128,1,warm,G minus F,-15.196999999998297,-18.11099999999942,12.161999999997988,unresolved,3.5606363636366867,0.8896484375,exact paired sign-flip of mean; assumes exchangeable symmetric run-block differences,all server layout contrasts; exploratory,1.0
cpu,23,core,144,32,18432,1,128,1,warm,F minus D,-3337.384,-3358.189000000004,-3316.9630000000016,F,-3340.4711818181827,0.0009765625,exact paired sign-flip of mean; assumes exchangeable symmetric run-block differences,all server layout contrasts; exploratory,0.7421875
cpu,23,core,144,32,18432,1,128,1,warm,E minus D,-3323.1809999999978,-3357.5210000000025,-3311.485,E,-3335.6850000000004,0.0009765625,exact paired sign-flip of mean; assumes exchangeable symmetric run-block differences,all server layout contrasts; exploratory,0.7421875
cpu,24,core,144,32,18432,3,1,1,warm,E minus C,-18.008000000000024,-26.5,-14.830000000000013,E,-18.44781818181818,0.0009765625,exact paired sign-flip of mean; assumes exchangeable symmetric run-block differences,all server layout contrasts; exploratory,0.7421875
cpu,24,core,144,32,18432,3,1,1,warm,D minus C,50.482,45.59000000000003,54.81300000000002,C,52.283272727272724,0.0009765625,exact paired sign-flip of mean; assumes exchangeable symmetric run-block differences,all server layout contrasts; exploratory,0.7421875
cpu,24,core,144,32,18432,3,1,1,warm,G minus F,19.179000000000002,14.560999999999993,23.14,F,20.41636363636363,0.0009765625,exact paired sign-flip of mean; assumes exchangeable symmetric run-block differences,all server layout contrasts; exploratory,0.7421875
cpu,24,core,144,32,18432,3,1,1,warm,F minus D,-69.584,-71.68100000000001,-63.00599999999997,F,-69.03790909090908,0.0009765625,exact paired sign-flip of mean; assumes exchangeable symmetric run-block differences,all server layout contrasts; exploratory,0.7421875
cpu,24,core,144,32,18432,3,1,1,warm,E minus D,-69.202,-73.733,-67.99100000000003,E,-70.73109090909092,0.0009765625,exact paired sign-flip of mean; assumes exchangeable symmetric run-block differences,all server layout contrasts; exploratory,0.7421875
cpu,25,core,144,32,18432,3,2,1,warm,E minus C,-26.619000000000028,-28.771000000000015,-16.400000000000006,E,-25.54718181818182,0.0009765625,exact paired sign-flip of mean; assumes exchangeable symmetric run-block differences,all server layout contrasts; exploratory,0.7421875
cpu,25,core,144,32,18432,3,2,1,warm,D minus C,99.40499999999994,94.072,103.12499999999994,C,100.27972727272727,0.0009765625,exact paired sign-flip of mean; assumes exchangeable symmetric run-block differences,all server layout contrasts; exploratory,0.7421875
cpu,25,core,144,32,18432,3,2,1,warm,G minus F,-2.820999999999998,-5.8700000000000045,-1.8809999999999718,G,-4.33554545454546,0.0068359375,exact paired sign-flip of mean; assumes exchangeable symmetric run-block differences,all server layout contrasts; exploratory,1.0
cpu,25,core,144,32,18432,3,2,1,warm,F minus D,-126.267,-136.415,-124.63999999999996,F,-128.65981818181817,0.0009765625,exact paired sign-flip of mean; assumes exchangeable symmetric run-block differences,all server layout contrasts; exploratory,0.7421875
cpu,25,core,144,32,18432,3,2,1,warm,E minus D,-127.44599999999997,-129.341,-119.52499999999995,E,-125.82690909090907,0.0009765625,exact paired sign-flip of mean; assumes exchangeable symmetric run-block differences,all server layout contrasts; exploratory,0.7421875
cpu,26,core,144,32,18432,3,4,1,warm,E minus C,-54.327999999999975,-59.990999999999985,-48.91800000000006,E,-55.26854545454547,0.0009765625,exact paired sign-flip of mean; assumes exchangeable symmetric run-block differences,all server layout contrasts; exploratory,0.7421875
cpu,26,core,144,32,18432,3,4,1,warm,D minus C,196.08499999999992,185.32900000000012,200.9419999999999,C,192.58454545454543,0.0009765625,exact paired sign-flip of mean; assumes exchangeable symmetric run-block differences,all server layout contrasts; exploratory,0.7421875
cpu,26,core,144,32,18432,3,4,1,warm,G minus F,-50.96199999999999,-52.46999999999997,-42.19400000000002,G,-46.80454545454547,0.0009765625,exact paired sign-flip of mean; assumes exchangeable symmetric run-block differences,all server layout contrasts; exploratory,0.7421875
cpu,26,core,144,32,18432,3,4,1,warm,F minus D,-248.28000000000003,-254.05099999999987,-237.543,F,-246.2710909090909,0.0009765625,exact paired sign-flip of mean; assumes exchangeable symmetric run-block differences,all server layout contrasts; exploratory,0.7421875
cpu,26,core,144,32,18432,3,4,1,warm,E minus D,-246.34700000000015,-252.13799999999998,-242.67399999999992,E,-247.85309090909087,0.0009765625,exact paired sign-flip of mean; assumes exchangeable symmetric run-block differences,all server layout contrasts; exploratory,0.7421875
cpu,27,core,144,32,18432,3,8,1,warm,E minus C,-99.1400000000001,-104.82600000000002,-95.64000000000021,E,-100.63081818181821,0.0009765625,exact paired sign-flip of mean; assumes exchangeable symmetric run-block differences,all server layout contrasts; exploratory,0.7421875
cpu,27,core,144,32,18432,3,8,1,warm,D minus C,366.02900000000034,361.4509999999999,370.29400000000044,C,365.17354545454543,0.0009765625,exact paired sign-flip of mean; assumes exchangeable symmetric run-block differences,all server layout contrasts; exploratory,0.7421875
cpu,27,core,144,32,18432,3,8,1,warm,G minus F,-138.13399999999996,-150.77300000000002,-134.29899999999998,G,-141.54909090909086,0.0009765625,exact paired sign-flip of mean; assumes exchangeable symmetric run-block differences,all server layout contrasts; exploratory,0.7421875
cpu,27,core,144,32,18432,3,8,1,warm,F minus D,-467.15499999999986,-474.17999999999995,-461.0010000000001,F,-466.8707272727273,0.0009765625,exact paired sign-flip of mean; assumes exchangeable symmetric run-block differences,all server layout contrasts; exploratory,0.7421875
cpu,27,core,144,32,18432,3,8,1,warm,E minus D,-467.02999999999986,-468.45399999999984,-459.61900000000037,E,-465.80436363636363,0.0009765625,exact paired sign-flip of mean; assumes exchangeable symmetric run-block differences,all server layout contrasts; exploratory,0.7421875
cpu,28,core,144,32,18432,3,16,1,warm,E minus C,-190.23100000000068,-200.59100000000012,-175.63399999999956,E,-188.9830909090909,0.0009765625,exact paired sign-flip of mean; assumes exchangeable symmetric run-block differences,all server layout contrasts; exploratory,0.7421875
cpu,28,core,144,32,18432,3,16,1,warm,D minus C,718.8749999999995,715.1680000000006,738.8119999999997,C,724.8183636363636,0.0009765625,exact paired sign-flip of mean; assumes exchangeable symmetric run-block differences,all server layout contrasts; exploratory,0.7421875
cpu,28,core,144,32,18432,3,16,1,warm,G minus F,-327.34800000000007,-334.0979999999995,-319.9580000000001,G,-326.93918181818174,0.0009765625,exact paired sign-flip of mean; assumes exchangeable symmetric run-block differences,all server layout contrasts; exploratory,0.7421875
cpu,28,core,144,32,18432,3,16,1,warm,F minus D,-920.1029999999998,-925.3420000000008,-906.2269999999996,F,-916.5547272727272,0.0009765625,exact paired sign-flip of mean; assumes exchangeable symmetric run-block differences,all server layout contrasts; exploratory,0.7421875
cpu,28,core,144,32,18432,3,16,1,warm,E minus D,-911.392,-922.8390000000002,-903.3949999999998,E,-913.8014545454548,0.0009765625,exact paired sign-flip of mean; assumes exchangeable symmetric run-block differences,all server layout contrasts; exploratory,0.7421875
cpu,29,core,144,32,18432,3,32,1,warm,E minus C,-357.0260000000003,-380.1390000000001,-347.41600000000153,E,-363.5773636363634,0.0009765625,exact paired sign-flip of mean; assumes exchangeable symmetric run-block differences,all server layout contrasts; exploratory,0.7421875
cpu,29,core,144,32,18432,3,32,1,warm,D minus C,1415.7110000000007,1405.7050000000036,1441.5359999999996,C,1418.700363636364,0.0009765625,exact paired sign-flip of mean; assumes exchangeable symmetric run-block differences,all server layout contrasts; exploratory,0.7421875
cpu,29,core,144,32,18432,3,32,1,warm,G minus F,-671.7039999999997,-691.6780000000003,-661.259,G,-675.9036363636362,0.0009765625,exact paired sign-flip of mean; assumes exchangeable symmetric run-block differences,all server layout contrasts; exploratory,0.7421875
cpu,29,core,144,32,18432,3,32,1,warm,F minus D,-1791.3100000000004,-1798.1380000000017,-1779.0830000000005,F,-1795.4411818181818,0.0009765625,exact paired sign-flip of mean; assumes exchangeable symmetric run-block differences,all server layout contrasts; exploratory,0.7421875
cpu,29,core,144,32,18432,3,32,1,warm,E minus D,-1777.8609999999971,-1793.062,-1771.4989999999998,E,-1782.2777272727274,0.0009765625,exact paired sign-flip of mean; assumes exchangeable symmetric run-block differences,all server layout contrasts; exploratory,0.7421875
cpu,30,core,144,32,18432,3,64,1,warm,E minus C,-710.1649999999963,-738.7689999999957,-689.1980000000021,E,-712.5209999999996,0.0009765625,exact paired sign-flip of mean; assumes exchangeable symmetric run-block differences,all server layout contrasts; exploratory,0.7421875
cpu,30,core,144,32,18432,3,64,1,warm,D minus C,2852.776,2832.419,2882.2060000000056,C,2856.7599090909093,0.0009765625,exact paired sign-flip of mean; assumes exchangeable symmetric run-block differences,all server layout contrasts; exploratory,0.7421875
cpu,30,core,144,32,18432,3,64,1,warm,G minus F,-1429.2399999999998,-1442.4959999999992,-1418.5860000000002,G,-1426.331545454545,0.0009765625,exact paired sign-flip of mean; assumes exchangeable symmetric run-block differences,all server layout contrasts; exploratory,0.7421875
cpu,30,core,144,32,18432,3,64,1,warm,F minus D,-3578.266999999997,-3581.251,-3555.909999999997,F,-3575.2888181818194,0.0009765625,exact paired sign-flip of mean; assumes exchangeable symmetric run-block differences,all server layout contrasts; exploratory,0.7421875
cpu,30,core,144,32,18432,3,64,1,warm,E minus D,-3583.1700000000046,-3590.4130000000014,-3543.9710000000014,E,-3569.2809090909095,0.0009765625,exact paired sign-flip of mean; assumes exchangeable symmetric run-block differences,all server layout contrasts; exploratory,0.7421875
cpu,31,core,144,32,18432,3,128,1,warm,E minus C,-1461.5209999999952,-1511.3570000000127,-1381.6170000000056,E,-1456.6709090909096,0.0009765625,exact paired sign-flip of mean; assumes exchangeable symmetric run-block differences,all server layout contrasts; exploratory,0.7421875
cpu,31,core,144,32,18432,3,128,1,warm,D minus C,5627.824999999992,5554.1389999999865,5719.147999999999,C,5642.904363636361,0.0009765625,exact paired sign-flip of mean; assumes exchangeable symmetric run-block differences,all server layout contrasts; exploratory,0.7421875
cpu,31,core,144,32,18432,3,128,1,warm,G minus F,-2880.865,-2927.599999999996,-2842.455999999999,G,-2888.328363636363,0.0009765625,exact paired sign-flip of mean; assumes exchangeable symmetric run-block differences,all server layout contrasts; exploratory,0.7421875
cpu,31,core,144,32,18432,3,128,1,warm,F minus D,-7112.895000000006,-7160.224000000004,-7030.15699999999,F,-7095.65418181818,0.0009765625,exact paired sign-flip of mean; assumes exchangeable symmetric run-block differences,all server layout contrasts; exploratory,0.7421875
cpu,31,core,144,32,18432,3,128,1,warm,E minus D,-7094.722999999996,-7152.887999999999,-7052.8809999999885,E,-7099.575272727271,0.0009765625,exact paired sign-flip of mean; assumes exchangeable symmetric run-block differences,all server layout contrasts; exploratory,0.7421875
cpu,32,core,576,32,73728,1,1,1,warm,E minus C,-13.584000000000003,-21.138000000000005,-9.156000000000006,E,-17.150090909090917,0.0009765625,exact paired sign-flip of mean; assumes exchangeable symmetric run-block differences,all server layout contrasts; exploratory,0.7421875
cpu,32,core,576,32,73728,1,1,1,warm,D minus C,68.564,61.73299999999999,76.47899999999998,C,66.1710909090909,0.0009765625,exact paired sign-flip of mean; assumes exchangeable symmetric run-block differences,all server layout contrasts; exploratory,0.7421875
cpu,32,core,576,32,73728,1,1,1,warm,G minus F,6.087000000000003,3.2330000000000183,16.340000000000003,F,11.472000000000005,0.0087890625,exact paired sign-flip of mean; assumes exchangeable symmetric run-block differences,all server layout contrasts; exploratory,1.0
cpu,32,core,576,32,73728,1,1,1,warm,F minus D,-83.755,-86.04599999999999,-77.347,F,-82.0510909090909,0.0009765625,exact paired sign-flip of mean; assumes exchangeable symmetric run-block differences,all server layout contrasts; exploratory,0.7421875
cpu,32,core,576,32,73728,1,1,1,warm,E minus D,-85.60500000000002,-87.558,-80.06700000000001,E,-83.32118181818181,0.0009765625,exact paired sign-flip of mean; assumes exchangeable symmetric run-block differences,all server layout contrasts; exploratory,0.7421875
cpu,33,core,576,32,73728,1,2,1,warm,E minus C,-36.34299999999999,-44.62899999999999,-28.09400000000001,E,-37.47581818181818,0.0009765625,exact paired sign-flip of mean; assumes exchangeable symmetric run-block differences,all server layout contrasts; exploratory,0.7421875
cpu,33,core,576,32,73728,1,2,1,warm,D minus C,140.22699999999998,129.25800000000004,155.669,C,143.009,0.0009765625,exact paired sign-flip of mean; assumes exchangeable symmetric run-block differences,all server layout contrasts; exploratory,0.7421875
cpu,33,core,576,32,73728,1,2,1,warm,G minus F,8.504999999999995,4.8359999999999985,10.543999999999983,F,7.482909090909087,0.0009765625,exact paired sign-flip of mean; assumes exchangeable symmetric run-block differences,all server layout contrasts; exploratory,0.7421875
cpu,33,core,576,32,73728,1,2,1,warm,F minus D,-179.89200000000002,-189.23099999999997,-176.22800000000004,F,-185.2152727272727,0.0009765625,exact paired sign-flip of mean; assumes exchangeable symmetric run-block differences,all server layout contrasts; exploratory,0.7421875
cpu,33,core,576,32,73728,1,2,1,warm,E minus D,-179.829,-194.27100000000002,-170.973,E,-180.48481818181816,0.0009765625,exact paired sign-flip of mean; assumes exchangeable symmetric run-block differences,all server layout contrasts; exploratory,0.7421875
cpu,34,core,576,32,73728,1,4,1,warm,E minus C,-92.64299999999997,-96.53199999999998,-78.74100000000001,E,-90.7380909090909,0.0009765625,exact paired sign-flip of mean; assumes exchangeable symmetric run-block differences,all server layout contrasts; exploratory,0.7421875
cpu,34,core,576,32,73728,1,4,1,warm,D minus C,275.43299999999994,264.35600000000005,288.1689999999999,C,276.0722727272728,0.0009765625,exact paired sign-flip of mean; assumes exchangeable symmetric run-block differences,all server layout contrasts; exploratory,0.7421875
cpu,34,core,576,32,73728,1,4,1,warm,G minus F,8.329000000000008,6.63900000000001,13.129999999999995,F,9.50418181818182,0.0029296875,exact paired sign-flip of mean; assumes exchangeable symmetric run-block differences,all server layout contrasts; exploratory,0.7421875
cpu,34,core,576,32,73728,1,4,1,warm,F minus D,-373.474,-377.40700000000004,-355.0530000000001,F,-370.2540909090909,0.0009765625,exact paired sign-flip of mean; assumes exchangeable symmetric run-block differences,all server layout contrasts; exploratory,0.7421875
cpu,34,core,576,32,73728,1,4,1,warm,E minus D,-361.967,-376.38499999999993,-356.262,E,-366.8103636363636,0.0009765625,exact paired sign-flip of mean; assumes exchangeable symmetric run-block differences,all server layout contrasts; exploratory,0.7421875
cpu,35,core,576,32,73728,1,8,1,warm,E minus C,-192.493,-200.36199999999997,-123.73000000000008,E,-177.896,0.0009765625,exact paired sign-flip of mean; assumes exchangeable symmetric run-block differences,all server layout contrasts; exploratory,0.7421875
cpu,35,core,576,32,73728,1,8,1,warm,D minus C,536.31,528.077,546.2940000000001,C,534.5602727272727,0.0009765625,exact paired sign-flip of mean; assumes exchangeable symmetric run-block differences,all server layout contrasts; exploratory,0.7421875
cpu,35,core,576,32,73728,1,8,1,warm,G minus F,5.368000000000023,-33.29200000000003,17.400000000000063,unresolved,-9.005909090909075,0.3935546875,exact paired sign-flip of mean; assumes exchangeable symmetric run-block differences,all server layout contrasts; exploratory,1.0
cpu,35,core,576,32,73728,1,8,1,warm,F minus D,-727.1389999999999,-732.183,-664.406,F,-707.6887272727272,0.0009765625,exact paired sign-flip of mean; assumes exchangeable symmetric run-block differences,all server layout contrasts; exploratory,0.7421875
cpu,35,core,576,32,73728,1,8,1,warm,E minus D,-728.439,-736.375,-664.5830000000001,E,-712.4562727272726,0.0009765625,exact paired sign-flip of mean; assumes exchangeable symmetric run-block differences,all server layout contrasts; exploratory,0.7421875
cpu,36,core,576,32,73728,1,16,1,warm,E minus C,-399.52800000000013,-414.98400000000004,-383.65600000000006,E,-399.30909090909086,0.0009765625,exact paired sign-flip of mean; assumes exchangeable symmetric run-block differences,all server layout contrasts; exploratory,0.7421875
cpu,36,core,576,32,73728,1,16,1,warm,D minus C,1044.0880000000002,1041.7820000000002,1054.2440000000001,C,1041.7565454545454,0.0009765625,exact paired sign-flip of mean; assumes exchangeable symmetric run-block differences,all server layout contrasts; exploratory,0.7421875
cpu,36,core,576,32,73728,1,16,1,warm,G minus F,5.712999999999909,-7.271999999999991,13.197000000000003,unresolved,0.2805454545454712,0.986328125,exact paired sign-flip of mean; assumes exchangeable symmetric run-block differences,all server layout contrasts; exploratory,1.0
cpu,36,core,576,32,73728,1,16,1,warm,F minus D,-1443.8459999999998,-1457.4290000000003,-1438.429,F,-1438.2296363636362,0.0009765625,exact paired sign-flip of mean; assumes exchangeable symmetric run-block differences,all server layout contrasts; exploratory,0.7421875
cpu,36,core,576,32,73728,1,16,1,warm,E minus D,-1446.1970000000003,-1456.7660000000003,-1420.315,E,-1441.0656363636363,0.0009765625,exact paired sign-flip of mean; assumes exchangeable symmetric run-block differences,all server layout contrasts; exploratory,0.7421875
cpu,37,core,576,32,73728,1,32,1,warm,E minus C,-773.5750000000005,-848.145,-761.8670000000002,E,-777.9856363636362,0.0009765625,exact paired sign-flip of mean; assumes exchangeable symmetric run-block differences,all server layout contrasts; exploratory,0.7421875
cpu,37,core,576,32,73728,1,32,1,warm,D minus C,2106.473,2068.5000000000014,2122.0560000000005,C,2093.9763636363637,0.0009765625,exact paired sign-flip of mean; assumes exchangeable symmetric run-block differences,all server layout contrasts; exploratory,0.7421875
cpu,37,core,576,32,73728,1,32,1,warm,G minus F,3.7500000000001137,-3.32000000000005,15.861999999999853,unresolved,27.527545454545475,0.0576171875,exact paired sign-flip of mean; assumes exchangeable symmetric run-block differences,all server layout contrasts; exploratory,1.0
cpu,37,core,576,32,73728,1,32,1,warm,F minus D,-2882.0739999999996,-2904.7,-2874.074,F,-2886.5476363636367,0.0009765625,exact paired sign-flip of mean; assumes exchangeable symmetric run-block differences,all server layout contrasts; exploratory,0.7421875
cpu,37,core,576,32,73728,1,32,1,warm,E minus D,-2879.2380000000003,-2914.0089999999996,-2848.540000000001,E,-2871.962,0.0009765625,exact paired sign-flip of mean; assumes exchangeable symmetric run-block differences,all server layout contrasts; exploratory,0.7421875
cpu,38,core,576,32,73728,1,64,1,warm,E minus C,-1442.5990000000004,-1570.5109999999995,-1300.1120000000003,E,-1426.8857272727275,0.0009765625,exact paired sign-flip of mean; assumes exchangeable symmetric run-block differences,all server layout contrasts; exploratory,0.7421875
cpu,38,core,576,32,73728,1,64,1,warm,D minus C,4077.002,3566.0460000000007,4134.535,C,3872.090363636364,0.0009765625,exact paired sign-flip of mean; assumes exchangeable symmetric run-block differences,all server layout contrasts; exploratory,0.7421875
cpu,38,core,576,32,73728,1,64,1,warm,G minus F,14.306999999999789,0.844000000000733,133.22399999999902,F,35.52627272727281,0.1435546875,exact paired sign-flip of mean; assumes exchangeable symmetric run-block differences,all server layout contrasts; exploratory,1.0
cpu,38,core,576,32,73728,1,64,1,warm,F minus D,-5552.866,-5681.574999999997,-4871.977000000001,F,-5314.532818181819,0.0009765625,exact paired sign-flip of mean; assumes exchangeable symmetric run-block differences,all server layout contrasts; exploratory,0.7421875
cpu,38,core,576,32,73728,1,64,1,warm,E minus D,-5519.601000000001,-5707.224999999999,-4866.158000000001,E,-5298.976090909092,0.0009765625,exact paired sign-flip of mean; assumes exchangeable symmetric run-block differences,all server layout contrasts; exploratory,0.7421875
cpu,39,core,576,32,73728,1,128,1,warm,E minus C,-2589.283000000001,-2617.085999999999,-2509.583,E,-2462.122272727272,0.0009765625,exact paired sign-flip of mean; assumes exchangeable symmetric run-block differences,all server layout contrasts; exploratory,0.7421875
cpu,39,core,576,32,73728,1,128,1,warm,D minus C,7086.615000000003,7055.294999999996,7103.391000000001,C,7082.295999999999,0.0009765625,exact paired sign-flip of mean; assumes exchangeable symmetric run-block differences,all server layout contrasts; exploratory,0.7421875
cpu,39,core,576,32,73728,1,128,1,warm,G minus F,19.29899999999907,-74.0019999999995,149.63500000000022,unresolved,11.316363636363679,0.7626953125,exact paired sign-flip of mean; assumes exchangeable symmetric run-block differences,all server layout contrasts; exploratory,1.0
cpu,39,core,576,32,73728,1,128,1,warm,F minus D,-9666.981000000003,-9722.158,-9613.327999999994,F,-9658.738181818182,0.0009765625,exact paired sign-flip of mean; assumes exchangeable symmetric run-block differences,all server layout contrasts; exploratory,0.7421875
cpu,39,core,576,32,73728,1,128,1,warm,E minus D,-9659.142,-9696.109000000004,-9610.429999999997,E,-9544.418272727273,0.0009765625,exact paired sign-flip of mean; assumes exchangeable symmetric run-block differences,all server layout contrasts; exploratory,0.7421875
cpu,40,core,576,32,73728,3,1,1,warm,E minus C,-18.060000000000002,-19.53800000000001,-11.15100000000001,E,-14.387636363636362,0.01171875,exact paired sign-flip of mean; assumes exchangeable symmetric run-block differences,all server layout contrasts; exploratory,1.0
cpu,40,core,576,32,73728,3,1,1,warm,D minus C,182.06799999999998,175.706,184.01100000000002,C,180.79954545454547,0.0009765625,exact paired sign-flip of mean; assumes exchangeable symmetric run-block differences,all server layout contrasts; exploratory,0.7421875
cpu,40,core,576,32,73728,3,1,1,warm,G minus F,22.049000000000007,19.143,30.554000000000002,F,26.23172727272727,0.0009765625,exact paired sign-flip of mean; assumes exchangeable symmetric run-block differences,all server layout contrasts; exploratory,0.7421875
cpu,40,core,576,32,73728,3,1,1,warm,F minus D,-197.43500000000006,-203.75199999999998,-194.40900000000002,F,-197.50618181818183,0.0009765625,exact paired sign-flip of mean; assumes exchangeable symmetric run-block differences,all server layout contrasts; exploratory,0.7421875
cpu,40,core,576,32,73728,3,1,1,warm,E minus D,-199.86899999999997,-205.896,-191.51100000000002,E,-195.18718181818184,0.0009765625,exact paired sign-flip of mean; assumes exchangeable symmetric run-block differences,all server layout contrasts; exploratory,0.7421875
cpu,41,core,576,32,73728,3,2,1,warm,E minus C,-44.15299999999996,-50.88500000000002,-32.18099999999998,E,-46.98909090909092,0.0009765625,exact paired sign-flip of mean; assumes exchangeable symmetric run-block differences,all server layout contrasts; exploratory,0.7421875
cpu,41,core,576,32,73728,3,2,1,warm,D minus C,345.0760000000001,327.75700000000006,355.13,C,342.3274545454546,0.0009765625,exact paired sign-flip of mean; assumes exchangeable symmetric run-block differences,all server layout contrasts; exploratory,0.7421875
cpu,41,core,576,32,73728,3,2,1,warm,G minus F,-17.581000000000017,-28.664000000000016,7.6980000000000075,unresolved,-12.887000000000002,0.130859375,exact paired sign-flip of mean; assumes exchangeable symmetric run-block differences,all server layout contrasts; exploratory,1.0
cpu,41,core,576,32,73728,3,2,1,warm,F minus D,-392.448,-399.4180000000001,-384.75200000000007,F,-390.1869090909091,0.0009765625,exact paired sign-flip of mean; assumes exchangeable symmetric run-block differences,all server layout contrasts; exploratory,0.7421875
cpu,41,core,576,32,73728,3,2,1,warm,E minus D,-395.9610000000001,-401.73799999999994,-387.4710000000001,E,-389.3165454545455,0.0009765625,exact paired sign-flip of mean; assumes exchangeable symmetric run-block differences,all server layout contrasts; exploratory,0.7421875
cpu,42,core,576,32,73728,3,4,1,warm,E minus C,-79.82300000000009,-98.24299999999994,-75.32,E,-87.98545454545456,0.0009765625,exact paired sign-flip of mean; assumes exchangeable symmetric run-block differences,all server layout contrasts; exploratory,0.7421875
cpu,42,core,576,32,73728,3,4,1,warm,D minus C,691.6469999999999,661.2640000000001,699.2500000000001,C,680.3357272727272,0.0009765625,exact paired sign-flip of mean; assumes exchangeable symmetric run-block differences,all server layout contrasts; exploratory,0.7421875
cpu,42,core,576,32,73728,3,4,1,warm,G minus F,-102.43700000000001,-128.63800000000003,-90.168,G,-112.84236363636366,0.0009765625,exact paired sign-flip of mean; assumes exchangeable symmetric run-block differences,all server layout contrasts; exploratory,0.7421875
cpu,42,core,576,32,73728,3,4,1,warm,F minus D,-767.6739999999999,-773.375,-743.7539999999999,F,-756.9198181818182,0.0009765625,exact paired sign-flip of mean; assumes exchangeable symmetric run-block differences,all server layout contrasts; exploratory,0.7421875
cpu,42,core,576,32,73728,3,4,1,warm,E minus D,-771.47,-776.6210000000001,-766.7650000000001,E,-768.3211818181818,0.0009765625,exact paired sign-flip of mean; assumes exchangeable symmetric run-block differences,all server layout contrasts; exploratory,0.7421875
cpu,43,core,576,32,73728,3,8,1,warm,E minus C,-153.62799999999993,-162.6780000000001,-53.66299999999978,E,-125.89100000000002,0.0009765625,exact paired sign-flip of mean; assumes exchangeable symmetric run-block differences,all server layout contrasts; exploratory,0.7421875
cpu,43,core,576,32,73728,3,8,1,warm,D minus C,1357.4649999999995,1343.184,1370.4480000000003,C,1354.5560000000003,0.0009765625,exact paired sign-flip of mean; assumes exchangeable symmetric run-block differences,all server layout contrasts; exploratory,0.7421875
cpu,43,core,576,32,73728,3,8,1,warm,G minus F,-265.9970000000003,-286.2510000000001,-263.2800000000002,G,-277.72736363636363,0.0009765625,exact paired sign-flip of mean; assumes exchangeable symmetric run-block differences,all server layout contrasts; exploratory,0.7421875
cpu,43,core,576,32,73728,3,8,1,warm,F minus D,-1513.220999999999,-1520.1810000000007,-1501.7889999999995,F,-1508.4776363636367,0.0009765625,exact paired sign-flip of mean; assumes exchangeable symmetric run-block differences,all server layout contrasts; exploratory,0.7421875
cpu,43,core,576,32,73728,3,8,1,warm,E minus D,-1514.446,-1519.6960000000004,-1415.3390000000004,E,-1480.4470000000001,0.0009765625,exact paired sign-flip of mean; assumes exchangeable symmetric run-block differences,all server layout contrasts; exploratory,0.7421875
cpu,44,core,576,32,73728,3,16,1,warm,E minus C,-325.83799999999974,-408.9769999999994,-223.61999999999944,E,-316.7194545454544,0.0009765625,exact paired sign-flip of mean; assumes exchangeable symmetric run-block differences,all server layout contrasts; exploratory,0.7421875
cpu,44,core,576,32,73728,3,16,1,warm,D minus C,2729.200000000001,2628.9049999999997,2741.531,C,2696.9617272727273,0.0009765625,exact paired sign-flip of mean; assumes exchangeable symmetric run-block differences,all server layout contrasts; exploratory,0.7421875
cpu,44,core,576,32,73728,3,16,1,warm,G minus F,-573.1009999999998,-586.1760000000003,-567.5440000000001,G,-595.196181818182,0.0009765625,exact paired sign-flip of mean; assumes exchangeable symmetric run-block differences,all server layout contrasts; exploratory,0.7421875
cpu,44,core,576,32,73728,3,16,1,warm,F minus D,-3046.6630000000005,-3077.558000000002,-3036.8340000000017,F,-3039.172,0.0009765625,exact paired sign-flip of mean; assumes exchangeable symmetric run-block differences,all server layout contrasts; exploratory,0.7421875
cpu,44,core,576,32,73728,3,16,1,warm,E minus D,-3034.7180000000017,-3058.1710000000016,-2963.8039999999983,E,-3013.681181818182,0.0009765625,exact paired sign-flip of mean; assumes exchangeable symmetric run-block differences,all server layout contrasts; exploratory,0.7421875
cpu,45,core,576,32,73728,3,32,1,warm,E minus C,-635.4689999999996,-658.0310000000004,-622.1190000000001,E,-637.2627272727268,0.0009765625,exact paired sign-flip of mean; assumes exchangeable symmetric run-block differences,all server layout contrasts; exploratory,0.7421875
cpu,45,core,576,32,73728,3,32,1,warm,D minus C,5413.155999999996,5382.615,5447.721999999998,C,5407.672636363637,0.0009765625,exact paired sign-flip of mean; assumes exchangeable symmetric run-block differences,all server layout contrasts; exploratory,0.7421875
cpu,45,core,576,32,73728,3,32,1,warm,G minus F,-1209.9489999999998,-1244.6279999999995,-1085.6510000000012,G,-1170.1723636363638,0.0009765625,exact paired sign-flip of mean; assumes exchangeable symmetric run-block differences,all server layout contrasts; exploratory,0.7421875
cpu,45,core,576,32,73728,3,32,1,warm,F minus D,-6058.380999999996,-6090.008,-6023.978000000003,F,-6047.609090909091,0.0009765625,exact paired sign-flip of mean; assumes exchangeable symmetric run-block differences,all server layout contrasts; exploratory,0.7421875
cpu,45,core,576,32,73728,3,32,1,warm,E minus D,-6052.594999999999,-6075.950999999999,-6023.6759999999995,E,-6044.935363636363,0.0009765625,exact paired sign-flip of mean; assumes exchangeable symmetric run-block differences,all server layout contrasts; exploratory,0.7421875
cpu,46,core,576,32,73728,3,64,1,warm,E minus C,-1230.9430000000011,-1286.0120000000024,-1142.8700000000026,E,-1215.6944545454548,0.0009765625,exact paired sign-flip of mean; assumes exchangeable symmetric run-block differences,all server layout contrasts; exploratory,0.7421875
cpu,46,core,576,32,73728,3,64,1,warm,D minus C,10734.549999999997,10640.178999999993,10827.212,C,10734.161727272725,0.0009765625,exact paired sign-flip of mean; assumes exchangeable symmetric run-block differences,all server layout contrasts; exploratory,0.7421875
cpu,46,core,576,32,73728,3,64,1,warm,G minus F,-2526.128000000003,-2594.448000000002,-2466.479,G,-2523.4702727272725,0.0009765625,exact paired sign-flip of mean; assumes exchangeable symmetric run-block differences,all server layout contrasts; exploratory,0.7421875
cpu,46,core,576,32,73728,3,64,1,warm,F minus D,-12001.679,-12062.563000000013,-11914.721000000001,F,-11994.227818181818,0.0009765625,exact paired sign-flip of mean; assumes exchangeable symmetric run-block differences,all server layout contrasts; exploratory,0.7421875
cpu,46,core,576,32,73728,3,64,1,warm,E minus D,-11909.374999999993,-12063.545,-11893.561999999994,E,-11949.856181818179,0.0009765625,exact paired sign-flip of mean; assumes exchangeable symmetric run-block differences,all server layout contrasts; exploratory,0.7421875
cpu,47,core,576,32,73728,3,128,1,warm,E minus C,-2598.2389999999996,-2747.158999999994,-2511.991,E,-2642.4881818181825,0.0009765625,exact paired sign-flip of mean; assumes exchangeable symmetric run-block differences,all server layout contrasts; exploratory,0.7421875
cpu,47,core,576,32,73728,3,128,1,warm,D minus C,21429.941000000028,21354.67299999998,21583.133999999995,C,21475.972818181814,0.0009765625,exact paired sign-flip of mean; assumes exchangeable symmetric run-block differences,all server layout contrasts; exploratory,0.7421875
cpu,47,core,576,32,73728,3,128,1,warm,G minus F,-5177.630999999999,-5198.997999999995,-5154.494999999999,G,-5176.381545454539,0.0009765625,exact paired sign-flip of mean; assumes exchangeable symmetric run-block differences,all server layout contrasts; exploratory,0.7421875
cpu,47,core,576,32,73728,3,128,1,warm,F minus D,-24110.464,-24202.321000000004,-24007.84899999998,F,-24101.553272727273,0.0009765625,exact paired sign-flip of mean; assumes exchangeable symmetric run-block differences,all server layout contrasts; exploratory,0.7421875
cpu,47,core,576,32,73728,3,128,1,warm,E minus D,-24168.65899999997,-24210.991,-24009.74399999999,E,-24118.460999999996,0.0009765625,exact paired sign-flip of mean; assumes exchangeable symmetric run-block differences,all server layout contrasts; exploratory,0.7421875
cpu,48,core,2304,32,294912,1,1,1,warm,E minus C,-23.295000000000016,-25.591999999999985,-20.394000000000005,E,-29.917727272727266,0.0009765625,exact paired sign-flip of mean; assumes exchangeable symmetric run-block differences,all server layout contrasts; exploratory,0.7421875
cpu,48,core,2304,32,294912,1,1,1,warm,D minus C,161.30700000000002,151.13600000000002,174.25,C,158.10645454545454,0.0009765625,exact paired sign-flip of mean; assumes exchangeable symmetric run-block differences,all server layout contrasts; exploratory,0.7421875
cpu,48,core,2304,32,294912,1,1,1,warm,G minus F,13.225999999999999,4.775000000000034,27.499000000000024,F,21.63818181818182,0.0087890625,exact paired sign-flip of mean; assumes exchangeable symmetric run-block differences,all server layout contrasts; exploratory,1.0
cpu,48,core,2304,32,294912,1,1,1,warm,F minus D,-188.17600000000004,-190.56599999999997,-178.966,F,-185.86718181818185,0.0009765625,exact paired sign-flip of mean; assumes exchangeable symmetric run-block differences,all server layout contrasts; exploratory,0.7421875
cpu,48,core,2304,32,294912,1,1,1,warm,E minus D,-186.60999999999999,-196.882,-179.34799999999996,E,-188.02418181818177,0.0009765625,exact paired sign-flip of mean; assumes exchangeable symmetric run-block differences,all server layout contrasts; exploratory,0.7421875
cpu,49,core,2304,32,294912,1,2,1,warm,E minus C,-99.17899999999997,-114.01599999999996,-97.00999999999999,E,-107.72272727272728,0.0009765625,exact paired sign-flip of mean; assumes exchangeable symmetric run-block differences,all server layout contrasts; exploratory,0.7421875
cpu,49,core,2304,32,294912,1,2,1,warm,D minus C,314.568,298.212,322.222,C,307.73754545454545,0.0009765625,exact paired sign-flip of mean; assumes exchangeable symmetric run-block differences,all server layout contrasts; exploratory,0.7421875
cpu,49,core,2304,32,294912,1,2,1,warm,G minus F,8.79600000000005,-0.6179999999999382,17.006000000000085,unresolved,9.27309090909091,0.0234375,exact paired sign-flip of mean; assumes exchangeable symmetric run-block differences,all server layout contrasts; exploratory,1.0
cpu,49,core,2304,32,294912,1,2,1,warm,F minus D,-417.5299999999999,-421.27000000000004,-409.27799999999996,F,-414.88836363636364,0.0009765625,exact paired sign-flip of mean; assumes exchangeable symmetric run-block differences,all server layout contrasts; exploratory,0.7421875
cpu,49,core,2304,32,294912,1,2,1,warm,E minus D,-413.13000000000005,-422.64200000000005,-408.08799999999997,E,-415.46027272727275,0.0009765625,exact paired sign-flip of mean; assumes exchangeable symmetric run-block differences,all server layout contrasts; exploratory,0.7421875
cpu,50,core,2304,32,294912,1,4,1,warm,E minus C,-282.492,-288.41900000000004,-274.1499999999999,E,-275.2476363636364,0.0009765625,exact paired sign-flip of mean; assumes exchangeable symmetric run-block differences,all server layout contrasts; exploratory,0.7421875
cpu,50,core,2304,32,294912,1,4,1,warm,D minus C,590.183,583.72,594.5469999999999,C,588.882818181818,0.0009765625,exact paired sign-flip of mean; assumes exchangeable symmetric run-block differences,all server layout contrasts; exploratory,0.7421875
cpu,50,core,2304,32,294912,1,4,1,warm,G minus F,7.836000000000013,-1.4359999999999786,17.67799999999994,unresolved,5.081272727272744,0.5205078125,exact paired sign-flip of mean; assumes exchangeable symmetric run-block differences,all server layout contrasts; exploratory,1.0
cpu,50,core,2304,32,294912,1,4,1,warm,F minus D,-857.7660000000002,-874.4820000000002,-850.461,F,-859.5343636363637,0.0009765625,exact paired sign-flip of mean; assumes exchangeable symmetric run-block differences,all server layout contrasts; exploratory,0.7421875
cpu,50,core,2304,32,294912,1,4,1,warm,E minus D,-870.7080000000001,-875.8939999999998,-857.327,E,-864.1304545454545,0.0009765625,exact paired sign-flip of mean; assumes exchangeable symmetric run-block differences,all server layout contrasts; exploratory,0.7421875
cpu,51,core,2304,32,294912,1,8,1,warm,E minus C,-616.4129999999999,-620.1419999999999,-608.6490000000001,E,-617.6506363636363,0.0009765625,exact paired sign-flip of mean; assumes exchangeable symmetric run-block differences,all server layout contrasts; exploratory,0.7421875
cpu,51,core,2304,32,294912,1,8,1,warm,D minus C,1125.2349999999997,1121.6100000000001,1152.183,C,1132.6726363636362,0.0009765625,exact paired sign-flip of mean; assumes exchangeable symmetric run-block differences,all server layout contrasts; exploratory,0.7421875
cpu,51,core,2304,32,294912,1,8,1,warm,G minus F,19.707000000000107,7.729000000000042,22.061000000000035,F,15.957636363636363,0.0009765625,exact paired sign-flip of mean; assumes exchangeable symmetric run-block differences,all server layout contrasts; exploratory,0.7421875
cpu,51,core,2304,32,294912,1,8,1,warm,F minus D,-1741.9789999999998,-1771.5510000000002,-1733.571,F,-1750.429818181818,0.0009765625,exact paired sign-flip of mean; assumes exchangeable symmetric run-block differences,all server layout contrasts; exploratory,0.7421875
cpu,51,core,2304,32,294912,1,8,1,warm,E minus D,-1742.6779999999997,-1772.6920000000002,-1734.0010000000002,E,-1750.3232727272725,0.0009765625,exact paired sign-flip of mean; assumes exchangeable symmetric run-block differences,all server layout contrasts; exploratory,0.7421875
cpu,52,core,2304,32,294912,1,16,1,warm,E minus C,-1292.0489999999998,-1311.6749999999997,-1284.9320000000002,E,-1299.5687272727273,0.0009765625,exact paired sign-flip of mean; assumes exchangeable symmetric run-block differences,all server layout contrasts; exploratory,0.7421875
cpu,52,core,2304,32,294912,1,16,1,warm,D minus C,2212.5009999999997,2196.6949999999993,2225.5450000000005,C,2218.0695454545457,0.0009765625,exact paired sign-flip of mean; assumes exchangeable symmetric run-block differences,all server layout contrasts; exploratory,0.7421875
cpu,52,core,2304,32,294912,1,16,1,warm,G minus F,15.947000000000116,4.561000000000149,31.416999999999916,F,16.23054545454548,0.0048828125,exact paired sign-flip of mean; assumes exchangeable symmetric run-block differences,all server layout contrasts; exploratory,0.8740234375
cpu,52,core,2304,32,294912,1,16,1,warm,F minus D,-3512.0640000000003,-3540.624,-3502.0599999999995,F,-3518.738454545454,0.0009765625,exact paired sign-flip of mean; assumes exchangeable symmetric run-block differences,all server layout contrasts; exploratory,0.7421875
cpu,52,core,2304,32,294912,1,16,1,warm,E minus D,-3517.594,-3537.487,-3501.401999999999,E,-3517.638272727272,0.0009765625,exact paired sign-flip of mean; assumes exchangeable symmetric run-block differences,all server layout contrasts; exploratory,0.7421875
cpu,53,core,2304,32,294912,1,32,1,warm,E minus C,-2655.9070000000006,-2669.1110000000012,-2636.6520000000014,E,-2651.9598181818183,0.0009765625,exact paired sign-flip of mean; assumes exchangeable symmetric run-block differences,all server layout contrasts; exploratory,0.7421875
cpu,53,core,2304,32,294912,1,32,1,warm,D minus C,4470.466999999997,4406.588,4481.457999999998,C,4455.060363636363,0.0009765625,exact paired sign-flip of mean; assumes exchangeable symmetric run-block differences,all server layout contrasts; exploratory,0.7421875
cpu,53,core,2304,32,294912,1,32,1,warm,G minus F,8.420999999999822,-2.713999999999487,23.671000000000276,unresolved,15.472818181818019,0.0146484375,exact paired sign-flip of mean; assumes exchangeable symmetric run-block differences,all server layout contrasts; exploratory,1.0
cpu,53,core,2304,32,294912,1,32,1,warm,F minus D,-7116.126999999999,-7147.192999999999,-7074.789999999999,F,-7104.907818181816,0.0009765625,exact paired sign-flip of mean; assumes exchangeable symmetric run-block differences,all server layout contrasts; exploratory,0.7421875
cpu,53,core,2304,32,294912,1,32,1,warm,E minus D,-7126.173999999999,-7141.166999999999,-7057.975,E,-7107.020181818181,0.0009765625,exact paired sign-flip of mean; assumes exchangeable symmetric run-block differences,all server layout contrasts; exploratory,0.7421875
cpu,54,core,2304,32,294912,1,64,1,warm,E minus C,-5417.210000000001,-5433.709000000001,-5376.919,E,-5407.726272727274,0.0009765625,exact paired sign-flip of mean; assumes exchangeable symmetric run-block differences,all server layout contrasts; exploratory,0.7421875
cpu,54,core,2304,32,294912,1,64,1,warm,D minus C,8863.362999999998,8828.26999999999,8923.796999999999,C,8881.846363636361,0.0009765625,exact paired sign-flip of mean; assumes exchangeable symmetric run-block differences,all server layout contrasts; exploratory,0.7421875
cpu,54,core,2304,32,294912,1,64,1,warm,G minus F,15.126000000000204,-8.169000000001233,51.97599999999966,unresolved,18.455545454545494,0.197265625,exact paired sign-flip of mean; assumes exchangeable symmetric run-block differences,all server layout contrasts; exploratory,1.0
cpu,54,core,2304,32,294912,1,64,1,warm,F minus D,-14264.933,-14323.52,-14222.163999999993,F,-14274.605909090908,0.0009765625,exact paired sign-flip of mean; assumes exchangeable symmetric run-block differences,all server layout contrasts; exploratory,0.7421875
cpu,54,core,2304,32,294912,1,64,1,warm,E minus D,-14287.515999999996,-14323.711,-14246.738,E,-14289.572636363633,0.0009765625,exact paired sign-flip of mean; assumes exchangeable symmetric run-block differences,all server layout contrasts; exploratory,0.7421875
cpu,55,core,2304,32,294912,1,128,1,warm,E minus C,-10859.755999999996,-10885.391000000003,-10771.463999999996,E,-10962.349909090908,0.0009765625,exact paired sign-flip of mean; assumes exchangeable symmetric run-block differences,all server layout contrasts; exploratory,0.7421875
cpu,55,core,2304,32,294912,1,128,1,warm,D minus C,17728.662999999997,17593.13799999999,17760.85499999999,C,17577.765727272723,0.0009765625,exact paired sign-flip of mean; assumes exchangeable symmetric run-block differences,all server layout contrasts; exploratory,0.7421875
cpu,55,core,2304,32,294912,1,128,1,warm,G minus F,-12.692000000004555,-25.68999999999778,6.282000000001062,unresolved,-1.451454545454329,0.9267578125,exact paired sign-flip of mean; assumes exchangeable symmetric run-block differences,all server layout contrasts; exploratory,1.0
cpu,55,core,2304,32,294912,1,128,1,warm,F minus D,-28563.03499999999,-28594.63199999999,-28431.872999999996,F,-28522.378,0.0009765625,exact paired sign-flip of mean; assumes exchangeable symmetric run-block differences,all server layout contrasts; exploratory,0.7421875
cpu,55,core,2304,32,294912,1,128,1,warm,E minus D,-28538.47799999999,-28605.891999999993,-28476.928999999993,E,-28540.115636363636,0.0009765625,exact paired sign-flip of mean; assumes exchangeable symmetric run-block differences,all server layout contrasts; exploratory,0.7421875
cpu,56,core,2304,32,294912,3,1,1,warm,E minus C,-42.289999999999964,-58.551000000000045,14.571999999999889,unresolved,-29.06718181818179,0.0400390625,exact paired sign-flip of mean; assumes exchangeable symmetric run-block differences,all server layout contrasts; exploratory,1.0
cpu,56,core,2304,32,294912,3,1,1,warm,D minus C,448.1809999999999,445.0569999999999,458.2969999999998,C,448.5646363636363,0.0009765625,exact paired sign-flip of mean; assumes exchangeable symmetric run-block differences,all server layout contrasts; exploratory,0.7421875
cpu,56,core,2304,32,294912,3,1,1,warm,G minus F,110.35300000000007,53.151999999999816,172.10500000000002,F,110.49745454545454,0.0029296875,exact paired sign-flip of mean; assumes exchangeable symmetric run-block differences,all server layout contrasts; exploratory,0.7421875
cpu,56,core,2304,32,294912,3,1,1,warm,F minus D,-490.337,-498.913,-453.5240000000001,F,-482.17199999999997,0.0009765625,exact paired sign-flip of mean; assumes exchangeable symmetric run-block differences,all server layout contrasts; exploratory,0.7421875
cpu,56,core,2304,32,294912,3,1,1,warm,E minus D,-496.485,-504.2040000000002,-449.278,E,-477.6318181818182,0.0009765625,exact paired sign-flip of mean; assumes exchangeable symmetric run-block differences,all server layout contrasts; exploratory,0.7421875
cpu,57,core,2304,32,294912,3,2,1,warm,E minus C,-122.06000000000006,-134.10500000000013,-115.37700000000018,E,-138.4901818181819,0.0009765625,exact paired sign-flip of mean; assumes exchangeable symmetric run-block differences,all server layout contrasts; exploratory,0.7421875
cpu,57,core,2304,32,294912,3,2,1,warm,D minus C,867.5989999999997,861.2189999999997,889.0830000000002,C,862.1651818181817,0.0009765625,exact paired sign-flip of mean; assumes exchangeable symmetric run-block differences,all server layout contrasts; exploratory,0.7421875
cpu,57,core,2304,32,294912,3,2,1,warm,G minus F,-158.00099999999998,-163.72800000000007,-137.74700000000007,G,-149.62954545454548,0.0009765625,exact paired sign-flip of mean; assumes exchangeable symmetric run-block differences,all server layout contrasts; exploratory,0.7421875
cpu,57,core,2304,32,294912,3,2,1,warm,F minus D,-1004.1990000000004,-1012.924,-994.1119999999999,F,-1003.2172727272726,0.0009765625,exact paired sign-flip of mean; assumes exchangeable symmetric run-block differences,all server layout contrasts; exploratory,0.7421875
cpu,57,core,2304,32,294912,3,2,1,warm,E minus D,-999.4100000000004,-1009.5099999999999,-995.1759999999998,E,-1000.6553636363637,0.0009765625,exact paired sign-flip of mean; assumes exchangeable symmetric run-block differences,all server layout contrasts; exploratory,0.7421875
cpu,58,core,2304,32,294912,3,4,1,warm,E minus C,-276.7450000000001,-291.2959999999998,-265.6890000000001,E,-280.7174545454546,0.0009765625,exact paired sign-flip of mean; assumes exchangeable symmetric run-block differences,all server layout contrasts; exploratory,0.7421875
cpu,58,core,2304,32,294912,3,4,1,warm,D minus C,1712.016,1694.8970000000008,1727.2409999999998,C,1700.7434545454546,0.0009765625,exact paired sign-flip of mean; assumes exchangeable symmetric run-block differences,all server layout contrasts; exploratory,0.7421875
cpu,58,core,2304,32,294912,3,4,1,warm,G minus F,-470.6469999999997,-497.64500000000044,-363.22000000000025,G,-445.7026363636365,0.0009765625,exact paired sign-flip of mean; assumes exchangeable symmetric run-block differences,all server layout contrasts; exploratory,0.7421875
cpu,58,core,2304,32,294912,3,4,1,warm,F minus D,-1997.8039999999999,-2016.8660000000004,-1984.195,F,-1993.012909090909,0.0009765625,exact paired sign-flip of mean; assumes exchangeable symmetric run-block differences,all server layout contrasts; exploratory,0.7421875
cpu,58,core,2304,32,294912,3,4,1,warm,E minus D,-1982.4670000000003,-2002.0460000000005,-1971.8240000000003,E,-1981.4609090909094,0.0009765625,exact paired sign-flip of mean; assumes exchangeable symmetric run-block differences,all server layout contrasts; exploratory,0.7421875
cpu,59,core,2304,32,294912,3,8,1,warm,E minus C,-626.4479999999994,-634.6250000000005,-591.9270000000001,E,-615.2131818181817,0.0009765625,exact paired sign-flip of mean; assumes exchangeable symmetric run-block differences,all server layout contrasts; exploratory,0.7421875
cpu,59,core,2304,32,294912,3,8,1,warm,D minus C,3354.676,3313.682999999999,3389.1729999999993,C,3356.507909090909,0.0009765625,exact paired sign-flip of mean; assumes exchangeable symmetric run-block differences,all server layout contrasts; exploratory,0.7421875
cpu,59,core,2304,32,294912,3,8,1,warm,G minus F,-1241.442,-1256.3569999999997,-1199.3589999999992,G,-1206.5055454545452,0.0009765625,exact paired sign-flip of mean; assumes exchangeable symmetric run-block differences,all server layout contrasts; exploratory,0.7421875
cpu,59,core,2304,32,294912,3,8,1,warm,F minus D,-3944.963999999999,-3988.427,-3939.139,F,-3959.795,0.0009765625,exact paired sign-flip of mean; assumes exchangeable symmetric run-block differences,all server layout contrasts; exploratory,0.7421875
cpu,59,core,2304,32,294912,3,8,1,warm,E minus D,-3969.8479999999995,-3995.752999999999,-3944.439000000001,E,-3971.7210909090904,0.0009765625,exact paired sign-flip of mean; assumes exchangeable symmetric run-block differences,all server layout contrasts; exploratory,0.7421875
cpu,60,core,2304,32,294912,3,16,1,warm,E minus C,-1272.8319999999985,-1289.8780000000006,-1243.853,E,-1271.9775454545459,0.0009765625,exact paired sign-flip of mean; assumes exchangeable symmetric run-block differences,all server layout contrasts; exploratory,0.7421875
cpu,60,core,2304,32,294912,3,16,1,warm,D minus C,6741.848,6709.131000000002,6776.048999999997,C,6754.395636363636,0.0009765625,exact paired sign-flip of mean; assumes exchangeable symmetric run-block differences,all server layout contrasts; exploratory,0.7421875
cpu,60,core,2304,32,294912,3,16,1,warm,G minus F,-2585.097,-2646.953999999998,-2531.5169999999985,G,-2576.6564545454544,0.0009765625,exact paired sign-flip of mean; assumes exchangeable symmetric run-block differences,all server layout contrasts; exploratory,0.7421875
cpu,60,core,2304,32,294912,3,16,1,warm,F minus D,-7994.818000000003,-8054.836000000001,-7927.232000000002,F,-7990.143818181819,0.0009765625,exact paired sign-flip of mean; assumes exchangeable symmetric run-block differences,all server layout contrasts; exploratory,0.7421875
cpu,60,core,2304,32,294912,3,16,1,warm,E minus D,-7999.009000000003,-8046.868000000001,-7976.729000000004,E,-8026.373181818184,0.0009765625,exact paired sign-flip of mean; assumes exchangeable symmetric run-block differences,all server layout contrasts; exploratory,0.7421875
cpu,61,core,2304,32,294912,3,32,1,warm,E minus C,-2577.078000000014,-2718.7620000000024,-2419.5120000000043,E,-2569.3402727272737,0.0009765625,exact paired sign-flip of mean; assumes exchangeable symmetric run-block differences,all server layout contrasts; exploratory,0.7421875
cpu,61,core,2304,32,294912,3,32,1,warm,D minus C,13331.990000000009,13195.61600000001,13365.205,C,13291.952727272728,0.0009765625,exact paired sign-flip of mean; assumes exchangeable symmetric run-block differences,all server layout contrasts; exploratory,0.7421875
cpu,61,core,2304,32,294912,3,32,1,warm,G minus F,-5345.447,-5495.289999999996,-5322.601000000007,G,-5370.684,0.0009765625,exact paired sign-flip of mean; assumes exchangeable symmetric run-block differences,all server layout contrasts; exploratory,0.7421875
cpu,61,core,2304,32,294912,3,32,1,warm,F minus D,-15856.487000000012,-15968.326000000005,-15749.832999999999,F,-15846.135272727277,0.0009765625,exact paired sign-flip of mean; assumes exchangeable symmetric run-block differences,all server layout contrasts; exploratory,0.7421875
cpu,61,core,2304,32,294912,3,32,1,warm,E minus D,-15853.658000000007,-15907.107000000002,-15777.084000000003,E,-15861.293,0.0009765625,exact paired sign-flip of mean; assumes exchangeable symmetric run-block differences,all server layout contrasts; exploratory,0.7421875
cpu,62,core,2304,32,294912,3,64,1,warm,E minus C,-5287.766999999978,-5444.406999999999,-5139.065999999981,E,-5225.725636363642,0.0009765625,exact paired sign-flip of mean; assumes exchangeable symmetric run-block differences,all server layout contrasts; exploratory,0.7421875
cpu,62,core,2304,32,294912,3,64,1,warm,D minus C,26748.531999999977,26678.806999999986,26849.96299999999,C,26773.566909090896,0.0009765625,exact paired sign-flip of mean; assumes exchangeable symmetric run-block differences,all server layout contrasts; exploratory,0.7421875
cpu,62,core,2304,32,294912,3,64,1,warm,G minus F,-10810.352999999997,-10931.791999999998,-10699.353000000014,G,-10826.738000000003,0.0009765625,exact paired sign-flip of mean; assumes exchangeable symmetric run-block differences,all server layout contrasts; exploratory,0.7421875
cpu,62,core,2304,32,294912,3,64,1,warm,F minus D,-32039.58499999999,-32129.237999999972,-31971.468999999972,F,-32051.607999999986,0.0009765625,exact paired sign-flip of mean; assumes exchangeable symmetric run-block differences,all server layout contrasts; exploratory,0.7421875
cpu,62,core,2304,32,294912,3,64,1,warm,E minus D,-32044.605000000007,-32258.027999999995,-31976.50599999997,E,-31999.29254545454,0.0009765625,exact paired sign-flip of mean; assumes exchangeable symmetric run-block differences,all server layout contrasts; exploratory,0.7421875
cpu,63,core,2304,32,294912,3,128,1,warm,E minus C,-10267.717000000004,-10590.453999999998,-9995.184000000037,E,-10278.373272727273,0.0009765625,exact paired sign-flip of mean; assumes exchangeable symmetric run-block differences,all server layout contrasts; exploratory,0.7421875
cpu,63,core,2304,32,294912,3,128,1,warm,D minus C,53451.532999999974,53380.95199999998,54164.68499999999,C,53702.10209090907,0.0009765625,exact paired sign-flip of mean; assumes exchangeable symmetric run-block differences,all server layout contrasts; exploratory,0.7421875
cpu,63,core,2304,32,294912,3,128,1,warm,G minus F,-20922.648999999994,-21430.717000000026,-19787.047999999984,G,-20658.307999999994,0.0009765625,exact paired sign-flip of mean; assumes exchangeable symmetric run-block differences,all server layout contrasts; exploratory,0.7421875
cpu,63,core,2304,32,294912,3,128,1,warm,F minus D,-63899.31799999996,-64293.75699999994,-63490.28099999986,F,-63894.0669090909,0.0009765625,exact paired sign-flip of mean; assumes exchangeable symmetric run-block differences,all server layout contrasts; exploratory,0.7421875
cpu,63,core,2304,32,294912,3,128,1,warm,E minus D,-64016.15200000006,-64340.39999999989,-63719.24999999998,E,-63980.475363636346,0.0009765625,exact paired sign-flip of mean; assumes exchangeable symmetric run-block differences,all server layout contrasts; exploratory,0.7421875
cpu,64,rank,576,8,18432,3,8,1,warm,E minus C,-116.4050000000002,-134.4280000000001,-85.32399999999996,E,-116.4187272727273,0.0009765625,exact paired sign-flip of mean; assumes exchangeable symmetric run-block differences,all server layout contrasts; exploratory,0.7421875
cpu,64,rank,576,8,18432,3,8,1,warm,D minus C,1355.2940000000003,1301.2800000000002,1360.3780000000002,C,1339.402272727273,0.0009765625,exact paired sign-flip of mean; assumes exchangeable symmetric run-block differences,all server layout contrasts; exploratory,0.7421875
cpu,64,rank,576,8,18432,3,8,1,warm,G minus F,-173.846,-180.96499999999997,-169.748,G,-178.8856363636364,0.0009765625,exact paired sign-flip of mean; assumes exchangeable symmetric run-block differences,all server layout contrasts; exploratory,0.7421875
cpu,64,rank,576,8,18432,3,8,1,warm,F minus D,-1467.897,-1474.8330000000005,-1448.422,F,-1462.5540909090912,0.0009765625,exact paired sign-flip of mean; assumes exchangeable symmetric run-block differences,all server layout contrasts; exploratory,0.7421875
cpu,64,rank,576,8,18432,3,8,1,warm,E minus D,-1455.176,-1467.259,-1446.3720000000003,E,-1455.8210000000001,0.0009765625,exact paired sign-flip of mean; assumes exchangeable symmetric run-block differences,all server layout contrasts; exploratory,0.7421875
cpu,65,rank,576,32,73728,3,8,1,warm,E minus C,-161.46600000000012,-171.66099999999994,-149.70700000000022,E,-163.83654545454553,0.0009765625,exact paired sign-flip of mean; assumes exchangeable symmetric run-block differences,all server layout contrasts; exploratory,0.7421875
cpu,65,rank,576,32,73728,3,8,1,warm,D minus C,1369.7969999999996,1342.335,1373.3010000000004,C,1347.010727272727,0.0009765625,exact paired sign-flip of mean; assumes exchangeable symmetric run-block differences,all server layout contrasts; exploratory,0.7421875
cpu,65,rank,576,32,73728,3,8,1,warm,G minus F,-260.24,-270.44500000000005,-251.014,G,-240.26227272727274,0.0009765625,exact paired sign-flip of mean; assumes exchangeable symmetric run-block differences,all server layout contrasts; exploratory,0.7421875
cpu,65,rank,576,32,73728,3,8,1,warm,F minus D,-1532.0229999999997,-1539.2029999999995,-1521.08,F,-1529.397181818182,0.0009765625,exact paired sign-flip of mean; assumes exchangeable symmetric run-block differences,all server layout contrasts; exploratory,0.7421875
cpu,65,rank,576,32,73728,3,8,1,warm,E minus D,-1526.7569999999996,-1535.6499999999999,-1511.5520000000001,E,-1510.8472727272726,0.0009765625,exact paired sign-flip of mean; assumes exchangeable symmetric run-block differences,all server layout contrasts; exploratory,0.7421875
cpu,66,rank,576,128,294912,3,8,1,warm,E minus C,-394.74599999999964,-404.05700000000024,-329.26399999999967,E,-372.11663636363653,0.0009765625,exact paired sign-flip of mean; assumes exchangeable symmetric run-block differences,all server layout contrasts; exploratory,0.7421875
cpu,66,rank,576,128,294912,3,8,1,warm,D minus C,991.1639999999993,975.8150000000005,1008.1959999999999,C,993.3804545454543,0.0009765625,exact paired sign-flip of mean; assumes exchangeable symmetric run-block differences,all server layout contrasts; exploratory,0.7421875
cpu,66,rank,576,128,294912,3,8,1,warm,G minus F,-698.3739999999993,-744.0770000000007,-620.5789999999997,G,-680.4432727272728,0.0009765625,exact paired sign-flip of mean; assumes exchangeable symmetric run-block differences,all server layout contrasts; exploratory,0.7421875
cpu,66,rank,576,128,294912,3,8,1,warm,F minus D,-1385.125,-1389.071,-1331.8430000000003,F,-1368.0651818181816,0.0009765625,exact paired sign-flip of mean; assumes exchangeable symmetric run-block differences,all server layout contrasts; exploratory,0.7421875
cpu,66,rank,576,128,294912,3,8,1,warm,E minus D,-1387.5500000000002,-1400.1829999999995,-1309.4739999999993,E,-1365.497090909091,0.0009765625,exact paired sign-flip of mean; assumes exchangeable symmetric run-block differences,all server layout contrasts; exploratory,0.7421875
cpu,67,working_set,576,32,73728,3,8,1,warm,E minus C,-175.44500000000028,-240.64099999999996,-163.3699999999999,E,-181.9686363636364,0.0009765625,exact paired sign-flip of mean; assumes exchangeable symmetric run-block differences,all server layout contrasts; exploratory,0.7421875
cpu,67,working_set,576,32,73728,3,8,1,warm,D minus C,1337.3499999999992,1270.449,1360.4109999999998,C,1434.6249999999998,0.0009765625,exact paired sign-flip of mean; assumes exchangeable symmetric run-block differences,all server layout contrasts; exploratory,0.7421875
cpu,67,working_set,576,32,73728,3,8,1,warm,G minus F,-261.1629999999999,-269.07400000000007,-259.696,G,-262.04109090909094,0.0009765625,exact paired sign-flip of mean; assumes exchangeable symmetric run-block differences,all server layout contrasts; exploratory,0.7421875
cpu,67,working_set,576,32,73728,3,8,1,warm,F minus D,-1523.744,-1532.9119999999998,-1509.4299999999998,F,-1632.4331818181818,0.0009765625,exact paired sign-flip of mean; assumes exchangeable symmetric run-block differences,all server layout contrasts; exploratory,0.7421875
cpu,67,working_set,576,32,73728,3,8,1,warm,E minus D,-1512.9829999999997,-1531.8020000000004,-1511.991,E,-1616.5936363636363,0.0009765625,exact paired sign-flip of mean; assumes exchangeable symmetric run-block differences,all server layout contrasts; exploratory,0.7421875
cpu,68,working_set,576,32,73728,3,8,1,eviction_buffer,E minus C,-252.6980000000001,-293.79499999999985,-194.30099999999993,E,-249.85618181818174,0.0009765625,exact paired sign-flip of mean; assumes exchangeable symmetric run-block differences,all server layout contrasts; exploratory,0.7421875
cpu,68,working_set,576,32,73728,3,8,1,eviction_buffer,D minus C,1523.1090000000002,1401.047,1562.8129999999996,C,1482.2134545454546,0.0009765625,exact paired sign-flip of mean; assumes exchangeable symmetric run-block differences,all server layout contrasts; exploratory,0.7421875
cpu,68,working_set,576,32,73728,3,8,1,eviction_buffer,G minus F,-465.02599999999984,-482.7549999999999,-431.49599999999987,G,-476.17945454545446,0.0009765625,exact paired sign-flip of mean; assumes exchangeable symmetric run-block differences,all server layout contrasts; exploratory,0.7421875
cpu,68,working_set,576,32,73728,3,8,1,eviction_buffer,F minus D,-1721.0710000000004,-1784.2170000000006,-1709.091,F,-1733.0634545454545,0.0009765625,exact paired sign-flip of mean; assumes exchangeable symmetric run-block differences,all server layout contrasts; exploratory,0.7421875
cpu,68,working_set,576,32,73728,3,8,1,eviction_buffer,E minus D,-1758.9900000000005,-1822.9780000000005,-1652.6649999999997,E,-1732.0696363636364,0.0009765625,exact paired sign-flip of mean; assumes exchangeable symmetric run-block differences,all server layout contrasts; exploratory,0.7421875
cpu,69,working_set,576,32,73728,3,8,16,warm,E minus C,-2317.8170000000155,-2341.1499999999924,-2251.0420000000104,E,-2313.8874545454532,0.0009765625,exact paired sign-flip of mean; assumes exchangeable symmetric run-block differences,all server layout contrasts; exploratory,0.7421875
cpu,69,working_set,576,32,73728,3,8,16,warm,D minus C,21708.449000000015,21559.832999999984,21891.69800000002,C,21696.681545454543,0.0009765625,exact paired sign-flip of mean; assumes exchangeable symmetric run-block differences,all server layout contrasts; exploratory,0.7421875
cpu,69,working_set,576,32,73728,3,8,16,warm,G minus F,-3964.496999999993,-4293.789000000005,-3921.2079999999887,G,-4115.835727272724,0.0009765625,exact paired sign-flip of mean; assumes exchangeable symmetric run-block differences,all server layout contrasts; exploratory,0.7421875
cpu,69,working_set,576,32,73728,3,8,16,warm,F minus D,-24001.95900000003,-24247.512000000002,-23917.786000000007,F,-24062.97709090909,0.0009765625,exact paired sign-flip of mean; assumes exchangeable symmetric run-block differences,all server layout contrasts; exploratory,0.7421875
cpu,69,working_set,576,32,73728,3,8,16,warm,E minus D,-23959.491000000024,-24105.206000000006,-23891.153999999973,E,-24010.568999999996,0.0009765625,exact paired sign-flip of mean; assumes exchangeable symmetric run-block differences,all server layout contrasts; exploratory,0.7421875
cpu,70,working_set,576,32,73728,3,8,16,eviction_buffer,E minus C,-4482.243999999981,-5217.789999999979,-3935.6590000000033,E,-4457.474909090908,0.0009765625,exact paired sign-flip of mean; assumes exchangeable symmetric run-block differences,all server layout contrasts; exploratory,0.7421875
cpu,70,working_set,576,32,73728,3,8,16,eviction_buffer,D minus C,22168.427999999978,21985.122999999992,23009.16199999999,C,22356.69672727272,0.0009765625,exact paired sign-flip of mean; assumes exchangeable symmetric run-block differences,all server layout contrasts; exploratory,0.7421875
cpu,70,working_set,576,32,73728,3,8,16,eviction_buffer,G minus F,-8780.089000000004,-9450.589,-8124.434999999994,G,-8854.229727272725,0.0009765625,exact paired sign-flip of mean; assumes exchangeable symmetric run-block differences,all server layout contrasts; exploratory,0.7421875
cpu,70,working_set,576,32,73728,3,8,16,eviction_buffer,F minus D,-26526.495999999992,-27796.13000000002,-26139.73599999999,F,-26787.624363636354,0.0009765625,exact paired sign-flip of mean; assumes exchangeable symmetric run-block differences,all server layout contrasts; exploratory,0.7421875
cpu,70,working_set,576,32,73728,3,8,16,eviction_buffer,E minus D,-27129.258999999965,-27516.301000000014,-25860.556999999975,E,-26814.171636363622,0.0009765625,exact paired sign-flip of mean; assumes exchangeable symmetric run-block differences,all server layout contrasts; exploratory,0.7421875
cpu,71,working_set,576,32,73728,3,8,128,warm,E minus C,-19522.72499999957,-20093.163999999873,-18648.57800000056,E,-19328.787272727313,0.0009765625,exact paired sign-flip of mean; assumes exchangeable symmetric run-block differences,all server layout contrasts; exploratory,0.7421875
cpu,71,working_set,576,32,73728,3,8,128,warm,D minus C,170627.55999999982,169794.78599999985,170831.71799999964,C,170485.10818181827,0.0009765625,exact paired sign-flip of mean; assumes exchangeable symmetric run-block differences,all server layout contrasts; exploratory,0.7421875
cpu,71,working_set,576,32,73728,3,8,128,warm,G minus F,-31930.317999999854,-33000.733999999815,-31477.54299999986,G,-32644.018727272654,0.0009765625,exact paired sign-flip of mean; assumes exchangeable symmetric run-block differences,all server layout contrasts; exploratory,0.7421875
cpu,71,working_set,576,32,73728,3,8,128,warm,F minus D,-190636.13199999955,-191197.2200000001,-189236.7869999998,F,-190294.46136363642,0.0009765625,exact paired sign-flip of mean; assumes exchangeable symmetric run-block differences,all server layout contrasts; exploratory,0.7421875
cpu,71,working_set,576,32,73728,3,8,128,warm,E minus D,-189531.5840000005,-190191.75699999958,-189336.95099999956,E,-189813.8954545456,0.0009765625,exact paired sign-flip of mean; assumes exchangeable symmetric run-block differences,all server layout contrasts; exploratory,0.7421875
cpu,72,working_set,576,32,73728,3,8,128,eviction_buffer,E minus C,-29911.410000000295,-31935.780000000726,-26974.585999999632,E,-29855.783454545424,0.0009765625,exact paired sign-flip of mean; assumes exchangeable symmetric run-block differences,all server layout contrasts; exploratory,0.7421875
cpu,72,working_set,576,32,73728,3,8,128,eviction_buffer,D minus C,179488.63599999913,176665.44400000136,182959.25,C,179417.42918181795,0.0009765625,exact paired sign-flip of mean; assumes exchangeable symmetric run-block differences,all server layout contrasts; exploratory,0.7421875
cpu,72,working_set,576,32,73728,3,8,128,eviction_buffer,G minus F,-70682.24999999985,-74954.11800000016,-66657.39400000032,G,-71329.29872727276,0.0009765625,exact paired sign-flip of mean; assumes exchangeable symmetric run-block differences,all server layout contrasts; exploratory,0.7421875
cpu,72,working_set,576,32,73728,3,8,128,eviction_buffer,F minus D,-209987.31300000063,-212280.95599999983,-208125.35700000054,F,-209841.9767272725,0.0009765625,exact paired sign-flip of mean; assumes exchangeable symmetric run-block differences,all server layout contrasts; exploratory,0.7421875
cpu,72,working_set,576,32,73728,3,8,128,eviction_buffer,E minus D,-209933.83599999963,-211023.61900000068,-207837.1589999996,E,-209273.21263636334,0.0009765625,exact paired sign-flip of mean; assumes exchangeable symmetric run-block differences,all server layout contrasts; exploratory,0.7421875
cpu,73,interleaved_tenants,576,32,73728,3,1,16,warm,E minus C,-165.6769999999999,-184.9949999999999,-158.49199999999996,E,-169.5018181818183,0.0009765625,exact paired sign-flip of mean; assumes exchangeable symmetric run-block differences,all server layout contrasts; exploratory,0.7421875
cpu,73,interleaved_tenants,576,32,73728,3,1,16,warm,D minus C,2727.793999999999,2718.3730000000005,2754.723000000001,C,2727.57290909091,0.0009765625,exact paired sign-flip of mean; assumes exchangeable symmetric run-block differences,all server layout contrasts; exploratory,0.7421875
cpu,73,interleaved_tenants,576,32,73728,3,1,16,warm,G minus F,-31.389999999999645,-41.51900000000023,-24.037000000000262,G,-31.133909090909068,0.0078125,exact paired sign-flip of mean; assumes exchangeable symmetric run-block differences,all server layout contrasts; exploratory,1.0
cpu,73,interleaved_tenants,576,32,73728,3,1,16,warm,F minus D,-2897.1910000000007,-2919.7730000000024,-2885.941999999999,F,-2899.3690000000006,0.0009765625,exact paired sign-flip of mean; assumes exchangeable symmetric run-block differences,all server layout contrasts; exploratory,0.7421875
cpu,73,interleaved_tenants,576,32,73728,3,1,16,warm,E minus D,-2900.31,-2910.560000000003,-2887.663999999999,E,-2897.074727272728,0.0009765625,exact paired sign-flip of mean; assumes exchangeable symmetric run-block differences,all server layout contrasts; exploratory,0.7421875
cpu,74,interleaved_tenants,576,32,73728,3,8,16,warm,E minus C,-2374.2729999999956,-2391.34299999999,-2303.406999999983,E,-2361.4076363636314,0.0009765625,exact paired sign-flip of mean; assumes exchangeable symmetric run-block differences,all server layout contrasts; exploratory,0.7421875
cpu,74,interleaved_tenants,576,32,73728,3,8,16,warm,D minus C,21594.161000000036,21517.86300000003,21705.94199999999,C,21599.70454545455,0.0009765625,exact paired sign-flip of mean; assumes exchangeable symmetric run-block differences,all server layout contrasts; exploratory,0.7421875
cpu,74,interleaved_tenants,576,32,73728,3,8,16,warm,G minus F,-4610.618000000002,-4639.576999999989,-4551.509999999989,G,-4593.406545454543,0.0009765625,exact paired sign-flip of mean; assumes exchangeable symmetric run-block differences,all server layout contrasts; exploratory,0.7421875
cpu,74,interleaved_tenants,576,32,73728,3,8,16,warm,F minus D,-23952.982000000036,-24060.413000000008,-23896.42200000002,F,-23954.16927272728,0.0009765625,exact paired sign-flip of mean; assumes exchangeable symmetric run-block differences,all server layout contrasts; exploratory,0.7421875
cpu,74,interleaved_tenants,576,32,73728,3,8,16,warm,E minus D,-23992.891000000032,-24030.132000000005,-23874.054999999993,E,-23961.112181818185,0.0009765625,exact paired sign-flip of mean; assumes exchangeable symmetric run-block differences,all server layout contrasts; exploratory,0.7421875
cpu,75,interleaved_tenants,576,32,73728,3,32,16,warm,E minus C,-10156.558000000055,-10283.675000000097,-9963.951000000023,E,-10133.157090909122,0.0009765625,exact paired sign-flip of mean; assumes exchangeable symmetric run-block differences,all server layout contrasts; exploratory,0.7421875
cpu,75,interleaved_tenants,576,32,73728,3,32,16,warm,D minus C,85707.07199999981,85344.19500000033,86009.60000000015,C,85737.53427272725,0.0009765625,exact paired sign-flip of mean; assumes exchangeable symmetric run-block differences,all server layout contrasts; exploratory,0.7421875
cpu,75,interleaved_tenants,576,32,73728,3,32,16,warm,G minus F,-20292.720000000078,-20486.18799999995,-20066.25500000001,G,-20289.574909090905,0.0009765625,exact paired sign-flip of mean; assumes exchangeable symmetric run-block differences,all server layout contrasts; exploratory,0.7421875
cpu,75,interleaved_tenants,576,32,73728,3,32,16,warm,F minus D,-95781.57699999999,-96017.05899999975,-95446.5719999999,F,-95861.9284545455,0.0009765625,exact paired sign-flip of mean; assumes exchangeable symmetric run-block differences,all server layout contrasts; exploratory,0.7421875
cpu,75,interleaved_tenants,576,32,73728,3,32,16,warm,E minus D,-95863.62999999986,-96094.55400000012,-95495.92699999991,E,-95870.6913636364,0.0009765625,exact paired sign-flip of mean; assumes exchangeable symmetric run-block differences,all server layout contrasts; exploratory,0.7421875
cuda,0,core,36,32,4608,1,1,1,warm,E minus C,-20.251000000000005,-24.22800000000001,-14.363,E,-19.59236363636364,0.0009765625,exact paired sign-flip of mean; assumes exchangeable symmetric run-block differences,all server layout contrasts; exploratory,0.7421875
cuda,0,core,36,32,4608,1,1,1,warm,D minus C,-18.83499999999998,-23.638000000000005,-11.625,D,-18.329363636363638,0.0009765625,exact paired sign-flip of mean; assumes exchangeable symmetric run-block differences,all server layout contrasts; exploratory,0.7421875
cuda,0,core,36,32,4608,1,1,1,warm,G minus F,13.478999999999985,-0.20599999999998886,17.846000000000004,unresolved,8.939181818181817,0.03515625,exact paired sign-flip of mean; assumes exchangeable symmetric run-block differences,all server layout contrasts; exploratory,1.0
cuda,0,core,36,32,4608,1,1,1,warm,F minus D,-2.762999999999977,-5.2029999999999745,6.3870000000000005,unresolved,0.5074545454545448,0.8818359375,exact paired sign-flip of mean; assumes exchangeable symmetric run-block differences,all server layout contrasts; exploratory,1.0
cuda,0,core,36,32,4608,1,1,1,warm,E minus D,-1.870999999999981,-2.5800000000000125,3.0829999999999984,unresolved,-1.2630000000000001,0.4072265625,exact paired sign-flip of mean; assumes exchangeable symmetric run-block differences,all server layout contrasts; exploratory,1.0
cuda,1,core,36,32,4608,1,2,1,warm,E minus C,-39.841999999999985,-43.849000000000046,-30.27600000000001,E,-38.10981818181819,0.0009765625,exact paired sign-flip of mean; assumes exchangeable symmetric run-block differences,all server layout contrasts; exploratory,0.7421875
cuda,1,core,36,32,4608,1,2,1,warm,D minus C,-34.48200000000003,-36.87699999999995,-30.627999999999986,D,-34.507000000000005,0.0009765625,exact paired sign-flip of mean; assumes exchangeable symmetric run-block differences,all server layout contrasts; exploratory,0.7421875
cuda,1,core,36,32,4608,1,2,1,warm,G minus F,13.273000000000025,9.722999999999956,15.013000000000034,F,9.57363636363638,0.0263671875,exact paired sign-flip of mean; assumes exchangeable symmetric run-block differences,all server layout contrasts; exploratory,1.0
cuda,1,core,36,32,4608,1,2,1,warm,F minus D,-5.658999999999992,-9.625999999999976,7.9389999999999645,unresolved,-1.8710000000000067,0.625,exact paired sign-flip of mean; assumes exchangeable symmetric run-block differences,all server layout contrasts; exploratory,1.0
cuda,1,core,36,32,4608,1,2,1,warm,E minus D,-1.1779999999999973,-9.367000000000019,3.56899999999996,unresolved,-3.6028181818181895,0.166015625,exact paired sign-flip of mean; assumes exchangeable symmetric run-block differences,all server layout contrasts; exploratory,1.0
cuda,2,core,36,32,4608,1,4,1,warm,E minus C,-83.46100000000001,-91.26000000000005,-73.09100000000001,E,-83.1897272727273,0.0009765625,exact paired sign-flip of mean; assumes exchangeable symmetric run-block differences,all server layout contrasts; exploratory,0.7421875
cuda,2,core,36,32,4608,1,4,1,warm,D minus C,-78.77799999999996,-86.33399999999995,-69.96100000000001,D,-79.2218181818182,0.0009765625,exact paired sign-flip of mean; assumes exchangeable symmetric run-block differences,all server layout contrasts; exploratory,0.7421875
cuda,2,core,36,32,4608,1,4,1,warm,G minus F,13.499000000000024,8.326000000000079,25.66199999999992,F,15.579272727272734,0.001953125,exact paired sign-flip of mean; assumes exchangeable symmetric run-block differences,all server layout contrasts; exploratory,0.7421875
cuda,2,core,36,32,4608,1,4,1,warm,F minus D,-7.086999999999989,-17.50200000000001,1.2830000000000155,unresolved,-7.7405454545454715,0.0283203125,exact paired sign-flip of mean; assumes exchangeable symmetric run-block differences,all server layout contrasts; exploratory,1.0
cuda,2,core,36,32,4608,1,4,1,warm,E minus D,-6.682000000000016,-9.25,5.204000000000008,unresolved,-3.9679090909090955,0.1640625,exact paired sign-flip of mean; assumes exchangeable symmetric run-block differences,all server layout contrasts; exploratory,1.0
cuda,3,core,36,32,4608,1,8,1,warm,E minus C,-140.29200000000014,-157.34399999999994,-110.28699999999992,E,-146.97327272727273,0.0009765625,exact paired sign-flip of mean; assumes exchangeable symmetric run-block differences,all server layout contrasts; exploratory,0.7421875
cuda,3,core,36,32,4608,1,8,1,warm,D minus C,-134.4000000000002,-148.60199999999986,-125.80100000000004,D,-148.16072727272729,0.0009765625,exact paired sign-flip of mean; assumes exchangeable symmetric run-block differences,all server layout contrasts; exploratory,0.7421875
cuda,3,core,36,32,4608,1,8,1,warm,G minus F,12.249000000000024,5.346000000000004,17.287999999999897,F,-84.17309090909094,0.9990234375,exact paired sign-flip of mean; assumes exchangeable symmetric run-block differences,all server layout contrasts; exploratory,1.0
cuda,3,core,36,32,4608,1,8,1,warm,F minus D,-3.2450000000001182,-16.959999999999923,14.390999999999735,unresolved,91.60363636363637,0.537109375,exact paired sign-flip of mean; assumes exchangeable symmetric run-block differences,all server layout contrasts; exploratory,1.0
cuda,3,core,36,32,4608,1,8,1,warm,E minus D,-5.019000000000119,-14.484000000000037,15.597999999999843,unresolved,1.1874545454545051,0.8408203125,exact paired sign-flip of mean; assumes exchangeable symmetric run-block differences,all server layout contrasts; exploratory,1.0
cuda,4,core,36,32,4608,1,16,1,warm,E minus C,-280.63499999999954,-285.72699999999986,-256.4330000000002,E,-270.40572727272723,0.0009765625,exact paired sign-flip of mean; assumes exchangeable symmetric run-block differences,all server layout contrasts; exploratory,0.7421875
cuda,4,core,36,32,4608,1,16,1,warm,D minus C,-272.327,-279.057,-264.7080000000001,D,-271.83845454545457,0.0009765625,exact paired sign-flip of mean; assumes exchangeable symmetric run-block differences,all server layout contrasts; exploratory,0.7421875
cuda,4,core,36,32,4608,1,16,1,warm,G minus F,9.335000000000036,2.865000000000009,18.40099999999984,F,11.621000000000032,0.009765625,exact paired sign-flip of mean; assumes exchangeable symmetric run-block differences,all server layout contrasts; exploratory,1.0
cuda,4,core,36,32,4608,1,16,1,warm,F minus D,-4.106999999999971,-10.802000000000135,0.9980000000002747,unresolved,-4.082090909090891,0.1767578125,exact paired sign-flip of mean; assumes exchangeable symmetric run-block differences,all server layout contrasts; exploratory,1.0
cuda,4,core,36,32,4608,1,16,1,warm,E minus D,1.83400000000006,-11.077999999999747,10.19900000000007,unresolved,1.4327272727273133,0.7705078125,exact paired sign-flip of mean; assumes exchangeable symmetric run-block differences,all server layout contrasts; exploratory,1.0
cuda,5,core,36,32,4608,1,32,1,warm,E minus C,-542.0619999999994,-553.3529999999996,-526.5740000000014,E,-539.8066363636365,0.0009765625,exact paired sign-flip of mean; assumes exchangeable symmetric run-block differences,all server layout contrasts; exploratory,0.7421875
cuda,5,core,36,32,4608,1,32,1,warm,D minus C,-531.4620000000004,-547.253999999999,-519.5250000000005,D,-535.5388181818182,0.0009765625,exact paired sign-flip of mean; assumes exchangeable symmetric run-block differences,all server layout contrasts; exploratory,0.7421875
cuda,5,core,36,32,4608,1,32,1,warm,G minus F,2.2770000000000437,-0.8840000000000146,25.5679999999993,unresolved,12.752272727272695,0.0419921875,exact paired sign-flip of mean; assumes exchangeable symmetric run-block differences,all server layout contrasts; exploratory,1.0
cuda,5,core,36,32,4608,1,32,1,warm,F minus D,-11.793999999999869,-23.766999999999825,-0.19200000000000728,F,-12.244181818181584,0.0244140625,exact paired sign-flip of mean; assumes exchangeable symmetric run-block differences,all server layout contrasts; exploratory,1.0
cuda,5,core,36,32,4608,1,32,1,warm,E minus D,-7.049000000000888,-15.989000000000033,5.1919999999995525,unresolved,-4.267818181818257,0.3095703125,exact paired sign-flip of mean; assumes exchangeable symmetric run-block differences,all server layout contrasts; exploratory,1.0
cuda,6,core,36,32,4608,1,64,1,warm,E minus C,-1112.2390000000005,-1128.8300000000008,-1085.0820000000012,E,-1106.9087272727272,0.0009765625,exact paired sign-flip of mean; assumes exchangeable symmetric run-block differences,all server layout contrasts; exploratory,0.7421875
cuda,6,core,36,32,4608,1,64,1,warm,D minus C,-1104.9930000000022,-1111.8460000000014,-1073.5089999999964,D,-1094.2364545454552,0.0009765625,exact paired sign-flip of mean; assumes exchangeable symmetric run-block differences,all server layout contrasts; exploratory,0.7421875
cuda,6,core,36,32,4608,1,64,1,warm,G minus F,9.24199999999837,-26.177999999998065,23.49199999999928,unresolved,1.469363636363348,0.8828125,exact paired sign-flip of mean; assumes exchangeable symmetric run-block differences,all server layout contrasts; exploratory,1.0
cuda,6,core,36,32,4608,1,64,1,warm,F minus D,-13.38299999999981,-30.641999999998006,33.4900000000016,unresolved,-5.551818181816915,0.560546875,exact paired sign-flip of mean; assumes exchangeable symmetric run-block differences,all server layout contrasts; exploratory,1.0
cuda,6,core,36,32,4608,1,64,1,warm,E minus D,-7.344999999999345,-22.398999999998523,7.401000000001659,unresolved,-12.672272727272023,0.140625,exact paired sign-flip of mean; assumes exchangeable symmetric run-block differences,all server layout contrasts; exploratory,1.0
cuda,7,core,36,32,4608,1,128,1,warm,E minus C,-2192.1580000000013,-2233.011999999999,-2170.7850000000017,E,-2202.2377272727276,0.0009765625,exact paired sign-flip of mean; assumes exchangeable symmetric run-block differences,all server layout contrasts; exploratory,0.7421875
cuda,7,core,36,32,4608,1,128,1,warm,D minus C,-2142.385000000002,-2180.4609999999957,-2117.1950000000015,D,-2153.663727272727,0.0009765625,exact paired sign-flip of mean; assumes exchangeable symmetric run-block differences,all server layout contrasts; exploratory,0.7421875
cuda,7,core,36,32,4608,1,128,1,warm,G minus F,-49.84900000000016,-72.27300000000469,-21.55199999999968,G,-45.09681818181823,0.00390625,exact paired sign-flip of mean; assumes exchangeable symmetric run-block differences,all server layout contrasts; exploratory,0.7421875
cuda,7,core,36,32,4608,1,128,1,warm,F minus D,-29.502999999998792,-42.52299999999923,-17.373999999997977,F,-24.150727272727885,0.05078125,exact paired sign-flip of mean; assumes exchangeable symmetric run-block differences,all server layout contrasts; exploratory,1.0
cuda,7,core,36,32,4608,1,128,1,warm,E minus D,-57.258999999998196,-75.41800000000148,-19.83599999999933,E,-48.57400000000019,0.0048828125,exact paired sign-flip of mean; assumes exchangeable symmetric run-block differences,all server layout contrasts; exploratory,0.8740234375
cuda,8,core,36,32,4608,3,1,1,warm,E minus C,-33.96300000000002,-36.85700000000003,-27.85899999999998,E,-31.444181818181832,0.0009765625,exact paired sign-flip of mean; assumes exchangeable symmetric run-block differences,all server layout contrasts; exploratory,0.7421875
cuda,8,core,36,32,4608,3,1,1,warm,D minus C,-52.942999999999984,-57.45500000000004,-48.26500000000004,D,-52.89163636363639,0.0009765625,exact paired sign-flip of mean; assumes exchangeable symmetric run-block differences,all server layout contrasts; exploratory,0.7421875
cuda,8,core,36,32,4608,3,1,1,warm,G minus F,50.52999999999997,48.250999999999976,59.587999999999965,F,52.56327272727272,0.0009765625,exact paired sign-flip of mean; assumes exchangeable symmetric run-block differences,all server layout contrasts; exploratory,0.7421875
cuda,8,core,36,32,4608,3,1,1,warm,F minus D,-18.660999999999945,-22.122000000000014,-13.092999999999961,F,-18.003636363636357,0.0009765625,exact paired sign-flip of mean; assumes exchangeable symmetric run-block differences,all server layout contrasts; exploratory,0.7421875
cuda,8,core,36,32,4608,3,1,1,warm,E minus D,20.49599999999998,17.079000000000008,28.567000000000007,D,21.447454545454548,0.0009765625,exact paired sign-flip of mean; assumes exchangeable symmetric run-block differences,all server layout contrasts; exploratory,0.7421875
cuda,9,core,36,32,4608,3,2,1,warm,E minus C,-50.471000000000004,-60.61500000000001,-46.754999999999995,E,-53.75890909090908,0.0009765625,exact paired sign-flip of mean; assumes exchangeable symmetric run-block differences,all server layout contrasts; exploratory,0.7421875
cuda,9,core,36,32,4608,3,2,1,warm,D minus C,-107.73500000000001,-111.96499999999992,-101.68100000000004,D,-108.23972727272727,0.0009765625,exact paired sign-flip of mean; assumes exchangeable symmetric run-block differences,all server layout contrasts; exploratory,0.7421875
cuda,9,core,36,32,4608,3,2,1,warm,G minus F,50.771000000000015,47.85400000000004,56.95600000000002,F,27.74863636363636,0.3720703125,exact paired sign-flip of mean; assumes exchangeable symmetric run-block differences,all server layout contrasts; exploratory,1.0
cuda,9,core,36,32,4608,3,2,1,warm,F minus D,-16.338999999999942,-25.47100000000006,-5.610000000000014,F,8.771272727272715,1.0,exact paired sign-flip of mean; assumes exchangeable symmetric run-block differences,all server layout contrasts; exploratory,1.0
cuda,9,core,36,32,4608,3,2,1,warm,E minus D,53.08100000000002,49.80799999999999,62.20600000000002,D,54.480818181818194,0.0009765625,exact paired sign-flip of mean; assumes exchangeable symmetric run-block differences,all server layout contrasts; exploratory,0.7421875
cuda,10,core,36,32,4608,3,4,1,warm,E minus C,-76.46900000000005,-86.79199999999992,-70.06900000000019,E,-76.7180909090909,0.0009765625,exact paired sign-flip of mean; assumes exchangeable symmetric run-block differences,all server layout contrasts; exploratory,0.7421875
cuda,10,core,36,32,4608,3,4,1,warm,D minus C,-201.77000000000032,-211.755,-197.50900000000001,D,-203.76936363636366,0.0009765625,exact paired sign-flip of mean; assumes exchangeable symmetric run-block differences,all server layout contrasts; exploratory,0.7421875
cuda,10,core,36,32,4608,3,4,1,warm,G minus F,44.111999999999966,42.79499999999996,55.45600000000013,F,47.29945454545459,0.0009765625,exact paired sign-flip of mean; assumes exchangeable symmetric run-block differences,all server layout contrasts; exploratory,0.7421875
cuda,10,core,36,32,4608,3,4,1,warm,F minus D,-13.513999999999783,-18.230000000000132,-7.958000000000084,F,-14.17454545454543,0.001953125,exact paired sign-flip of mean; assumes exchangeable symmetric run-block differences,all server layout contrasts; exploratory,0.7421875
cuda,10,core,36,32,4608,3,4,1,warm,E minus D,129.32600000000002,114.89899999999989,135.07000000000005,D,127.05127272727276,0.0009765625,exact paired sign-flip of mean; assumes exchangeable symmetric run-block differences,all server layout contrasts; exploratory,0.7421875
cuda,11,core,36,32,4608,3,8,1,warm,E minus C,-143.83599999999956,-166.01999999999953,-133.98900000000003,E,-147.43699999999993,0.0009765625,exact paired sign-flip of mean; assumes exchangeable symmetric run-block differences,all server layout contrasts; exploratory,0.7421875
cuda,11,core,36,32,4608,3,8,1,warm,D minus C,-416.9059999999997,-432.8330000000001,-401.1400000000001,D,-416.5286363636362,0.0009765625,exact paired sign-flip of mean; assumes exchangeable symmetric run-block differences,all server layout contrasts; exploratory,0.7421875
cuda,11,core,36,32,4608,3,8,1,warm,G minus F,53.17899999999963,47.959999999999354,68.71799999999939,F,56.609181818181675,0.0009765625,exact paired sign-flip of mean; assumes exchangeable symmetric run-block differences,all server layout contrasts; exploratory,0.7421875
cuda,11,core,36,32,4608,3,8,1,warm,F minus D,-22.881999999999834,-31.099000000000387,-16.122999999999365,F,-26.654545454545396,0.0009765625,exact paired sign-flip of mean; assumes exchangeable symmetric run-block differences,all server layout contrasts; exploratory,0.7421875
cuda,11,core,36,32,4608,3,8,1,warm,E minus D,271.51900000000023,255.61999999999898,282.9169999999997,D,269.09163636363627,0.0009765625,exact paired sign-flip of mean; assumes exchangeable symmetric run-block differences,all server layout contrasts; exploratory,0.7421875
cuda,12,core,36,32,4608,3,16,1,warm,E minus C,-235.70099999999866,-273.438000000001,-223.05499999999984,E,-246.19654545454605,0.0009765625,exact paired sign-flip of mean; assumes exchangeable symmetric run-block differences,all server layout contrasts; exploratory,0.7421875
cuda,12,core,36,32,4608,3,16,1,warm,D minus C,-815.8490000000002,-854.9430000000011,-794.2419999999997,D,-823.1631818181821,0.0009765625,exact paired sign-flip of mean; assumes exchangeable symmetric run-block differences,all server layout contrasts; exploratory,0.7421875
cuda,12,core,36,32,4608,3,16,1,warm,G minus F,52.24700000000075,32.91799999999921,64.77000000000089,F,48.83672727272737,0.0009765625,exact paired sign-flip of mean; assumes exchangeable symmetric run-block differences,all server layout contrasts; exploratory,0.7421875
cuda,12,core,36,32,4608,3,16,1,warm,F minus D,-8.779999999998836,-15.355999999999312,-2.6210000000005493,F,-16.83636363636325,0.0009765625,exact paired sign-flip of mean; assumes exchangeable symmetric run-block differences,all server layout contrasts; exploratory,0.7421875
cuda,12,core,36,32,4608,3,16,1,warm,E minus D,571.0109999999991,552.259,603.1329999999998,D,576.966636363636,0.0009765625,exact paired sign-flip of mean; assumes exchangeable symmetric run-block differences,all server layout contrasts; exploratory,0.7421875
cuda,13,core,36,32,4608,3,32,1,warm,E minus C,-484.21300000000065,-518.2659999999987,-452.1359999999986,E,-481.35963636363607,0.0009765625,exact paired sign-flip of mean; assumes exchangeable symmetric run-block differences,all server layout contrasts; exploratory,0.7421875
cuda,13,core,36,32,4608,3,32,1,warm,D minus C,-1650.6150000000034,-1679.840000000001,-1629.6359999999995,D,-1653.2430000000002,0.0009765625,exact paired sign-flip of mean; assumes exchangeable symmetric run-block differences,all server layout contrasts; exploratory,0.7421875
cuda,13,core,36,32,4608,3,32,1,warm,G minus F,37.77099999999609,2.222999999997228,73.16400000000067,F,32.10281818181722,0.0908203125,exact paired sign-flip of mean; assumes exchangeable symmetric run-block differences,all server layout contrasts; exploratory,1.0
cuda,13,core,36,32,4608,3,32,1,warm,F minus D,6.295000000001892,-47.41100000000006,24.35899999999947,unresolved,-1.920363636363039,0.8974609375,exact paired sign-flip of mean; assumes exchangeable symmetric run-block differences,all server layout contrasts; exploratory,1.0
cuda,13,core,36,32,4608,3,32,1,warm,E minus D,1173.1320000000023,1144.7509999999947,1198.9860000000017,D,1171.8833636363643,0.0009765625,exact paired sign-flip of mean; assumes exchangeable symmetric run-block differences,all server layout contrasts; exploratory,0.7421875
cuda,14,core,36,32,4608,3,64,1,warm,E minus C,-966.0499999999902,-1103.1819999999934,-854.5910000000058,E,-978.2480909090893,0.0009765625,exact paired sign-flip of mean; assumes exchangeable symmetric run-block differences,all server layout contrasts; exploratory,0.7421875
cuda,14,core,36,32,4608,3,64,1,warm,D minus C,-3327.962999999996,-3362.8950000000023,-3279.7279999999973,D,-3318.7279999999982,0.0009765625,exact paired sign-flip of mean; assumes exchangeable symmetric run-block differences,all server layout contrasts; exploratory,0.7421875
cuda,14,core,36,32,4608,3,64,1,warm,G minus F,54.018999999998414,-2.8729999999977736,106.06000000000677,unresolved,41.21299999999924,0.287109375,exact paired sign-flip of mean; assumes exchangeable symmetric run-block differences,all server layout contrasts; exploratory,1.0
cuda,14,core,36,32,4608,3,64,1,warm,F minus D,20.68600000000879,-22.71900000000096,39.050999999999476,unresolved,21.69563636363736,0.4443359375,exact paired sign-flip of mean; assumes exchangeable symmetric run-block differences,all server layout contrasts; exploratory,1.0
cuda,14,core,36,32,4608,3,64,1,warm,E minus D,2314.6590000000015,2259.951000000008,2460.842000000004,D,2340.4799090909087,0.0009765625,exact paired sign-flip of mean; assumes exchangeable symmetric run-block differences,all server layout contrasts; exploratory,0.7421875
cuda,15,core,36,32,4608,3,128,1,warm,E minus C,-1936.6959999999926,-2152.827000000045,-1826.9390000000021,E,-2003.1388181818263,0.0009765625,exact paired sign-flip of mean; assumes exchangeable symmetric run-block differences,all server layout contrasts; exploratory,0.7421875
cuda,15,core,36,32,4608,3,128,1,warm,D minus C,-6641.6219999999885,-6735.225000000017,-6463.354000000003,D,-6637.391090909101,0.0009765625,exact paired sign-flip of mean; assumes exchangeable symmetric run-block differences,all server layout contrasts; exploratory,0.7421875
cuda,15,core,36,32,4608,3,128,1,warm,G minus F,41.74800000000687,-12.257999999997992,147.43199999998615,unresolved,52.00981818180828,0.1083984375,exact paired sign-flip of mean; assumes exchangeable symmetric run-block differences,all server layout contrasts; exploratory,1.0
cuda,15,core,36,32,4608,3,128,1,warm,F minus D,23.0030000000188,-59.33100000002378,164.52699999998003,unresolved,40.111454545464355,0.271484375,exact paired sign-flip of mean; assumes exchangeable symmetric run-block differences,all server layout contrasts; exploratory,1.0
cuda,15,core,36,32,4608,3,128,1,warm,E minus D,4636.415000000001,4511.346999999994,4729.166999999987,D,4634.252272727275,0.0009765625,exact paired sign-flip of mean; assumes exchangeable symmetric run-block differences,all server layout contrasts; exploratory,0.7421875
cuda,16,core,144,32,18432,1,1,1,warm,E minus C,-17.447000000000003,-21.41900000000001,-15.296999999999997,E,-17.335818181818176,0.0009765625,exact paired sign-flip of mean; assumes exchangeable symmetric run-block differences,all server layout contrasts; exploratory,0.7421875
cuda,16,core,144,32,18432,1,1,1,warm,D minus C,-17.418999999999983,-18.859999999999985,-13.54000000000002,D,-16.39590909090909,0.0009765625,exact paired sign-flip of mean; assumes exchangeable symmetric run-block differences,all server layout contrasts; exploratory,0.7421875
cuda,16,core,144,32,18432,1,1,1,warm,G minus F,8.33299999999997,6.430000000000007,10.85499999999999,F,7.831363636363637,0.0029296875,exact paired sign-flip of mean; assumes exchangeable symmetric run-block differences,all server layout contrasts; exploratory,0.7421875
cuda,16,core,144,32,18432,1,1,1,warm,F minus D,-1.375,-4.1559999999999775,1.4410000000000025,unresolved,-0.83781818181818,0.5146484375,exact paired sign-flip of mean; assumes exchangeable symmetric run-block differences,all server layout contrasts; exploratory,1.0
cuda,16,core,144,32,18432,1,1,1,warm,E minus D,-1.7019999999999982,-3.5769999999999698,3.562999999999988,unresolved,-0.9399090909090856,0.578125,exact paired sign-flip of mean; assumes exchangeable symmetric run-block differences,all server layout contrasts; exploratory,1.0
cuda,17,core,144,32,18432,1,2,1,warm,E minus C,-33.79900000000006,-37.04299999999995,-30.684000000000026,E,-33.799727272727296,0.0009765625,exact paired sign-flip of mean; assumes exchangeable symmetric run-block differences,all server layout contrasts; exploratory,0.7421875
cuda,17,core,144,32,18432,1,2,1,warm,D minus C,-35.613,-37.93300000000002,-25.65100000000001,D,-32.342727272727295,0.0009765625,exact paired sign-flip of mean; assumes exchangeable symmetric run-block differences,all server layout contrasts; exploratory,0.7421875
cuda,17,core,144,32,18432,1,2,1,warm,G minus F,13.744,6.911000000000001,20.194000000000017,F,11.628727272727268,0.0068359375,exact paired sign-flip of mean; assumes exchangeable symmetric run-block differences,all server layout contrasts; exploratory,1.0
cuda,17,core,144,32,18432,1,2,1,warm,F minus D,-1.0999999999999943,-11.592999999999961,4.6370000000000005,unresolved,-1.9084545454545372,0.5146484375,exact paired sign-flip of mean; assumes exchangeable symmetric run-block differences,all server layout contrasts; exploratory,1.0
cuda,17,core,144,32,18432,1,2,1,warm,E minus D,0.44999999999998863,-11.391999999999939,4.227000000000004,unresolved,-1.4570000000000065,0.6171875,exact paired sign-flip of mean; assumes exchangeable symmetric run-block differences,all server layout contrasts; exploratory,1.0
cuda,18,core,144,32,18432,1,4,1,warm,E minus C,-70.61699999999996,-81.54600000000005,-62.502999999999986,E,-71.82100000000001,0.0009765625,exact paired sign-flip of mean; assumes exchangeable symmetric run-block differences,all server layout contrasts; exploratory,0.7421875
cuda,18,core,144,32,18432,1,4,1,warm,D minus C,-67.64999999999998,-79.84000000000003,-63.91199999999992,D,-69.87063636363638,0.0009765625,exact paired sign-flip of mean; assumes exchangeable symmetric run-block differences,all server layout contrasts; exploratory,0.7421875
cuda,18,core,144,32,18432,1,4,1,warm,G minus F,6.743999999999971,-1.5060000000000286,20.04200000000003,unresolved,9.817272727272723,0.0380859375,exact paired sign-flip of mean; assumes exchangeable symmetric run-block differences,all server layout contrasts; exploratory,1.0
cuda,18,core,144,32,18432,1,4,1,warm,F minus D,-4.006999999999948,-7.3110000000000355,4.980000000000018,unresolved,-2.142727272727262,0.3955078125,exact paired sign-flip of mean; assumes exchangeable symmetric run-block differences,all server layout contrasts; exploratory,1.0
cuda,18,core,144,32,18432,1,4,1,warm,E minus D,-4.169999999999902,-6.032000000000096,3.867999999999938,unresolved,-1.950363636363637,0.283203125,exact paired sign-flip of mean; assumes exchangeable symmetric run-block differences,all server layout contrasts; exploratory,1.0
cuda,19,core,144,32,18432,1,8,1,warm,E minus C,-137.39300000000003,-154.5450000000002,-121.79999999999995,E,-123.56772727272731,0.0166015625,exact paired sign-flip of mean; assumes exchangeable symmetric run-block differences,all server layout contrasts; exploratory,1.0
cuda,19,core,144,32,18432,1,8,1,warm,D minus C,-148.61400000000015,-174.44700000000012,-138.90599999999995,D,-164.10427272727267,0.0009765625,exact paired sign-flip of mean; assumes exchangeable symmetric run-block differences,all server layout contrasts; exploratory,0.7421875
cuda,19,core,144,32,18432,1,8,1,warm,G minus F,3.3570000000001983,-1.7089999999999463,8.998000000000047,unresolved,4.886727272727285,0.095703125,exact paired sign-flip of mean; assumes exchangeable symmetric run-block differences,all server layout contrasts; exploratory,1.0
cuda,19,core,144,32,18432,1,8,1,warm,F minus D,0.553000000000111,-9.745000000000005,7.310999999999922,unresolved,-3.0009999999999866,0.6884765625,exact paired sign-flip of mean; assumes exchangeable symmetric run-block differences,all server layout contrasts; exploratory,1.0
cuda,19,core,144,32,18432,1,8,1,warm,E minus D,3.9030000000001337,-5.903999999999996,14.979000000000042,unresolved,40.53654545454542,0.52734375,exact paired sign-flip of mean; assumes exchangeable symmetric run-block differences,all server layout contrasts; exploratory,1.0
cuda,20,core,144,32,18432,1,16,1,warm,E minus C,-271.4580000000001,-291.9549999999997,-266.26700000000005,E,-280.44445454545445,0.0009765625,exact paired sign-flip of mean; assumes exchangeable symmetric run-block differences,all server layout contrasts; exploratory,0.7421875
cuda,20,core,144,32,18432,1,16,1,warm,D minus C,-279.35799999999995,-290.66800000000035,-266.1450000000002,D,-278.7950909090909,0.0009765625,exact paired sign-flip of mean; assumes exchangeable symmetric run-block differences,all server layout contrasts; exploratory,0.7421875
cuda,20,core,144,32,18432,1,16,1,warm,G minus F,7.629000000000133,-0.5760000000000218,12.393999999999778,unresolved,6.484272727272645,0.037109375,exact paired sign-flip of mean; assumes exchangeable symmetric run-block differences,all server layout contrasts; exploratory,1.0
cuda,20,core,144,32,18432,1,16,1,warm,F minus D,-6.457999999999856,-10.245999999999867,9.872000000000298,unresolved,-3.3273636363636054,0.4169921875,exact paired sign-flip of mean; assumes exchangeable symmetric run-block differences,all server layout contrasts; exploratory,1.0
cuda,20,core,144,32,18432,1,16,1,warm,E minus D,-2.5149999999996453,-16.30999999999949,13.090999999999894,unresolved,-1.649363636363577,0.740234375,exact paired sign-flip of mean; assumes exchangeable symmetric run-block differences,all server layout contrasts; exploratory,1.0
cuda,21,core,144,32,18432,1,32,1,warm,E minus C,-574.9909999999995,-590.1189999999997,-570.5210000000002,E,-579.1687272727272,0.0009765625,exact paired sign-flip of mean; assumes exchangeable symmetric run-block differences,all server layout contrasts; exploratory,0.7421875
cuda,21,core,144,32,18432,1,32,1,warm,D minus C,-566.8120000000008,-585.2989999999991,-552.2490000000003,D,-568.1988181818183,0.0009765625,exact paired sign-flip of mean; assumes exchangeable symmetric run-block differences,all server layout contrasts; exploratory,0.7421875
cuda,21,core,144,32,18432,1,32,1,warm,G minus F,6.918000000000575,-13.577000000000226,13.002000000000407,unresolved,0.14063636363657264,0.9755859375,exact paired sign-flip of mean; assumes exchangeable symmetric run-block differences,all server layout contrasts; exploratory,1.0
cuda,21,core,144,32,18432,1,32,1,warm,F minus D,0.6580000000003565,-17.97699999999986,5.943000000000211,unresolved,-3.018909090908933,0.6220703125,exact paired sign-flip of mean; assumes exchangeable symmetric run-block differences,all server layout contrasts; exploratory,1.0
cuda,21,core,144,32,18432,1,32,1,warm,E minus D,-12.59900000000016,-25.653000000000247,3.5250000000005457,unresolved,-10.969909090908954,0.0556640625,exact paired sign-flip of mean; assumes exchangeable symmetric run-block differences,all server layout contrasts; exploratory,1.0
cuda,22,core,144,32,18432,1,64,1,warm,E minus C,-1123.501000000003,-1139.0149999999994,-1112.780999999999,E,-1122.4284545454552,0.0009765625,exact paired sign-flip of mean; assumes exchangeable symmetric run-block differences,all server layout contrasts; exploratory,0.7421875
cuda,22,core,144,32,18432,1,64,1,warm,D minus C,-1089.4860000000035,-1121.6200000000017,-1075.3309999999974,D,-1100.277181818182,0.0009765625,exact paired sign-flip of mean; assumes exchangeable symmetric run-block differences,all server layout contrasts; exploratory,0.7421875
cuda,22,core,144,32,18432,1,64,1,warm,G minus F,3.37000000000171,-16.753999999998996,31.68500000000131,unresolved,4.232363636362937,0.6435546875,exact paired sign-flip of mean; assumes exchangeable symmetric run-block differences,all server layout contrasts; exploratory,1.0
cuda,22,core,144,32,18432,1,64,1,warm,F minus D,-26.460000000000036,-40.735999999999876,13.743000000001302,unresolved,-13.467636363635888,0.1650390625,exact paired sign-flip of mean; assumes exchangeable symmetric run-block differences,all server layout contrasts; exploratory,1.0
cuda,22,core,144,32,18432,1,64,1,warm,E minus D,-20.7579999999989,-38.838000000003376,-10.036000000000968,E,-22.151272727272953,0.0087890625,exact paired sign-flip of mean; assumes exchangeable symmetric run-block differences,all server layout contrasts; exploratory,1.0
cuda,23,core,144,32,18432,1,128,1,warm,E minus C,-2227.974,-2268.900999999998,-2216.4599999999973,E,-2236.0299999999984,0.0009765625,exact paired sign-flip of mean; assumes exchangeable symmetric run-block differences,all server layout contrasts; exploratory,0.7421875
cuda,23,core,144,32,18432,1,128,1,warm,D minus C,-2224.514999999996,-2282.4310000000005,-2188.905999999999,D,-2221.947545454545,0.0009765625,exact paired sign-flip of mean; assumes exchangeable symmetric run-block differences,all server layout contrasts; exploratory,0.7421875
cuda,23,core,144,32,18432,1,128,1,warm,G minus F,-4.349999999998545,-12.846000000001368,4.309999999999491,unresolved,-3.312363636362451,0.4951171875,exact paired sign-flip of mean; assumes exchangeable symmetric run-block differences,all server layout contrasts; exploratory,1.0
cuda,23,core,144,32,18432,1,128,1,warm,F minus D,-7.361000000004424,-33.13799999999719,22.700000000000728,unresolved,-13.268909090910462,0.4033203125,exact paired sign-flip of mean; assumes exchangeable symmetric run-block differences,all server layout contrasts; exploratory,1.0
cuda,23,core,144,32,18432,1,128,1,warm,E minus D,-7.040000000002692,-46.463999999996304,13.530000000002474,unresolved,-14.082454545453816,0.3447265625,exact paired sign-flip of mean; assumes exchangeable symmetric run-block differences,all server layout contrasts; exploratory,1.0
cuda,24,core,144,32,18432,3,1,1,warm,E minus C,-29.993000000000052,-33.37000000000006,-22.008000000000038,E,-28.061000000000025,0.0009765625,exact paired sign-flip of mean; assumes exchangeable symmetric run-block differences,all server layout contrasts; exploratory,0.7421875
cuda,24,core,144,32,18432,3,1,1,warm,D minus C,-49.10299999999995,-62.12600000000003,-40.46600000000001,D,-50.78036363636366,0.0009765625,exact paired sign-flip of mean; assumes exchangeable symmetric run-block differences,all server layout contrasts; exploratory,0.7421875
cuda,24,core,144,32,18432,3,1,1,warm,G minus F,56.579999999999984,47.596000000000004,62.978000000000065,F,56.326272727272745,0.0009765625,exact paired sign-flip of mean; assumes exchangeable symmetric run-block differences,all server layout contrasts; exploratory,0.7421875
cuda,24,core,144,32,18432,3,1,1,warm,F minus D,-19.702999999999975,-26.22800000000001,-15.932000000000016,F,-20.34727272727273,0.0009765625,exact paired sign-flip of mean; assumes exchangeable symmetric run-block differences,all server layout contrasts; exploratory,0.7421875
cuda,24,core,144,32,18432,3,1,1,warm,E minus D,26.416999999999973,9.753000000000043,32.36400000000003,D,22.719363636363628,0.0009765625,exact paired sign-flip of mean; assumes exchangeable symmetric run-block differences,all server layout contrasts; exploratory,0.7421875
cuda,25,core,144,32,18432,3,2,1,warm,E minus C,-42.50300000000004,-55.01299999999992,-36.827999999999975,E,-18.68636363636364,0.658203125,exact paired sign-flip of mean; assumes exchangeable symmetric run-block differences,all server layout contrasts; exploratory,1.0
cuda,25,core,144,32,18432,3,2,1,warm,D minus C,-101.87300000000005,-113.32999999999993,-98.79099999999994,D,-104.91318181818183,0.0009765625,exact paired sign-flip of mean; assumes exchangeable symmetric run-block differences,all server layout contrasts; exploratory,0.7421875
cuda,25,core,144,32,18432,3,2,1,warm,G minus F,54.30699999999996,47.98400000000004,62.29399999999987,F,55.49536363636362,0.0009765625,exact paired sign-flip of mean; assumes exchangeable symmetric run-block differences,all server layout contrasts; exploratory,0.7421875
cuda,25,core,144,32,18432,3,2,1,warm,F minus D,-16.920999999999935,-28.16799999999995,-11.922000000000025,F,-19.534818181818153,0.0009765625,exact paired sign-flip of mean; assumes exchangeable symmetric run-block differences,all server layout contrasts; exploratory,0.7421875
cuda,25,core,144,32,18432,3,2,1,warm,E minus D,61.962999999999965,52.08699999999999,65.03999999999996,D,86.22681818181819,0.0009765625,exact paired sign-flip of mean; assumes exchangeable symmetric run-block differences,all server layout contrasts; exploratory,0.7421875
cuda,26,core,144,32,18432,3,4,1,warm,E minus C,-75.74200000000019,-80.9559999999999,-65.8570000000002,E,-74.92627272727282,0.0009765625,exact paired sign-flip of mean; assumes exchangeable symmetric run-block differences,all server layout contrasts; exploratory,0.7421875
cuda,26,core,144,32,18432,3,4,1,warm,D minus C,-205.8420000000001,-217.4419999999999,-201.9440000000002,D,-207.8902727272728,0.0009765625,exact paired sign-flip of mean; assumes exchangeable symmetric run-block differences,all server layout contrasts; exploratory,0.7421875
cuda,26,core,144,32,18432,3,4,1,warm,G minus F,45.22500000000002,43.96900000000005,50.62200000000007,F,46.207272727272695,0.0009765625,exact paired sign-flip of mean; assumes exchangeable symmetric run-block differences,all server layout contrasts; exploratory,0.7421875
cuda,26,core,144,32,18432,3,4,1,warm,F minus D,-12.598999999999933,-19.16599999999994,-9.099999999999909,F,-14.037636363636341,0.0009765625,exact paired sign-flip of mean; assumes exchangeable symmetric run-block differences,all server layout contrasts; exploratory,0.7421875
cuda,26,core,144,32,18432,3,4,1,warm,E minus D,130.1289999999999,127.0989999999997,140.21100000000013,D,132.96399999999997,0.0009765625,exact paired sign-flip of mean; assumes exchangeable symmetric run-block differences,all server layout contrasts; exploratory,0.7421875
cuda,27,core,144,32,18432,3,8,1,warm,E minus C,-124.35800000000017,-144.94200000000023,-116.62299999999937,E,-95.94181818181823,0.037109375,exact paired sign-flip of mean; assumes exchangeable symmetric run-block differences,all server layout contrasts; exploratory,1.0
cuda,27,core,144,32,18432,3,8,1,warm,D minus C,-399.9010000000003,-406.0419999999997,-389.06099999999947,D,-371.18381818181837,0.0009765625,exact paired sign-flip of mean; assumes exchangeable symmetric run-block differences,all server layout contrasts; exploratory,0.7421875
cuda,27,core,144,32,18432,3,8,1,warm,G minus F,53.934999999999945,35.05399999999986,55.899999999999864,F,-27.058727272727435,0.6123046875,exact paired sign-flip of mean; assumes exchangeable symmetric run-block differences,all server layout contrasts; exploratory,1.0
cuda,27,core,144,32,18432,3,8,1,warm,F minus D,-20.91899999999987,-28.12700000000018,-8.775999999999613,F,57.62654545454561,1.0,exact paired sign-flip of mean; assumes exchangeable symmetric run-block differences,all server layout contrasts; exploratory,1.0
cuda,27,core,144,32,18432,3,8,1,warm,E minus D,272.4380000000001,261.09999999999945,279.3810000000003,D,275.24200000000013,0.001953125,exact paired sign-flip of mean; assumes exchangeable symmetric run-block differences,all server layout contrasts; exploratory,0.7421875
cuda,28,core,144,32,18432,3,16,1,warm,E minus C,-237.3689999999997,-255.33899999999903,-191.11299999999983,E,-210.18363636363662,0.001953125,exact paired sign-flip of mean; assumes exchangeable symmetric run-block differences,all server layout contrasts; exploratory,0.7421875
cuda,28,core,144,32,18432,3,16,1,warm,D minus C,-814.2179999999998,-830.2250000000004,-803.8890000000001,D,-812.6788181818189,0.0009765625,exact paired sign-flip of mean; assumes exchangeable symmetric run-block differences,all server layout contrasts; exploratory,0.7421875
cuda,28,core,144,32,18432,3,16,1,warm,G minus F,62.84299999999894,32.20800000000145,64.33799999999883,F,51.4322727272729,0.0009765625,exact paired sign-flip of mean; assumes exchangeable symmetric run-block differences,all server layout contrasts; exploratory,0.7421875
cuda,28,core,144,32,18432,3,16,1,warm,F minus D,-9.001000000000658,-27.703999999998814,-1.9689999999991414,F,-17.881727272727115,0.0107421875,exact paired sign-flip of mean; assumes exchangeable symmetric run-block differences,all server layout contrasts; exploratory,1.0
cuda,28,core,144,32,18432,3,16,1,warm,E minus D,574.6770000000015,558.8790000000008,625.3080000000009,D,602.4951818181821,0.0009765625,exact paired sign-flip of mean; assumes exchangeable symmetric run-block differences,all server layout contrasts; exploratory,0.7421875
cuda,29,core,144,32,18432,3,32,1,warm,E minus C,-505.33400000000074,-523.9230000000025,-490.91300000000047,E,-487.09209090909116,0.0009765625,exact paired sign-flip of mean; assumes exchangeable symmetric run-block differences,all server layout contrasts; exploratory,0.7421875
cuda,29,core,144,32,18432,3,32,1,warm,D minus C,-1643.9229999999989,-1672.8970000000018,-1624.1449999999986,D,-1648.2090909090919,0.0009765625,exact paired sign-flip of mean; assumes exchangeable symmetric run-block differences,all server layout contrasts; exploratory,0.7421875
cuda,29,core,144,32,18432,3,32,1,warm,G minus F,45.99999999999818,16.33900000000176,89.79899999999998,F,60.46309090909042,0.0048828125,exact paired sign-flip of mean; assumes exchangeable symmetric run-block differences,all server layout contrasts; exploratory,0.8740234375
cuda,29,core,144,32,18432,3,32,1,warm,F minus D,-21.450000000000728,-49.58100000000104,-0.295999999999367,F,-17.399363636362647,0.177734375,exact paired sign-flip of mean; assumes exchangeable symmetric run-block differences,all server layout contrasts; exploratory,1.0
cuda,29,core,144,32,18432,3,32,1,warm,E minus D,1134.3869999999997,1113.0230000000001,1156.988000000002,D,1161.1170000000006,0.0009765625,exact paired sign-flip of mean; assumes exchangeable symmetric run-block differences,all server layout contrasts; exploratory,0.7421875
cuda,30,core,144,32,18432,3,64,1,warm,E minus C,-905.7630000000026,-989.984000000004,-852.8689999999951,E,-911.7738181818205,0.0009765625,exact paired sign-flip of mean; assumes exchangeable symmetric run-block differences,all server layout contrasts; exploratory,0.7421875
cuda,30,core,144,32,18432,3,64,1,warm,D minus C,-3280.9220000000187,-3310.2450000000044,-3228.6780000000035,D,-3278.0090000000014,0.0009765625,exact paired sign-flip of mean; assumes exchangeable symmetric run-block differences,all server layout contrasts; exploratory,0.7421875
cuda,30,core,144,32,18432,3,64,1,warm,G minus F,14.323000000005777,-20.087999999988824,59.4320000000007,unresolved,7.254090909091908,0.787109375,exact paired sign-flip of mean; assumes exchangeable symmetric run-block differences,all server layout contrasts; exploratory,1.0
cuda,30,core,144,32,18432,3,64,1,warm,F minus D,30.44499999999607,-2.813000000001921,100.52199999998265,unresolved,64.5111818181788,0.0537109375,exact paired sign-flip of mean; assumes exchangeable symmetric run-block differences,all server layout contrasts; exploratory,1.0
cuda,30,core,144,32,18432,3,64,1,warm,E minus D,2359.982000000002,2343.213000000005,2385.642999999998,D,2366.235181818181,0.0009765625,exact paired sign-flip of mean; assumes exchangeable symmetric run-block differences,all server layout contrasts; exploratory,0.7421875
cuda,31,core,144,32,18432,3,128,1,warm,E minus C,-1917.5240000000013,-2086.412999999993,-1773.7289999999557,E,-1721.056363636353,0.001953125,exact paired sign-flip of mean; assumes exchangeable symmetric run-block differences,all server layout contrasts; exploratory,0.7421875
cuda,31,core,144,32,18432,3,128,1,warm,D minus C,-6485.734,-6591.155999999995,-6458.836999999978,D,-6303.625636363635,0.0009765625,exact paired sign-flip of mean; assumes exchangeable symmetric run-block differences,all server layout contrasts; exploratory,0.7421875
cuda,31,core,144,32,18432,3,128,1,warm,G minus F,45.339000000014494,7.473000000023603,171.63399999999456,F,71.86009090909747,0.03125,exact paired sign-flip of mean; assumes exchangeable symmetric run-block differences,all server layout contrasts; exploratory,1.0
cuda,31,core,144,32,18432,3,128,1,warm,F minus D,42.01199999997334,-151.591000000004,85.6520000000055,unresolved,-172.36500000000754,0.7607421875,exact paired sign-flip of mean; assumes exchangeable symmetric run-block differences,all server layout contrasts; exploratory,1.0
cuda,31,core,144,32,18432,3,128,1,warm,E minus D,4614.269000000004,4299.900999999998,4757.363000000001,D,4582.56927272728,0.0009765625,exact paired sign-flip of mean; assumes exchangeable symmetric run-block differences,all server layout contrasts; exploratory,0.7421875
cuda,32,core,576,32,73728,1,1,1,warm,E minus C,-44.928999999999974,-55.20600000000002,-39.14499999999998,E,-48.53190909090908,0.0009765625,exact paired sign-flip of mean; assumes exchangeable symmetric run-block differences,all server layout contrasts; exploratory,0.7421875
cuda,32,core,576,32,73728,1,1,1,warm,D minus C,-31.976,-42.92599999999999,3.8170000000000073,unresolved,-22.995636363636365,0.0205078125,exact paired sign-flip of mean; assumes exchangeable symmetric run-block differences,all server layout contrasts; exploratory,1.0
cuda,32,core,576,32,73728,1,1,1,warm,G minus F,26.437999999999988,16.11099999999999,32.46300000000002,F,19.413727272727282,0.0244140625,exact paired sign-flip of mean; assumes exchangeable symmetric run-block differences,all server layout contrasts; exploratory,1.0
cuda,32,core,576,32,73728,1,1,1,warm,F minus D,-11.238000000000056,-21.41300000000001,13.42999999999995,unresolved,-9.293727272727288,0.244140625,exact paired sign-flip of mean; assumes exchangeable symmetric run-block differences,all server layout contrasts; exploratory,1.0
cuda,32,core,576,32,73728,1,1,1,warm,E minus D,-12.28000000000003,-48.4620000000001,-9.298999999999978,E,-25.536272727272717,0.0029296875,exact paired sign-flip of mean; assumes exchangeable symmetric run-block differences,all server layout contrasts; exploratory,0.7421875
cuda,33,core,576,32,73728,1,2,1,warm,E minus C,-49.025000000000034,-75.13900000000001,-41.72399999999999,E,-55.67072727272728,0.0009765625,exact paired sign-flip of mean; assumes exchangeable symmetric run-block differences,all server layout contrasts; exploratory,0.7421875
cuda,33,core,576,32,73728,1,2,1,warm,D minus C,-50.956999999999994,-64.99800000000005,-38.309000000000026,D,-50.270454545454534,0.0009765625,exact paired sign-flip of mean; assumes exchangeable symmetric run-block differences,all server layout contrasts; exploratory,0.7421875
cuda,33,core,576,32,73728,1,2,1,warm,G minus F,15.395999999999958,8.838999999999942,26.772999999999968,F,15.475909090909077,0.0048828125,exact paired sign-flip of mean; assumes exchangeable symmetric run-block differences,all server layout contrasts; exploratory,0.8740234375
cuda,33,core,576,32,73728,1,2,1,warm,F minus D,-6.871999999999957,-22.127999999999986,10.702999999999975,unresolved,-4.793545454545458,0.3203125,exact paired sign-flip of mean; assumes exchangeable symmetric run-block differences,all server layout contrasts; exploratory,1.0
cuda,33,core,576,32,73728,1,2,1,warm,E minus D,-4.771999999999991,-13.968999999999994,0.26600000000001955,unresolved,-5.400272727272724,0.1318359375,exact paired sign-flip of mean; assumes exchangeable symmetric run-block differences,all server layout contrasts; exploratory,1.0
cuda,34,core,576,32,73728,1,4,1,warm,E minus C,-85.84700000000004,-98.47799999999995,-84.43399999999997,E,-89.84445454545454,0.0009765625,exact paired sign-flip of mean; assumes exchangeable symmetric run-block differences,all server layout contrasts; exploratory,0.7421875
cuda,34,core,576,32,73728,1,4,1,warm,D minus C,-81.82699999999994,-108.98000000000002,-76.55599999999998,D,-86.0091818181818,0.0009765625,exact paired sign-flip of mean; assumes exchangeable symmetric run-block differences,all server layout contrasts; exploratory,0.7421875
cuda,34,core,576,32,73728,1,4,1,warm,G minus F,13.44599999999997,4.995000000000118,21.06800000000004,F,10.656636363636364,0.0419921875,exact paired sign-flip of mean; assumes exchangeable symmetric run-block differences,all server layout contrasts; exploratory,1.0
cuda,34,core,576,32,73728,1,4,1,warm,F minus D,1.6919999999998936,-11.94500000000005,10.305999999999926,unresolved,-1.0002727272727414,0.8251953125,exact paired sign-flip of mean; assumes exchangeable symmetric run-block differences,all server layout contrasts; exploratory,1.0
cuda,34,core,576,32,73728,1,4,1,warm,E minus D,-5.0359999999999445,-11.172999999999945,9.259999999999991,unresolved,-3.8352727272727365,0.3173828125,exact paired sign-flip of mean; assumes exchangeable symmetric run-block differences,all server layout contrasts; exploratory,1.0
cuda,35,core,576,32,73728,1,8,1,warm,E minus C,-144.58400000000017,-152.73700000000008,-141.57100000000014,E,-158.61154545454553,0.0009765625,exact paired sign-flip of mean; assumes exchangeable symmetric run-block differences,all server layout contrasts; exploratory,0.7421875
cuda,35,core,576,32,73728,1,8,1,warm,D minus C,-149.005,-151.4269999999999,-139.67700000000002,D,-146.32881818181815,0.0009765625,exact paired sign-flip of mean; assumes exchangeable symmetric run-block differences,all server layout contrasts; exploratory,0.7421875
cuda,35,core,576,32,73728,1,8,1,warm,G minus F,10.617999999999938,-13.234000000000037,16.304000000000087,unresolved,-6.738272727272726,0.900390625,exact paired sign-flip of mean; assumes exchangeable symmetric run-block differences,all server layout contrasts; exploratory,1.0
cuda,35,core,576,32,73728,1,8,1,warm,F minus D,0.6209999999998672,-11.01600000000019,9.085000000000036,unresolved,1.0140909090908137,0.7724609375,exact paired sign-flip of mean; assumes exchangeable symmetric run-block differences,all server layout contrasts; exploratory,1.0
cuda,35,core,576,32,73728,1,8,1,warm,E minus D,3.945999999999799,-14.22800000000018,8.540000000000077,unresolved,-12.282727272727346,0.4375,exact paired sign-flip of mean; assumes exchangeable symmetric run-block differences,all server layout contrasts; exploratory,1.0
cuda,36,core,576,32,73728,1,16,1,warm,E minus C,-290.53300000000013,-296.789,-279.88300000000004,E,-289.75663636363646,0.0009765625,exact paired sign-flip of mean; assumes exchangeable symmetric run-block differences,all server layout contrasts; exploratory,0.7421875
cuda,36,core,576,32,73728,1,16,1,warm,D minus C,-282.6959999999999,-298.0920000000001,-273.0039999999999,D,-283.0830000000001,0.0009765625,exact paired sign-flip of mean; assumes exchangeable symmetric run-block differences,all server layout contrasts; exploratory,0.7421875
cuda,36,core,576,32,73728,1,16,1,warm,G minus F,6.981999999999516,-1.9419999999995525,17.007999999999583,unresolved,6.4878181818181595,0.111328125,exact paired sign-flip of mean; assumes exchangeable symmetric run-block differences,all server layout contrasts; exploratory,1.0
cuda,36,core,576,32,73728,1,16,1,warm,F minus D,4.900000000000091,-12.50200000000018,10.18300000000022,unresolved,-2.5208181818181856,0.5576171875,exact paired sign-flip of mean; assumes exchangeable symmetric run-block differences,all server layout contrasts; exploratory,1.0
cuda,36,core,576,32,73728,1,16,1,warm,E minus D,-7.8370000000002165,-12.478000000000065,0.7730000000001382,unresolved,-6.673636363636413,0.0224609375,exact paired sign-flip of mean; assumes exchangeable symmetric run-block differences,all server layout contrasts; exploratory,1.0
cuda,37,core,576,32,73728,1,32,1,warm,E minus C,-574.9000000000005,-585.5090000000014,-552.5400000000009,E,-571.9409090909091,0.0009765625,exact paired sign-flip of mean; assumes exchangeable symmetric run-block differences,all server layout contrasts; exploratory,0.7421875
cuda,37,core,576,32,73728,1,32,1,warm,D minus C,-559.998,-582.4640000000004,-550.7429999999995,D,-564.4863636363635,0.0009765625,exact paired sign-flip of mean; assumes exchangeable symmetric run-block differences,all server layout contrasts; exploratory,0.7421875
cuda,37,core,576,32,73728,1,32,1,warm,G minus F,5.54700000000048,2.975999999999658,23.150999999999385,F,9.640999999999993,0.08984375,exact paired sign-flip of mean; assumes exchangeable symmetric run-block differences,all server layout contrasts; exploratory,1.0
cuda,37,core,576,32,73728,1,32,1,warm,F minus D,-6.4180000000010295,-24.81899999999996,-0.7879999999991014,F,-7.594363636363472,0.1591796875,exact paired sign-flip of mean; assumes exchangeable symmetric run-block differences,all server layout contrasts; exploratory,1.0
cuda,37,core,576,32,73728,1,32,1,warm,E minus D,-5.828999999998359,-16.55099999999993,2.814999999999145,unresolved,-7.454545454545496,0.0556640625,exact paired sign-flip of mean; assumes exchangeable symmetric run-block differences,all server layout contrasts; exploratory,1.0
cuda,38,core,576,32,73728,1,64,1,warm,E minus C,-1105.0309999999963,-1128.7810000000018,-1093.6179999999995,E,-1107.9932727272724,0.0009765625,exact paired sign-flip of mean; assumes exchangeable symmetric run-block differences,all server layout contrasts; exploratory,0.7421875
cuda,38,core,576,32,73728,1,64,1,warm,D minus C,-1111.1710000000012,-1137.2169999999987,-1099.4779999999982,D,-1115.483545454545,0.0009765625,exact paired sign-flip of mean; assumes exchangeable symmetric run-block differences,all server layout contrasts; exploratory,0.7421875
cuda,38,core,576,32,73728,1,64,1,warm,G minus F,1.2320000000017899,-9.307000000000698,31.172999999999774,unresolved,11.08054545454508,0.2509765625,exact paired sign-flip of mean; assumes exchangeable symmetric run-block differences,all server layout contrasts; exploratory,1.0
cuda,38,core,576,32,73728,1,64,1,warm,F minus D,-16.985000000000582,-25.336999999998625,10.167000000000371,unresolved,-8.885545454545452,0.16015625,exact paired sign-flip of mean; assumes exchangeable symmetric run-block differences,all server layout contrasts; exploratory,1.0
cuda,38,core,576,32,73728,1,64,1,warm,E minus D,1.1759999999994761,-16.531999999999243,35.24399999999969,unresolved,7.490272727272813,0.494140625,exact paired sign-flip of mean; assumes exchangeable symmetric run-block differences,all server layout contrasts; exploratory,1.0
cuda,39,core,576,32,73728,1,128,1,warm,E minus C,-2256.5949999999993,-2284.038999999995,-2216.1460000000025,E,-2245.4463636363635,0.0009765625,exact paired sign-flip of mean; assumes exchangeable symmetric run-block differences,all server layout contrasts; exploratory,0.7421875
cuda,39,core,576,32,73728,1,128,1,warm,D minus C,-2244.731999999998,-2263.159999999996,-2211.903000000004,D,-2242.3424545454545,0.0009765625,exact paired sign-flip of mean; assumes exchangeable symmetric run-block differences,all server layout contrasts; exploratory,0.7421875
cuda,39,core,576,32,73728,1,128,1,warm,G minus F,-7.956000000000131,-30.624000000001615,31.23899999999776,unresolved,-5.771090909092726,0.708984375,exact paired sign-flip of mean; assumes exchangeable symmetric run-block differences,all server layout contrasts; exploratory,1.0
cuda,39,core,576,32,73728,1,128,1,warm,F minus D,-9.741000000001804,-44.252000000002226,53.456999999998516,unresolved,2.870090909090736,0.8603515625,exact paired sign-flip of mean; assumes exchangeable symmetric run-block differences,all server layout contrasts; exploratory,1.0
cuda,39,core,576,32,73728,1,128,1,warm,E minus D,-8.06500000000051,-64.55000000000109,25.735999999997148,unresolved,-3.103909090908763,0.8994140625,exact paired sign-flip of mean; assumes exchangeable symmetric run-block differences,all server layout contrasts; exploratory,1.0
cuda,40,core,576,32,73728,3,1,1,warm,E minus C,-31.33000000000004,-41.287000000000035,-24.65500000000003,E,-31.658000000000026,0.0009765625,exact paired sign-flip of mean; assumes exchangeable symmetric run-block differences,all server layout contrasts; exploratory,0.7421875
cuda,40,core,576,32,73728,3,1,1,warm,D minus C,-50.011000000000024,-58.64999999999998,-47.236999999999966,D,-52.241363636363644,0.0009765625,exact paired sign-flip of mean; assumes exchangeable symmetric run-block differences,all server layout contrasts; exploratory,0.7421875
cuda,40,core,576,32,73728,3,1,1,warm,G minus F,52.735000000000014,49.601000000000056,59.999000000000024,F,54.83645454545456,0.0009765625,exact paired sign-flip of mean; assumes exchangeable symmetric run-block differences,all server layout contrasts; exploratory,0.7421875
cuda,40,core,576,32,73728,3,1,1,warm,F minus D,-18.93300000000005,-23.325000000000045,-13.879000000000019,F,-17.652454545454564,0.0009765625,exact paired sign-flip of mean; assumes exchangeable symmetric run-block differences,all server layout contrasts; exploratory,0.7421875
cuda,40,core,576,32,73728,3,1,1,warm,E minus D,18.270999999999958,15.906999999999925,26.55699999999996,D,20.583363636363618,0.0009765625,exact paired sign-flip of mean; assumes exchangeable symmetric run-block differences,all server layout contrasts; exploratory,0.7421875
cuda,41,core,576,32,73728,3,2,1,warm,E minus C,-37.107000000000085,-46.79899999999998,-30.370999999999867,E,-38.569999999999965,0.0009765625,exact paired sign-flip of mean; assumes exchangeable symmetric run-block differences,all server layout contrasts; exploratory,0.7421875
cuda,41,core,576,32,73728,3,2,1,warm,D minus C,-98.25099999999986,-110.19899999999996,-94.38700000000006,D,-100.99881818181817,0.0009765625,exact paired sign-flip of mean; assumes exchangeable symmetric run-block differences,all server layout contrasts; exploratory,0.7421875
cuda,41,core,576,32,73728,3,2,1,warm,G minus F,52.96999999999986,50.6280000000001,60.771999999999935,F,55.59172727272726,0.0009765625,exact paired sign-flip of mean; assumes exchangeable symmetric run-block differences,all server layout contrasts; exploratory,0.7421875
cuda,41,core,576,32,73728,3,2,1,warm,F minus D,-17.283999999999992,-27.740999999999985,-13.980999999999824,F,-19.8351818181818,0.0009765625,exact paired sign-flip of mean; assumes exchangeable symmetric run-block differences,all server layout contrasts; exploratory,0.7421875
cuda,41,core,576,32,73728,3,2,1,warm,E minus D,59.803999999999974,56.716999999999985,69.72900000000004,D,62.4288181818182,0.0009765625,exact paired sign-flip of mean; assumes exchangeable symmetric run-block differences,all server layout contrasts; exploratory,0.7421875
cuda,42,core,576,32,73728,3,4,1,warm,E minus C,-71.53400000000033,-83.15100000000007,-69.9340000000002,E,-74.22436363636365,0.0009765625,exact paired sign-flip of mean; assumes exchangeable symmetric run-block differences,all server layout contrasts; exploratory,0.7421875
cuda,42,core,576,32,73728,3,4,1,warm,D minus C,-212.56399999999962,-221.1600000000002,-202.99499999999978,D,-211.50509090909088,0.0009765625,exact paired sign-flip of mean; assumes exchangeable symmetric run-block differences,all server layout contrasts; exploratory,0.7421875
cuda,42,core,576,32,73728,3,4,1,warm,G minus F,57.474999999999795,49.044000000000096,59.646000000000186,F,54.59145454545453,0.0009765625,exact paired sign-flip of mean; assumes exchangeable symmetric run-block differences,all server layout contrasts; exploratory,0.7421875
cuda,42,core,576,32,73728,3,4,1,warm,F minus D,-15.74499999999989,-19.217999999999847,-10.686000000000263,F,-15.0510909090909,0.0009765625,exact paired sign-flip of mean; assumes exchangeable symmetric run-block differences,all server layout contrasts; exploratory,0.7421875
cuda,42,core,576,32,73728,3,4,1,warm,E minus D,139.66000000000008,131.1719999999999,144.75700000000006,D,137.28072727272723,0.0009765625,exact paired sign-flip of mean; assumes exchangeable symmetric run-block differences,all server layout contrasts; exploratory,0.7421875
cuda,43,core,576,32,73728,3,8,1,warm,E minus C,-139.50900000000047,-158.34299999999985,-109.23800000000074,E,-140.86681818181822,0.0009765625,exact paired sign-flip of mean; assumes exchangeable symmetric run-block differences,all server layout contrasts; exploratory,0.7421875
cuda,43,core,576,32,73728,3,8,1,warm,D minus C,-416.5650000000005,-462.41399999999976,-398.6999999999996,D,-429.5039090909091,0.0009765625,exact paired sign-flip of mean; assumes exchangeable symmetric run-block differences,all server layout contrasts; exploratory,0.7421875
cuda,43,core,576,32,73728,3,8,1,warm,G minus F,44.24599999999964,32.544000000000324,54.670999999999594,F,42.5998181818182,0.0009765625,exact paired sign-flip of mean; assumes exchangeable symmetric run-block differences,all server layout contrasts; exploratory,0.7421875
cuda,43,core,576,32,73728,3,8,1,warm,F minus D,-12.952999999999975,-23.0750000000005,0.6330000000000382,unresolved,-7.759181818181932,0.1875,exact paired sign-flip of mean; assumes exchangeable symmetric run-block differences,all server layout contrasts; exploratory,1.0
cuda,43,core,576,32,73728,3,8,1,warm,E minus D,286.9929999999995,277.05600000000004,315.13400000000024,D,288.6370909090909,0.0009765625,exact paired sign-flip of mean; assumes exchangeable symmetric run-block differences,all server layout contrasts; exploratory,0.7421875
cuda,44,core,576,32,73728,3,16,1,warm,E minus C,-256.32400000000234,-286.3479999999986,-235.50900000000001,E,-256.44827272727315,0.0009765625,exact paired sign-flip of mean; assumes exchangeable symmetric run-block differences,all server layout contrasts; exploratory,0.7421875
cuda,44,core,576,32,73728,3,16,1,warm,D minus C,-871.2000000000007,-885.927000000001,-839.8130000000024,D,-863.3486363636367,0.0009765625,exact paired sign-flip of mean; assumes exchangeable symmetric run-block differences,all server layout contrasts; exploratory,0.7421875
cuda,44,core,576,32,73728,3,16,1,warm,G minus F,55.528999999999996,18.9129999999991,78.95999999999958,F,52.13154545454538,0.001953125,exact paired sign-flip of mean; assumes exchangeable symmetric run-block differences,all server layout contrasts; exploratory,0.7421875
cuda,44,core,576,32,73728,3,16,1,warm,F minus D,-6.7029999999999745,-29.02899999999954,18.82700000000068,unresolved,-8.28027272727232,0.3779296875,exact paired sign-flip of mean; assumes exchangeable symmetric run-block differences,all server layout contrasts; exploratory,1.0
cuda,44,core,576,32,73728,3,16,1,warm,E minus D,609.2519999999995,583.489,642.3269999999989,D,606.9003636363636,0.0009765625,exact paired sign-flip of mean; assumes exchangeable symmetric run-block differences,all server layout contrasts; exploratory,0.7421875
cuda,45,core,576,32,73728,3,32,1,warm,E minus C,-523.3689999999988,-536.4739999999974,-480.59200000000055,E,-507.86481818181784,0.0009765625,exact paired sign-flip of mean; assumes exchangeable symmetric run-block differences,all server layout contrasts; exploratory,0.7421875
cuda,45,core,576,32,73728,3,32,1,warm,D minus C,-1715.5909999999994,-1729.7649999999985,-1670.2459999999992,D,-1704.918272727273,0.0009765625,exact paired sign-flip of mean; assumes exchangeable symmetric run-block differences,all server layout contrasts; exploratory,0.7421875
cuda,45,core,576,32,73728,3,32,1,warm,G minus F,38.357999999997446,5.880000000003747,51.151999999997315,F,23.183363636363126,0.0693359375,exact paired sign-flip of mean; assumes exchangeable symmetric run-block differences,all server layout contrasts; exploratory,1.0
cuda,45,core,576,32,73728,3,32,1,warm,F minus D,1.9380000000019209,-33.35999999999876,33.81800000000203,unresolved,4.318090909092296,0.75390625,exact paired sign-flip of mean; assumes exchangeable symmetric run-block differences,all server layout contrasts; exploratory,1.0
cuda,45,core,576,32,73728,3,32,1,warm,E minus D,1196.376000000002,1169.7620000000043,1230.383999999999,D,1197.0534545454552,0.0009765625,exact paired sign-flip of mean; assumes exchangeable symmetric run-block differences,all server layout contrasts; exploratory,0.7421875
cuda,46,core,576,32,73728,3,64,1,warm,E minus C,-1031.7469999999976,-1072.5599999999995,-1021.4559999999874,E,-1048.1252727272756,0.0009765625,exact paired sign-flip of mean; assumes exchangeable symmetric run-block differences,all server layout contrasts; exploratory,0.7421875
cuda,46,core,576,32,73728,3,64,1,warm,D minus C,-3387.837999999996,-3465.787999999995,-3345.6250000000036,D,-3404.9495454545486,0.0009765625,exact paired sign-flip of mean; assumes exchangeable symmetric run-block differences,all server layout contrasts; exploratory,0.7421875
cuda,46,core,576,32,73728,3,64,1,warm,G minus F,23.42699999999968,-31.921999999989566,73.99599999999919,unresolved,25.650818181821126,0.23828125,exact paired sign-flip of mean; assumes exchangeable symmetric run-block differences,all server layout contrasts; exploratory,1.0
cuda,46,core,576,32,73728,3,64,1,warm,F minus D,21.370999999995547,-20.323000000003958,92.84999999998581,unresolved,26.444090909088118,0.2607421875,exact paired sign-flip of mean; assumes exchangeable symmetric run-block differences,all server layout contrasts; exploratory,1.0
cuda,46,core,576,32,73728,3,64,1,warm,E minus D,2360.8420000000006,2312.052999999989,2381.882999999998,D,2356.8242727272727,0.0009765625,exact paired sign-flip of mean; assumes exchangeable symmetric run-block differences,all server layout contrasts; exploratory,0.7421875
cuda,47,core,576,32,73728,3,128,1,warm,E minus C,-2139.636999999959,-2217.207999999984,-2045.0100000000093,E,-1420.9823636363506,0.05859375,exact paired sign-flip of mean; assumes exchangeable symmetric run-block differences,all server layout contrasts; exploratory,1.0
cuda,47,core,576,32,73728,3,128,1,warm,D minus C,-7140.195999999996,-7703.70399999998,-6757.170000000031,D,-7719.4669090909,0.0009765625,exact paired sign-flip of mean; assumes exchangeable symmetric run-block differences,all server layout contrasts; exploratory,0.7421875
cuda,47,core,576,32,73728,3,128,1,warm,G minus F,80.61600000001636,-59.64999999999418,153.37299999997776,unresolved,-3067.3780909090856,0.9736328125,exact paired sign-flip of mean; assumes exchangeable symmetric run-block differences,all server layout contrasts; exploratory,1.0
cuda,47,core,576,32,73728,3,128,1,warm,F minus D,55.14199999998527,-56.02899999992951,192.42100000000937,unresolved,3202.259636363643,0.267578125,exact paired sign-flip of mean; assumes exchangeable symmetric run-block differences,all server layout contrasts; exploratory,1.0
cuda,47,core,576,32,73728,3,128,1,warm,E minus D,4946.3030000000035,4717.034,5373.976000000042,D,6298.484545454548,0.0009765625,exact paired sign-flip of mean; assumes exchangeable symmetric run-block differences,all server layout contrasts; exploratory,0.7421875
cuda,48,core,2304,32,294912,1,1,1,warm,E minus C,-20.363,-22.314999999999998,-15.986999999999995,E,-18.10718181818182,0.0009765625,exact paired sign-flip of mean; assumes exchangeable symmetric run-block differences,all server layout contrasts; exploratory,0.7421875
cuda,48,core,2304,32,294912,1,1,1,warm,D minus C,-20.46199999999999,-21.745000000000005,-9.204000000000008,D,-16.645545454545456,0.0009765625,exact paired sign-flip of mean; assumes exchangeable symmetric run-block differences,all server layout contrasts; exploratory,0.7421875
cuda,48,core,2304,32,294912,1,1,1,warm,G minus F,7.180999999999983,2.4279999999999973,14.943000000000012,F,7.83536363636363,0.001953125,exact paired sign-flip of mean; assumes exchangeable symmetric run-block differences,all server layout contrasts; exploratory,0.7421875
cuda,48,core,2304,32,294912,1,1,1,warm,F minus D,0.06299999999998818,-15.635999999999967,3.255000000000024,unresolved,-3.8826363636363563,0.2470703125,exact paired sign-flip of mean; assumes exchangeable symmetric run-block differences,all server layout contrasts; exploratory,1.0
cuda,48,core,2304,32,294912,1,1,1,warm,E minus D,-0.12199999999998568,-3.1219999999999857,1.875,unresolved,-1.4616363636363638,0.3916015625,exact paired sign-flip of mean; assumes exchangeable symmetric run-block differences,all server layout contrasts; exploratory,1.0
cuda,49,core,2304,32,294912,1,2,1,warm,E minus C,-48.86200000000002,-52.156000000000006,-39.46600000000001,E,-46.30163636363637,0.0009765625,exact paired sign-flip of mean; assumes exchangeable symmetric run-block differences,all server layout contrasts; exploratory,0.7421875
cuda,49,core,2304,32,294912,1,2,1,warm,D minus C,-41.073000000000036,-52.27799999999996,-34.688999999999965,D,-42.30318181818183,0.0009765625,exact paired sign-flip of mean; assumes exchangeable symmetric run-block differences,all server layout contrasts; exploratory,0.7421875
cuda,49,core,2304,32,294912,1,2,1,warm,G minus F,3.8780000000000427,0.7280000000000086,12.316000000000031,F,5.225454545454557,0.0703125,exact paired sign-flip of mean; assumes exchangeable symmetric run-block differences,all server layout contrasts; exploratory,1.0
cuda,49,core,2304,32,294912,1,2,1,warm,F minus D,-1.308999999999969,-3.57000000000005,2.9639999999999986,unresolved,-0.22436363636364315,0.8916015625,exact paired sign-flip of mean; assumes exchangeable symmetric run-block differences,all server layout contrasts; exploratory,1.0
cuda,49,core,2304,32,294912,1,2,1,warm,E minus D,-2.8150000000000546,-8.02600000000001,2.4220000000000255,unresolved,-3.998454545454541,0.1064453125,exact paired sign-flip of mean; assumes exchangeable symmetric run-block differences,all server layout contrasts; exploratory,1.0
cuda,50,core,2304,32,294912,1,4,1,warm,E minus C,-84.16399999999993,-90.63099999999997,-82.56400000000002,E,-83.507,0.0009765625,exact paired sign-flip of mean; assumes exchangeable symmetric run-block differences,all server layout contrasts; exploratory,0.7421875
cuda,50,core,2304,32,294912,1,4,1,warm,D minus C,-85.66599999999994,-92.43700000000013,-80.13599999999991,D,-86.35763636363636,0.0009765625,exact paired sign-flip of mean; assumes exchangeable symmetric run-block differences,all server layout contrasts; exploratory,0.7421875
cuda,50,core,2304,32,294912,1,4,1,warm,G minus F,4.596000000000117,-0.9430000000000405,10.515999999999963,unresolved,5.770272727272749,0.0732421875,exact paired sign-flip of mean; assumes exchangeable symmetric run-block differences,all server layout contrasts; exploratory,1.0
cuda,50,core,2304,32,294912,1,4,1,warm,F minus D,1.940999999999974,-1.629000000000076,8.79200000000003,unresolved,3.1580909090908915,0.1328125,exact paired sign-flip of mean; assumes exchangeable symmetric run-block differences,all server layout contrasts; exploratory,1.0
cuda,50,core,2304,32,294912,1,4,1,warm,E minus D,1.5020000000000095,-3.2649999999999864,7.872000000000071,unresolved,2.8506363636363714,0.2080078125,exact paired sign-flip of mean; assumes exchangeable symmetric run-block differences,all server layout contrasts; exploratory,1.0
cuda,51,core,2304,32,294912,1,8,1,warm,E minus C,-141.765,-163.84399999999994,-132.98599999999988,E,-149.23845454545452,0.0009765625,exact paired sign-flip of mean; assumes exchangeable symmetric run-block differences,all server layout contrasts; exploratory,0.7421875
cuda,51,core,2304,32,294912,1,8,1,warm,D minus C,-136.50599999999986,-147.55399999999997,-134.64499999999998,D,-141.62772727272727,0.0009765625,exact paired sign-flip of mean; assumes exchangeable symmetric run-block differences,all server layout contrasts; exploratory,0.7421875
cuda,51,core,2304,32,294912,1,8,1,warm,G minus F,6.638999999999896,0.789000000000101,11.423999999999978,F,5.135999999999988,0.109375,exact paired sign-flip of mean; assumes exchangeable symmetric run-block differences,all server layout contrasts; exploratory,1.0
cuda,51,core,2304,32,294912,1,8,1,warm,F minus D,-6.694999999999823,-15.025000000000091,5.495999999999981,unresolved,-15.074636363636335,0.0673828125,exact paired sign-flip of mean; assumes exchangeable symmetric run-block differences,all server layout contrasts; exploratory,1.0
cuda,51,core,2304,32,294912,1,8,1,warm,E minus D,-2.6579999999999018,-18.20900000000006,5.373000000000161,unresolved,-7.610727272727249,0.0859375,exact paired sign-flip of mean; assumes exchangeable symmetric run-block differences,all server layout contrasts; exploratory,1.0
cuda,52,core,2304,32,294912,1,16,1,warm,E minus C,-291.6329999999998,-298.07100000000014,-284.77999999999975,E,-290.4522727272727,0.0009765625,exact paired sign-flip of mean; assumes exchangeable symmetric run-block differences,all server layout contrasts; exploratory,0.7421875
cuda,52,core,2304,32,294912,1,16,1,warm,D minus C,-274.8209999999999,-288.16599999999994,-261.8370000000002,D,-275.30845454545465,0.0009765625,exact paired sign-flip of mean; assumes exchangeable symmetric run-block differences,all server layout contrasts; exploratory,0.7421875
cuda,52,core,2304,32,294912,1,16,1,warm,G minus F,10.316000000000486,0.8919999999998254,20.08499999999981,F,10.983272727272771,0.0205078125,exact paired sign-flip of mean; assumes exchangeable symmetric run-block differences,all server layout contrasts; exploratory,1.0
cuda,52,core,2304,32,294912,1,16,1,warm,F minus D,-14.519999999999982,-24.534999999999854,-1.9610000000000127,F,-11.390909090909066,0.037109375,exact paired sign-flip of mean; assumes exchangeable symmetric run-block differences,all server layout contrasts; exploratory,1.0
cuda,52,core,2304,32,294912,1,16,1,warm,E minus D,-18.282000000000153,-32.150999999999385,-1.9920000000001892,E,-15.14381818181813,0.009765625,exact paired sign-flip of mean; assumes exchangeable symmetric run-block differences,all server layout contrasts; exploratory,1.0
cuda,53,core,2304,32,294912,1,32,1,warm,E minus C,-551.0539999999992,-564.8900000000008,-537.1640000000011,E,-554.1662727272732,0.0009765625,exact paired sign-flip of mean; assumes exchangeable symmetric run-block differences,all server layout contrasts; exploratory,0.7421875
cuda,53,core,2304,32,294912,1,32,1,warm,D minus C,-540.98,-549.2420000000006,-522.4879999999998,D,-540.7369090909094,0.0009765625,exact paired sign-flip of mean; assumes exchangeable symmetric run-block differences,all server layout contrasts; exploratory,0.7421875
cuda,53,core,2304,32,294912,1,32,1,warm,G minus F,11.631999999999607,-3.1900000000000546,16.44900000000098,unresolved,7.253909090909226,0.0830078125,exact paired sign-flip of mean; assumes exchangeable symmetric run-block differences,all server layout contrasts; exploratory,1.0
cuda,53,core,2304,32,294912,1,32,1,warm,F minus D,-8.786000000000058,-15.434000000000651,-2.014000000001033,F,-7.988636363636363,0.1552734375,exact paired sign-flip of mean; assumes exchangeable symmetric run-block differences,all server layout contrasts; exploratory,1.0
cuda,53,core,2304,32,294912,1,32,1,warm,E minus D,-14.097000000001117,-19.4650000000006,-8.955999999999221,E,-13.429363636363673,0.001953125,exact paired sign-flip of mean; assumes exchangeable symmetric run-block differences,all server layout contrasts; exploratory,0.7421875
cuda,54,core,2304,32,294912,1,64,1,warm,E minus C,-1117.0960000000005,-1150.3129999999992,-1095.6820000000007,E,-1125.3650909090904,0.0009765625,exact paired sign-flip of mean; assumes exchangeable symmetric run-block differences,all server layout contrasts; exploratory,0.7421875
cuda,54,core,2304,32,294912,1,64,1,warm,D minus C,-1117.344000000001,-1134.1929999999966,-1094.2189999999982,D,-1120.369636363636,0.0009765625,exact paired sign-flip of mean; assumes exchangeable symmetric run-block differences,all server layout contrasts; exploratory,0.7421875
cuda,54,core,2304,32,294912,1,64,1,warm,G minus F,9.711999999999534,-15.680999999998676,15.286000000000058,unresolved,-1.2290909090911142,0.8837890625,exact paired sign-flip of mean; assumes exchangeable symmetric run-block differences,all server layout contrasts; exploratory,1.0
cuda,54,core,2304,32,294912,1,64,1,warm,F minus D,-11.140999999999622,-31.69500000000062,3.3820000000005166,unresolved,-14.453909090908962,0.0390625,exact paired sign-flip of mean; assumes exchangeable symmetric run-block differences,all server layout contrasts; exploratory,1.0
cuda,54,core,2304,32,294912,1,64,1,warm,E minus D,-9.922999999996136,-33.50500000000102,17.857999999998356,unresolved,-4.995454545454612,0.5927734375,exact paired sign-flip of mean; assumes exchangeable symmetric run-block differences,all server layout contrasts; exploratory,1.0
cuda,55,core,2304,32,294912,1,128,1,warm,E minus C,-2218.118999999999,-2238.616999999991,-2189.3660000000054,E,-2217.93309090909,0.0009765625,exact paired sign-flip of mean; assumes exchangeable symmetric run-block differences,all server layout contrasts; exploratory,0.7421875
cuda,55,core,2304,32,294912,1,128,1,warm,D minus C,-2181.8299999999927,-2225.4869999999974,-2122.3499999999876,D,-2175.6551818181792,0.0009765625,exact paired sign-flip of mean; assumes exchangeable symmetric run-block differences,all server layout contrasts; exploratory,0.7421875
cuda,55,core,2304,32,294912,1,128,1,warm,G minus F,4.4650000000001455,-36.08100000000013,21.823999999993248,unresolved,0.4099090909087615,0.978515625,exact paired sign-flip of mean; assumes exchangeable symmetric run-block differences,all server layout contrasts; exploratory,1.0
cuda,55,core,2304,32,294912,1,128,1,warm,F minus D,-15.806000000002314,-60.835999999992055,25.207999999991443,unresolved,-22.550454545454077,0.1376953125,exact paired sign-flip of mean; assumes exchangeable symmetric run-block differences,all server layout contrasts; exploratory,1.0
cuda,55,core,2304,32,294912,1,128,1,warm,E minus D,-46.23899999999776,-80.72900000000118,-7.6120000000028085,E,-42.277909090910974,0.0166015625,exact paired sign-flip of mean; assumes exchangeable symmetric run-block differences,all server layout contrasts; exploratory,1.0
cuda,56,core,2304,32,294912,3,1,1,warm,E minus C,-24.114999999999952,-29.521999999999935,-14.065999999999974,E,-23.1611818181818,0.0009765625,exact paired sign-flip of mean; assumes exchangeable symmetric run-block differences,all server layout contrasts; exploratory,0.7421875
cuda,56,core,2304,32,294912,3,1,1,warm,D minus C,-53.420999999999935,-57.037999999999954,-49.801999999999964,D,-52.73836363636362,0.0009765625,exact paired sign-flip of mean; assumes exchangeable symmetric run-block differences,all server layout contrasts; exploratory,0.7421875
cuda,56,core,2304,32,294912,3,1,1,warm,G minus F,44.88599999999997,41.72000000000003,56.646999999999935,F,69.44036363636366,0.0009765625,exact paired sign-flip of mean; assumes exchangeable symmetric run-block differences,all server layout contrasts; exploratory,0.7421875
cuda,56,core,2304,32,294912,3,1,1,warm,F minus D,-11.275999999999954,-14.448000000000093,-8.656999999999982,F,-12.58818181818183,0.0009765625,exact paired sign-flip of mean; assumes exchangeable symmetric run-block differences,all server layout contrasts; exploratory,0.7421875
cuda,56,core,2304,32,294912,3,1,1,warm,E minus D,30.54800000000006,24.446000000000026,34.26800000000003,D,29.57718181818183,0.0009765625,exact paired sign-flip of mean; assumes exchangeable symmetric run-block differences,all server layout contrasts; exploratory,0.7421875
cuda,57,core,2304,32,294912,3,2,1,warm,E minus C,-40.51100000000008,-49.180000000000064,-29.19200000000012,E,-39.72845454545459,0.0009765625,exact paired sign-flip of mean; assumes exchangeable symmetric run-block differences,all server layout contrasts; exploratory,0.7421875
cuda,57,core,2304,32,294912,3,2,1,warm,D minus C,-106.12800000000004,-108.74700000000007,-103.90300000000002,D,-105.07390909090914,0.0009765625,exact paired sign-flip of mean; assumes exchangeable symmetric run-block differences,all server layout contrasts; exploratory,0.7421875
cuda,57,core,2304,32,294912,3,2,1,warm,G minus F,42.577999999999975,36.221000000000004,48.14599999999996,F,42.16336363636364,0.0009765625,exact paired sign-flip of mean; assumes exchangeable symmetric run-block differences,all server layout contrasts; exploratory,0.7421875
cuda,57,core,2304,32,294912,3,2,1,warm,F minus D,-6.736999999999966,-11.967999999999961,-3.9360000000000355,F,-7.582454545454528,0.00390625,exact paired sign-flip of mean; assumes exchangeable symmetric run-block differences,all server layout contrasts; exploratory,0.7421875
cuda,57,core,2304,32,294912,3,2,1,warm,E minus D,63.39199999999994,57.219999999999914,76.93599999999992,D,65.34545454545454,0.0009765625,exact paired sign-flip of mean; assumes exchangeable symmetric run-block differences,all server layout contrasts; exploratory,0.7421875
cuda,58,core,2304,32,294912,3,4,1,warm,E minus C,-69.3009999999997,-77.09799999999996,-50.74000000000001,E,-66.47809090909094,0.0009765625,exact paired sign-flip of mean; assumes exchangeable symmetric run-block differences,all server layout contrasts; exploratory,0.7421875
cuda,58,core,2304,32,294912,3,4,1,warm,D minus C,-214.40599999999995,-223.69700000000012,-207.76800000000014,D,-214.07645454545462,0.0009765625,exact paired sign-flip of mean; assumes exchangeable symmetric run-block differences,all server layout contrasts; exploratory,0.7421875
cuda,58,core,2304,32,294912,3,4,1,warm,G minus F,46.73700000000008,41.22099999999989,57.65600000000006,F,47.81145454545455,0.0009765625,exact paired sign-flip of mean; assumes exchangeable symmetric run-block differences,all server layout contrasts; exploratory,0.7421875
cuda,58,core,2304,32,294912,3,4,1,warm,F minus D,-7.83400000000006,-17.317000000000007,-2.6669999999998026,F,-8.993363636363586,0.005859375,exact paired sign-flip of mean; assumes exchangeable symmetric run-block differences,all server layout contrasts; exploratory,1.0
cuda,58,core,2304,32,294912,3,4,1,warm,E minus D,149.2370000000002,140.01199999999994,159.13100000000009,D,147.59836363636367,0.0009765625,exact paired sign-flip of mean; assumes exchangeable symmetric run-block differences,all server layout contrasts; exploratory,0.7421875
cuda,59,core,2304,32,294912,3,8,1,warm,E minus C,-128.31999999999994,-145.88400000000001,-121.95700000000079,E,-132.12518181818197,0.0009765625,exact paired sign-flip of mean; assumes exchangeable symmetric run-block differences,all server layout contrasts; exploratory,0.7421875
cuda,59,core,2304,32,294912,3,8,1,warm,D minus C,-414.7179999999996,-424.5850000000005,-412.26999999999975,D,-417.4700909090909,0.0009765625,exact paired sign-flip of mean; assumes exchangeable symmetric run-block differences,all server layout contrasts; exploratory,0.7421875
cuda,59,core,2304,32,294912,3,8,1,warm,G minus F,44.527000000000044,40.028000000000475,54.08500000000049,F,48.02099999999994,0.0009765625,exact paired sign-flip of mean; assumes exchangeable symmetric run-block differences,all server layout contrasts; exploratory,0.7421875
cuda,59,core,2304,32,294912,3,8,1,warm,F minus D,-18.535000000000082,-24.371000000000095,-12.529000000000451,F,-18.729272727272782,0.0009765625,exact paired sign-flip of mean; assumes exchangeable symmetric run-block differences,all server layout contrasts; exploratory,0.7421875
cuda,59,core,2304,32,294912,3,8,1,warm,E minus D,277.25899999999933,268.35199999999986,308.62399999999957,D,285.34490909090897,0.0009765625,exact paired sign-flip of mean; assumes exchangeable symmetric run-block differences,all server layout contrasts; exploratory,0.7421875
cuda,60,core,2304,32,294912,3,16,1,warm,E minus C,-250.8290000000011,-255.73499999999876,-228.15499999999884,E,-244.1923636363638,0.0009765625,exact paired sign-flip of mean; assumes exchangeable symmetric run-block differences,all server layout contrasts; exploratory,0.7421875
cuda,60,core,2304,32,294912,3,16,1,warm,D minus C,-849.7629999999999,-864.0889999999999,-835.5370000000016,D,-847.4411818181824,0.0009765625,exact paired sign-flip of mean; assumes exchangeable symmetric run-block differences,all server layout contrasts; exploratory,0.7421875
cuda,60,core,2304,32,294912,3,16,1,warm,G minus F,33.04500000000007,19.18600000000015,64.70199999999977,F,12.734090909091389,0.8251953125,exact paired sign-flip of mean; assumes exchangeable symmetric run-block differences,all server layout contrasts; exploratory,1.0
cuda,60,core,2304,32,294912,3,16,1,warm,F minus D,-4.228000000000975,-19.53099999999904,7.039999999999509,unresolved,18.78918181818211,0.9326171875,exact paired sign-flip of mean; assumes exchangeable symmetric run-block differences,all server layout contrasts; exploratory,1.0
cuda,60,core,2304,32,294912,3,16,1,warm,E minus D,607.7820000000006,580.3520000000012,619.4750000000008,D,603.2488181818188,0.0009765625,exact paired sign-flip of mean; assumes exchangeable symmetric run-block differences,all server layout contrasts; exploratory,0.7421875
cuda,61,core,2304,32,294912,3,32,1,warm,E minus C,-503.80100000000584,-523.3289999999952,-468.25000000000455,E,-501.3887272727272,0.0009765625,exact paired sign-flip of mean; assumes exchangeable symmetric run-block differences,all server layout contrasts; exploratory,0.7421875
cuda,61,core,2304,32,294912,3,32,1,warm,D minus C,-1666.5909999999976,-1717.4790000000012,-1649.425000000003,D,-1679.3028181818177,0.0009765625,exact paired sign-flip of mean; assumes exchangeable symmetric run-block differences,all server layout contrasts; exploratory,0.7421875
cuda,61,core,2304,32,294912,3,32,1,warm,G minus F,23.878000000006068,1.2270000000016807,57.04799999999614,F,30.952000000000886,0.0166015625,exact paired sign-flip of mean; assumes exchangeable symmetric run-block differences,all server layout contrasts; exploratory,1.0
cuda,61,core,2304,32,294912,3,32,1,warm,F minus D,11.639000000001033,-48.154999999998836,22.120999999997366,unresolved,-3.990363636364071,0.7197265625,exact paired sign-flip of mean; assumes exchangeable symmetric run-block differences,all server layout contrasts; exploratory,1.0
cuda,61,core,2304,32,294912,3,32,1,warm,E minus D,1169.6029999999973,1135.0760000000018,1236.9860000000008,D,1177.9140909090904,0.0009765625,exact paired sign-flip of mean; assumes exchangeable symmetric run-block differences,all server layout contrasts; exploratory,0.7421875
cuda,62,core,2304,32,294912,3,64,1,warm,E minus C,-1014.4250000000011,-1038.5829999999914,-956.5719999999874,E,-1010.0742727272741,0.0009765625,exact paired sign-flip of mean; assumes exchangeable symmetric run-block differences,all server layout contrasts; exploratory,0.7421875
cuda,62,core,2304,32,294912,3,64,1,warm,D minus C,-3300.0809999999947,-3357.7839999999887,-3272.9810000000107,D,-3304.4083636363634,0.0009765625,exact paired sign-flip of mean; assumes exchangeable symmetric run-block differences,all server layout contrasts; exploratory,0.7421875
cuda,62,core,2304,32,294912,3,64,1,warm,G minus F,-6.178999999998268,-57.55300000000898,73.80499999999847,unresolved,-15.064545454546863,0.65234375,exact paired sign-flip of mean; assumes exchangeable symmetric run-block differences,all server layout contrasts; exploratory,1.0
cuda,62,core,2304,32,294912,3,64,1,warm,F minus D,-6.548000000013417,-78.13500000000568,43.96599999999489,unresolved,-2.188545454548148,0.92578125,exact paired sign-flip of mean; assumes exchangeable symmetric run-block differences,all server layout contrasts; exploratory,1.0
cuda,62,core,2304,32,294912,3,64,1,warm,E minus D,2321.6530000000057,2212.0449999999855,2343.5090000000073,D,2294.3340909090894,0.0009765625,exact paired sign-flip of mean; assumes exchangeable symmetric run-block differences,all server layout contrasts; exploratory,0.7421875
cuda,63,core,2304,32,294912,3,128,1,warm,E minus C,-1926.9080000000067,-2066.3379999999706,-1811.5210000000188,E,-1915.4284545454525,0.0009765625,exact paired sign-flip of mean; assumes exchangeable symmetric run-block differences,all server layout contrasts; exploratory,0.7421875
cuda,63,core,2304,32,294912,3,128,1,warm,D minus C,-6622.180999999957,-6654.167000000009,-6496.481000000007,D,-6581.757999999993,0.0009765625,exact paired sign-flip of mean; assumes exchangeable symmetric run-block differences,all server layout contrasts; exploratory,0.7421875
cuda,63,core,2304,32,294912,3,128,1,warm,G minus F,-81.79800000000614,-120.23199999998542,45.57499999999709,unresolved,190.47809090909007,0.978515625,exact paired sign-flip of mean; assumes exchangeable symmetric run-block differences,all server layout contrasts; exploratory,1.0
cuda,63,core,2304,32,294912,3,128,1,warm,F minus D,117.53300000000672,-4.816999999973632,127.02500000001237,unresolved,76.0467272727239,0.013671875,exact paired sign-flip of mean; assumes exchangeable symmetric run-block differences,all server layout contrasts; exploratory,1.0
cuda,63,core,2304,32,294912,3,128,1,warm,E minus D,4684.959999999988,4598.252000000008,4723.253000000019,D,4666.329545454541,0.0009765625,exact paired sign-flip of mean; assumes exchangeable symmetric run-block differences,all server layout contrasts; exploratory,0.7421875
cuda,64,rank,576,8,18432,3,8,1,warm,E minus C,-135.05800000000045,-152.87000000000035,-113.37400000000025,E,-133.31918181818187,0.0009765625,exact paired sign-flip of mean; assumes exchangeable symmetric run-block differences,all server layout contrasts; exploratory,0.7421875
cuda,64,rank,576,8,18432,3,8,1,warm,D minus C,-433.3330000000001,-447.38899999999967,-413.9849999999997,D,-430.84736363636364,0.0009765625,exact paired sign-flip of mean; assumes exchangeable symmetric run-block differences,all server layout contrasts; exploratory,0.7421875
cuda,64,rank,576,8,18432,3,8,1,warm,G minus F,63.63600000000042,43.15300000000025,72.64000000000033,F,59.322636363636505,0.0009765625,exact paired sign-flip of mean; assumes exchangeable symmetric run-block differences,all server layout contrasts; exploratory,0.7421875
cuda,64,rank,576,8,18432,3,8,1,warm,F minus D,-18.158999999999878,-21.316999999999553,-1.5049999999996544,F,-13.406272727272752,0.01171875,exact paired sign-flip of mean; assumes exchangeable symmetric run-block differences,all server layout contrasts; exploratory,1.0
cuda,64,rank,576,8,18432,3,8,1,warm,E minus D,300.2659999999994,292.5760000000005,302.20500000000015,D,297.5281818181818,0.0009765625,exact paired sign-flip of mean; assumes exchangeable symmetric run-block differences,all server layout contrasts; exploratory,0.7421875
cuda,65,rank,576,32,73728,3,8,1,warm,E minus C,-136.98899999999958,-162.33500000000004,-120.14699999999993,E,-141.32418181818173,0.0009765625,exact paired sign-flip of mean; assumes exchangeable symmetric run-block differences,all server layout contrasts; exploratory,0.7421875
cuda,65,rank,576,32,73728,3,8,1,warm,D minus C,-427.0229999999997,-450.24199999999996,-417.48799999999983,D,-430.4870909090909,0.0009765625,exact paired sign-flip of mean; assumes exchangeable symmetric run-block differences,all server layout contrasts; exploratory,0.7421875
cuda,65,rank,576,32,73728,3,8,1,warm,G minus F,47.92699999999968,39.97399999999993,57.207999999999856,F,49.70590909090895,0.0009765625,exact paired sign-flip of mean; assumes exchangeable symmetric run-block differences,all server layout contrasts; exploratory,0.7421875
cuda,65,rank,576,32,73728,3,8,1,warm,F minus D,-17.748000000000275,-21.111000000000104,-7.615999999999531,F,-17.991454545454395,0.0009765625,exact paired sign-flip of mean; assumes exchangeable symmetric run-block differences,all server layout contrasts; exploratory,0.7421875
cuda,65,rank,576,32,73728,3,8,1,warm,E minus D,287.2809999999997,281.2460000000001,297.31099999999947,D,289.1629090909091,0.0009765625,exact paired sign-flip of mean; assumes exchangeable symmetric run-block differences,all server layout contrasts; exploratory,0.7421875
cuda,66,rank,576,128,294912,3,8,1,warm,E minus C,-140.33200000000033,-143.59599999999955,-125.42700000000013,E,-136.8288181818183,0.0009765625,exact paired sign-flip of mean; assumes exchangeable symmetric run-block differences,all server layout contrasts; exploratory,0.7421875
cuda,66,rank,576,128,294912,3,8,1,warm,D minus C,-423.9079999999999,-433.27700000000004,-407.99800000000005,D,-424.45145454545457,0.0009765625,exact paired sign-flip of mean; assumes exchangeable symmetric run-block differences,all server layout contrasts; exploratory,0.7421875
cuda,66,rank,576,128,294912,3,8,1,warm,G minus F,49.12700000000018,37.73500000000013,65.13500000000022,F,24.729545454545526,0.4521484375,exact paired sign-flip of mean; assumes exchangeable symmetric run-block differences,all server layout contrasts; exploratory,1.0
cuda,66,rank,576,128,294912,3,8,1,warm,F minus D,-17.257999999999583,-31.919000000000096,-3.503000000000384,F,8.715818181818205,0.9990234375,exact paired sign-flip of mean; assumes exchangeable symmetric run-block differences,all server layout contrasts; exploratory,1.0
cuda,66,rank,576,128,294912,3,8,1,warm,E minus D,287.3059999999996,282.5709999999999,295.4799999999998,D,287.6226363636363,0.0009765625,exact paired sign-flip of mean; assumes exchangeable symmetric run-block differences,all server layout contrasts; exploratory,0.7421875
cuda,67,working_set,576,32,73728,3,8,1,warm,E minus C,-136.97499999999968,-145.10300000000052,-125.58500000000049,E,-136.12881818181802,0.0009765625,exact paired sign-flip of mean; assumes exchangeable symmetric run-block differences,all server layout contrasts; exploratory,0.7421875
cuda,67,working_set,576,32,73728,3,8,1,warm,D minus C,-426.3590000000004,-433.5919999999994,-411.02,D,-422.39818181818174,0.0009765625,exact paired sign-flip of mean; assumes exchangeable symmetric run-block differences,all server layout contrasts; exploratory,0.7421875
cuda,67,working_set,576,32,73728,3,8,1,warm,G minus F,46.52000000000044,37.00299999999993,55.46900000000028,F,46.89336363636378,0.0009765625,exact paired sign-flip of mean; assumes exchangeable symmetric run-block differences,all server layout contrasts; exploratory,0.7421875
cuda,67,working_set,576,32,73728,3,8,1,warm,F minus D,-10.65099999999984,-26.232999999999493,-3.675000000000182,F,-12.314727272727437,0.0439453125,exact paired sign-flip of mean; assumes exchangeable symmetric run-block differences,all server layout contrasts; exploratory,1.0
cuda,67,working_set,576,32,73728,3,8,1,warm,E minus D,285.43599999999947,281.25599999999986,292.6410000000001,D,286.2693636363637,0.0009765625,exact paired sign-flip of mean; assumes exchangeable symmetric run-block differences,all server layout contrasts; exploratory,0.7421875
cuda,68,working_set,576,32,73728,3,8,1,eviction_buffer,E minus C,-139.63299999999936,-155.98999999999978,-133.76099999999997,E,-136.8579090909091,0.0009765625,exact paired sign-flip of mean; assumes exchangeable symmetric run-block differences,all server layout contrasts; exploratory,0.7421875
cuda,68,working_set,576,32,73728,3,8,1,eviction_buffer,D minus C,-453.25199999999995,-464.5999999999999,-436.67300000000046,D,-453.51090909090914,0.0009765625,exact paired sign-flip of mean; assumes exchangeable symmetric run-block differences,all server layout contrasts; exploratory,0.7421875
cuda,68,working_set,576,32,73728,3,8,1,eviction_buffer,G minus F,45.125,30.056000000000495,57.7969999999998,F,44.46981818181819,0.0009765625,exact paired sign-flip of mean; assumes exchangeable symmetric run-block differences,all server layout contrasts; exploratory,0.7421875
cuda,68,working_set,576,32,73728,3,8,1,eviction_buffer,F minus D,-7.516000000000076,-21.399999999998954,-0.23400000000015098,F,-9.734363636363572,0.076171875,exact paired sign-flip of mean; assumes exchangeable symmetric run-block differences,all server layout contrasts; exploratory,1.0
cuda,68,working_set,576,32,73728,3,8,1,eviction_buffer,E minus D,316.71400000000017,287.41900000000055,341.50700000000006,D,316.65300000000013,0.0009765625,exact paired sign-flip of mean; assumes exchangeable symmetric run-block differences,all server layout contrasts; exploratory,0.7421875
cuda,69,working_set,576,32,73728,3,8,16,warm,E minus C,-1949.9000000000015,-2135.4960000000065,-1783.7649999999958,E,-1953.8526363636324,0.0009765625,exact paired sign-flip of mean; assumes exchangeable symmetric run-block differences,all server layout contrasts; exploratory,0.7421875
cuda,69,working_set,576,32,73728,3,8,16,warm,D minus C,-6551.295999999969,-6847.011000000013,-6381.864000000012,D,-6581.27518181819,0.0009765625,exact paired sign-flip of mean; assumes exchangeable symmetric run-block differences,all server layout contrasts; exploratory,0.7421875
cuda,69,working_set,576,32,73728,3,8,16,warm,G minus F,114.87300000001778,-9.032000000013795,188.94599999999264,unresolved,96.34909090909191,0.02734375,exact paired sign-flip of mean; assumes exchangeable symmetric run-block differences,all server layout contrasts; exploratory,1.0
cuda,69,working_set,576,32,73728,3,8,16,warm,F minus D,-26.108999999985826,-153.94100000000253,37.38799999995899,unresolved,-58.7318181818115,0.16015625,exact paired sign-flip of mean; assumes exchangeable symmetric run-block differences,all server layout contrasts; exploratory,1.0
cuda,69,working_set,576,32,73728,3,8,16,warm,E minus D,4586.909999999985,4546.251000000033,4711.515000000007,D,4627.422545454558,0.0009765625,exact paired sign-flip of mean; assumes exchangeable symmetric run-block differences,all server layout contrasts; exploratory,0.7421875
cuda,70,working_set,576,32,73728,3,8,16,eviction_buffer,E minus C,-2120.792000000023,-2241.7150000000292,-1932.682999999979,E,-2089.4519090909084,0.0009765625,exact paired sign-flip of mean; assumes exchangeable symmetric run-block differences,all server layout contrasts; exploratory,0.7421875
cuda,70,working_set,576,32,73728,3,8,16,eviction_buffer,D minus C,-7258.713999999982,-7446.616000000031,-7185.006000000027,D,-7269.540272727273,0.0009765625,exact paired sign-flip of mean; assumes exchangeable symmetric run-block differences,all server layout contrasts; exploratory,0.7421875
cuda,70,working_set,576,32,73728,3,8,16,eviction_buffer,G minus F,-58.658000000014,-124.36700000000201,70.6430000000073,unresolved,-24.949181818176097,0.52734375,exact paired sign-flip of mean; assumes exchangeable symmetric run-block differences,all server layout contrasts; exploratory,1.0
cuda,70,working_set,576,32,73728,3,8,16,eviction_buffer,F minus D,-13.346000000008644,-65.19500000002154,102.21299999998882,unresolved,11.693818181817319,0.7197265625,exact paired sign-flip of mean; assumes exchangeable symmetric run-block differences,all server layout contrasts; exploratory,1.0
cuda,70,working_set,576,32,73728,3,8,16,eviction_buffer,E minus D,5159.65300000002,5073.751999999997,5284.989000000052,D,5180.088363636365,0.0009765625,exact paired sign-flip of mean; assumes exchangeable symmetric run-block differences,all server layout contrasts; exploratory,0.7421875
cuda,71,working_set,576,32,73728,3,8,128,warm,E minus C,-15885.456999999937,-19667.205000000366,-14626.948000000266,E,-19202.083909090856,0.0009765625,exact paired sign-flip of mean; assumes exchangeable symmetric run-block differences,all server layout contrasts; exploratory,0.7421875
cuda,71,working_set,576,32,73728,3,8,128,warm,D minus C,-53603.72499999995,-56115.5490000002,-52800.86899999954,D,-55436.07090909068,0.0009765625,exact paired sign-flip of mean; assumes exchangeable symmetric run-block differences,all server layout contrasts; exploratory,0.7421875
cuda,71,working_set,576,32,73728,3,8,128,warm,G minus F,106.5080000005546,-692.5819999995874,936.477000000159,unresolved,94.29054545459009,0.8603515625,exact paired sign-flip of mean; assumes exchangeable symmetric run-block differences,all server layout contrasts; exploratory,1.0
cuda,71,working_set,576,32,73728,3,8,128,warm,F minus D,378.1929999992426,66.77900000027148,1300.4270000005781,D,-2687.0557272727656,0.9755859375,exact paired sign-flip of mean; assumes exchangeable symmetric run-block differences,all server layout contrasts; exploratory,1.0
cuda,71,working_set,576,32,73728,3,8,128,warm,E minus D,37718.26800000001,36495.92600000018,40415.92400000038,D,36233.98699999983,0.0009765625,exact paired sign-flip of mean; assumes exchangeable symmetric run-block differences,all server layout contrasts; exploratory,0.7421875
cuda,72,working_set,576,32,73728,3,8,128,eviction_buffer,E minus C,-14781.100000000355,-15458.784999999509,-14308.860000000277,E,-10962.05418181821,0.0185546875,exact paired sign-flip of mean; assumes exchangeable symmetric run-block differences,all server layout contrasts; exploratory,1.0
cuda,72,working_set,576,32,73728,3,8,128,eviction_buffer,D minus C,-58165.10399999967,-59091.60400000072,-57088.73200000008,D,-62226.288181818236,0.0009765625,exact paired sign-flip of mean; assumes exchangeable symmetric run-block differences,all server layout contrasts; exploratory,0.7421875
cuda,72,working_set,576,32,73728,3,8,128,eviction_buffer,G minus F,390.21300000027986,-1292.787999999855,1831.7119999994175,unresolved,1415.506636363597,0.484375,exact paired sign-flip of mean; assumes exchangeable symmetric run-block differences,all server layout contrasts; exploratory,1.0
cuda,72,working_set,576,32,73728,3,8,128,eviction_buffer,F minus D,682.9050000006973,-84.6899999998277,1687.555999999895,unresolved,3844.525272727222,0.0244140625,exact paired sign-flip of mean; assumes exchangeable symmetric run-block differences,all server layout contrasts; exploratory,1.0
cuda,72,working_set,576,32,73728,3,8,128,eviction_buffer,E minus D,43209.31100000048,42169.572000000015,44175.12500000023,D,51264.234000000026,0.0009765625,exact paired sign-flip of mean; assumes exchangeable symmetric run-block differences,all server layout contrasts; exploratory,0.7421875
cuda,73,interleaved_tenants,576,32,73728,3,1,16,warm,E minus C,-249.3680000000004,-260.503999999999,-234.9709999999991,E,-247.4080909090909,0.0009765625,exact paired sign-flip of mean; assumes exchangeable symmetric run-block differences,all server layout contrasts; exploratory,0.7421875
cuda,73,interleaved_tenants,576,32,73728,3,1,16,warm,D minus C,-818.1019999999985,-820.221,-786.7979999999993,D,-807.4386363636364,0.0009765625,exact paired sign-flip of mean; assumes exchangeable symmetric run-block differences,all server layout contrasts; exploratory,0.7421875
cuda,73,interleaved_tenants,576,32,73728,3,1,16,warm,G minus F,54.25999999999976,21.682000000000244,62.47700000000032,F,19.026000000000046,0.7109375,exact paired sign-flip of mean; assumes exchangeable symmetric run-block differences,all server layout contrasts; exploratory,1.0
cuda,73,interleaved_tenants,576,32,73728,3,1,16,warm,F minus D,-21.55299999999852,-37.671000000001186,-0.48100000000067666,F,11.972727272727049,0.994140625,exact paired sign-flip of mean; assumes exchangeable symmetric run-block differences,all server layout contrasts; exploratory,1.0
cuda,73,interleaved_tenants,576,32,73728,3,1,16,warm,E minus D,561.8789999999985,550.9460000000004,569.7399999999993,D,560.0305454545454,0.0009765625,exact paired sign-flip of mean; assumes exchangeable symmetric run-block differences,all server layout contrasts; exploratory,0.7421875
cuda,74,interleaved_tenants,576,32,73728,3,8,16,warm,E minus C,-1959.2809999999772,-1977.8840000000164,-1932.5880000000361,E,-1975.8599999999985,0.0009765625,exact paired sign-flip of mean; assumes exchangeable symmetric run-block differences,all server layout contrasts; exploratory,0.7421875
cuda,74,interleaved_tenants,576,32,73728,3,8,16,warm,D minus C,-6595.064999999948,-6698.489999999998,-6446.286000000015,D,-6584.212272727262,0.0009765625,exact paired sign-flip of mean; assumes exchangeable symmetric run-block differences,all server layout contrasts; exploratory,0.7421875
cuda,74,interleaved_tenants,576,32,73728,3,8,16,warm,G minus F,154.6459999999679,-23.60500000000684,204.91100000001097,unresolved,134.3340909090819,0.025390625,exact paired sign-flip of mean; assumes exchangeable symmetric run-block differences,all server layout contrasts; exploratory,1.0
cuda,74,interleaved_tenants,576,32,73728,3,8,16,warm,F minus D,-49.13300000002346,-128.92100000001665,39.591999999986,unresolved,-56.506272727274336,0.1015625,exact paired sign-flip of mean; assumes exchangeable symmetric run-block differences,all server layout contrasts; exploratory,1.0
cuda,74,interleaved_tenants,576,32,73728,3,8,16,warm,E minus D,4621.446999999982,4513.095999999972,4714.647999999997,D,4608.352272727264,0.0009765625,exact paired sign-flip of mean; assumes exchangeable symmetric run-block differences,all server layout contrasts; exploratory,0.7421875
cuda,75,interleaved_tenants,576,32,73728,3,32,16,warm,E minus C,-7662.024000000194,-8079.5900000002,-7119.020000000353,E,-7618.622090909249,0.0009765625,exact paired sign-flip of mean; assumes exchangeable symmetric run-block differences,all server layout contrasts; exploratory,0.7421875
cuda,75,interleaved_tenants,576,32,73728,3,32,16,warm,D minus C,-26466.644000000248,-26584.10999999981,-26271.604999999996,D,-26354.6557272728,0.0009765625,exact paired sign-flip of mean; assumes exchangeable symmetric run-block differences,all server layout contrasts; exploratory,0.7421875
cuda,75,interleaved_tenants,576,32,73728,3,32,16,warm,G minus F,-77.20900000007532,-477.9079999998794,421.31599999986065,unresolved,21.923727272717358,0.8974609375,exact paired sign-flip of mean; assumes exchangeable symmetric run-block differences,all server layout contrasts; exploratory,1.0
cuda,75,interleaved_tenants,576,32,73728,3,32,16,warm,F minus D,253.9469999999128,79.05800000015006,679.333000000217,D,367.7536363636331,0.015625,exact paired sign-flip of mean; assumes exchangeable symmetric run-block differences,all server layout contrasts; exploratory,1.0
cuda,75,interleaved_tenants,576,32,73728,3,32,16,warm,E minus D,18902.027000000235,18406.465999999782,19160.116999999984,D,18736.03363636355,0.0009765625,exact paired sign-flip of mean; assumes exchangeable symmetric run-block differences,all server layout contrasts; exploratory,0.7421875
