device,case_id,family,cells,rank,consumers,reuse,working_records,cache,arm,payload_bytes_per_record,stored_payload_bytes,serialized_metadata_bytes,resident_metadata_bytes,record_headers_bytes,read_write_ratio,implementation_sha256,median_total_us,ci_low,ci_high,median_write_us,read_p50_us,read_p95_us,read_p99_us,energy_gross_mJ_per_amortized_read,max_peak_gpu_bytes,blocks
cpu,0,core,36,32,1,1,1,warm,A,4608,4608,0,0,16,1.0,f6df578e0ec77131fad1ca4cd66f5bdfd621326ec0ae813c7be659c1caaf4237,107.47,107.144,120.78399999999999,55.848,51.651,51.651,51.651,,,11
cpu,0,core,36,32,1,1,1,warm,B,4608,4608,0,0,16,1.0,f6df578e0ec77131fad1ca4cd66f5bdfd621326ec0ae813c7be659c1caaf4237,61.687,51.301,71.494,13.818,47.556,47.556,47.556,,,11
cpu,0,core,36,32,1,1,1,warm,C,4608,4608,36,288,16,1.0,f6df578e0ec77131fad1ca4cd66f5bdfd621326ec0ae813c7be659c1caaf4237,150.833,124.156,167.23700000000002,73.263,77.093,77.093,77.093,,,11
cpu,0,core,36,32,1,1,1,warm,D,4608,4608,36,288,16,1.0,f6df578e0ec77131fad1ca4cd66f5bdfd621326ec0ae813c7be659c1caaf4237,211.439,191.584,238.738,77.807,134.69,134.69,134.69,,,11
cpu,0,core,36,32,1,1,1,warm,E,4608,4608,0,0,16,1.0,f6df578e0ec77131fad1ca4cd66f5bdfd621326ec0ae813c7be659c1caaf4237,131.297,112.98599999999999,151.015,78.707,52.59,52.59,52.59,,,11
cpu,0,core,36,32,1,1,1,warm,F,4608,4608,0,0,16,1.0,f6df578e0ec77131fad1ca4cd66f5bdfd621326ec0ae813c7be659c1caaf4237,146.881,110.39699999999999,153.872,79.349,55.758,55.758,55.758,,,11
cpu,0,core,36,32,1,1,1,warm,G,4608,4608,0,0,16,1.0,f6df578e0ec77131fad1ca4cd66f5bdfd621326ec0ae813c7be659c1caaf4237,164.902,149.131,170.467,101.497,55.801,55.801,55.801,,,11
cpu,1,core,36,32,1,2,1,warm,A,4608,4608,0,0,16,2.0,f6df578e0ec77131fad1ca4cd66f5bdfd621326ec0ae813c7be659c1caaf4237,113.19300000000001,112.194,123.753,41.799,35.605000000000004,37.7299,37.91878,,,11
cpu,1,core,36,32,1,2,1,warm,B,4608,4608,0,0,16,2.0,f6df578e0ec77131fad1ca4cd66f5bdfd621326ec0ae813c7be659c1caaf4237,78.323,76.436,79.85499999999999,10.47,33.9295,34.6591,34.72862,,,11
cpu,1,core,36,32,1,2,1,warm,C,4608,4608,36,288,16,2.0,f6df578e0ec77131fad1ca4cd66f5bdfd621326ec0ae813c7be659c1caaf4237,167.54,165.911,180.226,55.058,55.9895,56.9037,57.00794,,,11
cpu,1,core,36,32,1,2,1,warm,D,4608,4608,36,288,16,2.0,f6df578e0ec77131fad1ca4cd66f5bdfd621326ec0ae813c7be659c1caaf4237,258.564,252.878,295.889,58.761,99.964,104.41720000000001,104.81304,,,11
cpu,1,core,36,32,1,2,1,warm,E,4608,4608,0,0,16,2.0,f6df578e0ec77131fad1ca4cd66f5bdfd621326ec0ae813c7be659c1caaf4237,132.33999999999997,121.099,137.566,60.852,36.093,38.868750000000006,39.082550000000005,,,11
cpu,1,core,36,32,1,2,1,warm,F,4608,4608,0,0,16,2.0,f6df578e0ec77131fad1ca4cd66f5bdfd621326ec0ae813c7be659c1caaf4237,132.981,128.676,143.114,60.845,36.068,39.041,39.309,,,11
cpu,1,core,36,32,1,2,1,warm,G,4608,4608,0,0,16,2.0,f6df578e0ec77131fad1ca4cd66f5bdfd621326ec0ae813c7be659c1caaf4237,146.25400000000002,144.889,161.716,74.428,36.3725,39.421350000000004,39.69787,,,11
cpu,2,core,36,32,1,4,1,warm,A,4608,4608,0,0,16,4.0,f6df578e0ec77131fad1ca4cd66f5bdfd621326ec0ae813c7be659c1caaf4237,144.187,142.98000000000002,160.761,34.333,26.514000000000003,30.49675,31.05535,,,11
cpu,2,core,36,32,1,4,1,warm,B,4608,4608,0,0,16,4.0,f6df578e0ec77131fad1ca4cd66f5bdfd621326ec0ae813c7be659c1caaf4237,114.968,114.28699999999999,116.888,8.517,26.1475,27.986449999999998,28.24769,,,11
cpu,2,core,36,32,1,4,1,warm,C,4608,4608,36,288,16,4.0,f6df578e0ec77131fad1ca4cd66f5bdfd621326ec0ae813c7be659c1caaf4237,220.718,216.83299999999997,225.34199999999998,44.998,43.400999999999996,46.234899999999996,46.45258,,,11
cpu,2,core,36,32,1,4,1,warm,D,4608,4608,36,288,16,4.0,f6df578e0ec77131fad1ca4cd66f5bdfd621326ec0ae813c7be659c1caaf4237,354.881,351.697,367.357,48.864,74.724,83.00399999999999,84.024,,,11
cpu,2,core,36,32,1,4,1,warm,E,4608,4608,0,0,16,4.0,f6df578e0ec77131fad1ca4cd66f5bdfd621326ec0ae813c7be659c1caaf4237,160.012,157.555,161.144,48.064,26.6005,31.3642,31.989639999999998,,,11
cpu,2,core,36,32,1,4,1,warm,F,4608,4608,0,0,16,4.0,f6df578e0ec77131fad1ca4cd66f5bdfd621326ec0ae813c7be659c1caaf4237,159.57600000000002,158.312,165.91,48.445,26.6455,31.270899999999997,31.930179999999996,,,11
cpu,2,core,36,32,1,4,1,warm,G,4608,4608,0,0,16,4.0,f6df578e0ec77131fad1ca4cd66f5bdfd621326ec0ae813c7be659c1caaf4237,171.54399999999998,169.859,172.894,60.627,26.569000000000003,31.392899999999997,31.941779999999998,,,11
cpu,3,core,36,32,1,8,1,warm,A,4608,4608,0,0,16,8.0,f6df578e0ec77131fad1ca4cd66f5bdfd621326ec0ae813c7be659c1caaf4237,196.873,183.869,205.048,25.676,19.7215,24.574149999999996,25.47663,,,11
cpu,3,core,36,32,1,8,1,warm,B,4608,4608,0,0,16,8.0,f6df578e0ec77131fad1ca4cd66f5bdfd621326ec0ae813c7be659c1caaf4237,167.139,162.94899999999998,181.57500000000002,6.651,19.673000000000002,21.54045,21.92524,,,11
cpu,3,core,36,32,1,8,1,warm,C,4608,4608,36,288,16,8.0,f6df578e0ec77131fad1ca4cd66f5bdfd621326ec0ae813c7be659c1caaf4237,301.658,293.56300000000005,319.816,37.088,31.886,37.610800000000005,38.123760000000004,,,11
cpu,3,core,36,32,1,8,1,warm,D,4608,4608,36,288,16,8.0,f6df578e0ec77131fad1ca4cd66f5bdfd621326ec0ae813c7be659c1caaf4237,492.52000000000004,474.5450000000001,527.127,38.446,54.239999999999995,64.49055,65.84211,,,11
cpu,3,core,36,32,1,8,1,warm,E,4608,4608,0,0,16,8.0,f6df578e0ec77131fad1ca4cd66f5bdfd621326ec0ae813c7be659c1caaf4237,206.52999999999997,195.50799999999998,229.954,37.275,19.592,24.582099999999997,25.700419999999998,,,11
cpu,3,core,36,32,1,8,1,warm,F,4608,4608,0,0,16,8.0,f6df578e0ec77131fad1ca4cd66f5bdfd621326ec0ae813c7be659c1caaf4237,206.751,194.837,217.03199999999998,36.847,19.646,24.54815,25.520030000000002,,,11
cpu,3,core,36,32,1,8,1,warm,G,4608,4608,0,0,16,8.0,f6df578e0ec77131fad1ca4cd66f5bdfd621326ec0ae813c7be659c1caaf4237,210.71899999999997,203.855,227.723,45.795,19.506999999999998,25.202849999999998,26.330969999999997,,,11
cpu,4,core,36,32,1,16,1,warm,A,4608,4608,0,0,16,16.0,f6df578e0ec77131fad1ca4cd66f5bdfd621326ec0ae813c7be659c1caaf4237,290.282,288.74600000000004,315.403,22.274,16.414,19.7975,21.0227,,,11
cpu,4,core,36,32,1,16,1,warm,B,4608,4608,0,0,16,16.0,f6df578e0ec77131fad1ca4cd66f5bdfd621326ec0ae813c7be659c1caaf4237,280.882,271.47499999999997,297.692,5.684,16.445,19.3325,20.108900000000002,,,11
cpu,4,core,36,32,1,16,1,warm,C,4608,4608,36,288,16,16.0,f6df578e0ec77131fad1ca4cd66f5bdfd621326ec0ae813c7be659c1caaf4237,469.5439999999999,460.40200000000004,506.894,29.623,26.8035,30.716250000000002,32.618,,,11
cpu,4,core,36,32,1,16,1,warm,D,4608,4608,36,288,16,16.0,f6df578e0ec77131fad1ca4cd66f5bdfd621326ec0ae813c7be659c1caaf4237,788.9549999999999,781.5020000000001,865.1639999999999,31.093,45.9425,54.67,57.494350000000004,,,11
cpu,4,core,36,32,1,16,1,warm,E,4608,4608,0,0,16,16.0,f6df578e0ec77131fad1ca4cd66f5bdfd621326ec0ae813c7be659c1caaf4237,307.42100000000005,297.459,326.63,32.696,16.322499999999998,20.203000000000003,21.858999999999998,,,11
cpu,4,core,36,32,1,16,1,warm,F,4608,4608,0,0,16,16.0,f6df578e0ec77131fad1ca4cd66f5bdfd621326ec0ae813c7be659c1caaf4237,302.548,297.81199999999995,327.70799999999997,33.232,16.427999999999997,19.005,20.7834,,,11
cpu,4,core,36,32,1,16,1,warm,G,4608,4608,0,0,16,16.0,f6df578e0ec77131fad1ca4cd66f5bdfd621326ec0ae813c7be659c1caaf4237,308.95,295.72200000000004,346.836,39.586,16.3485,19.0045,20.692899999999998,,,11
cpu,5,core,36,32,1,32,1,warm,A,4608,4608,0,0,16,32.0,f6df578e0ec77131fad1ca4cd66f5bdfd621326ec0ae813c7be659c1caaf4237,452.805,441.992,484.2469999999999,18.182,13.2185,14.88365,19.301050000000007,,,11
cpu,5,core,36,32,1,32,1,warm,B,4608,4608,0,0,16,32.0,f6df578e0ec77131fad1ca4cd66f5bdfd621326ec0ae813c7be659c1caaf4237,448.4169999999999,423.9770000000001,459.80300000000005,4.817,13.407,14.7044,17.34404,,,11
cpu,5,core,36,32,1,32,1,warm,C,4608,4608,36,288,16,32.0,f6df578e0ec77131fad1ca4cd66f5bdfd621326ec0ae813c7be659c1caaf4237,713.2940000000001,699.991,752.6570000000002,25.604,21.1075,23.75435,28.418090000000003,,,11
cpu,5,core,36,32,1,32,1,warm,D,4608,4608,36,288,16,32.0,f6df578e0ec77131fad1ca4cd66f5bdfd621326ec0ae813c7be659c1caaf4237,1207.155,1181.0329999999997,1297.0850000000003,27.075,36.092,41.5609,45.45277000000001,,,11
cpu,5,core,36,32,1,32,1,warm,E,4608,4608,0,0,16,32.0,f6df578e0ec77131fad1ca4cd66f5bdfd621326ec0ae813c7be659c1caaf4237,453.35400000000004,444.656,483.43099999999987,26.544,13.0695,14.8157,17.096290000000003,,,11
cpu,5,core,36,32,1,32,1,warm,F,4608,4608,0,0,16,32.0,f6df578e0ec77131fad1ca4cd66f5bdfd621326ec0ae813c7be659c1caaf4237,459.18700000000007,446.80499999999995,488.717,26.659,13.072,14.99315,17.241220000000002,,,11
cpu,5,core,36,32,1,32,1,warm,G,4608,4608,0,0,16,32.0,f6df578e0ec77131fad1ca4cd66f5bdfd621326ec0ae813c7be659c1caaf4237,459.64899999999994,451.75100000000003,489.01099999999997,32.634,12.907499999999999,15.217349999999998,19.883140000000004,,,11
cpu,6,core,36,32,1,64,1,warm,A,4608,4608,0,0,16,64.0,f6df578e0ec77131fad1ca4cd66f5bdfd621326ec0ae813c7be659c1caaf4237,857.725,852.9330000000003,862.2629999999997,18.274,12.89,13.594799999999998,17.57451999999999,,,11
cpu,6,core,36,32,1,64,1,warm,B,4608,4608,0,0,16,64.0,f6df578e0ec77131fad1ca4cd66f5bdfd621326ec0ae813c7be659c1caaf4237,845.3799999999999,834.8779999999999,851.2560000000004,4.641,12.901499999999999,13.656249999999998,16.15507999999999,,,11
cpu,6,core,36,32,1,64,1,warm,C,4608,4608,36,288,16,64.0,f6df578e0ec77131fad1ca4cd66f5bdfd621326ec0ae813c7be659c1caaf4237,1356.1279999999995,1350.0800000000002,1362.7029999999997,24.029,20.529,22.141799999999996,25.61360999999999,,,11
cpu,6,core,36,32,1,64,1,warm,D,4608,4608,36,288,16,64.0,f6df578e0ec77131fad1ca4cd66f5bdfd621326ec0ae813c7be659c1caaf4237,2337.4539999999993,2317.962000000001,2344.4920000000006,26.613,35.587,39.02499999999999,45.08648999999999,,,11
cpu,6,core,36,32,1,64,1,warm,E,4608,4608,0,0,16,64.0,f6df578e0ec77131fad1ca4cd66f5bdfd621326ec0ae813c7be659c1caaf4237,869.0770000000001,860.211,877.7570000000003,25.971,12.9765,13.63715,18.16303999999999,,,11
cpu,6,core,36,32,1,64,1,warm,F,4608,4608,0,0,16,64.0,f6df578e0ec77131fad1ca4cd66f5bdfd621326ec0ae813c7be659c1caaf4237,862.9840000000002,861.6230000000003,872.0059999999997,25.95,12.89,13.4598,17.972309999999993,,,11
cpu,6,core,36,32,1,64,1,warm,G,4608,4608,0,0,16,64.0,f6df578e0ec77131fad1ca4cd66f5bdfd621326ec0ae813c7be659c1caaf4237,871.1379999999997,866.3420000000003,873.2109999999998,32.324,12.867,13.4744,17.951859999999993,,,11
cpu,7,core,36,32,1,128,1,warm,A,4608,4608,0,0,16,128.0,f6df578e0ec77131fad1ca4cd66f5bdfd621326ec0ae813c7be659c1caaf4237,1703.9520000000005,1690.5620000000001,1715.4989999999998,19.048,13.0715,13.40775,16.215540000000004,,,11
cpu,7,core,36,32,1,128,1,warm,B,4608,4608,0,0,16,128.0,f6df578e0ec77131fad1ca4cd66f5bdfd621326ec0ae813c7be659c1caaf4237,1680.9370000000013,1668.3259999999996,1694.5110000000002,4.797,12.985,13.36295,15.257010000000005,,,11
cpu,7,core,36,32,1,128,1,warm,C,4608,4608,36,288,16,128.0,f6df578e0ec77131fad1ca4cd66f5bdfd621326ec0ae813c7be659c1caaf4237,2712.7749999999983,2693.0080000000003,2745.400999999999,25.683,20.851,21.7391,24.841140000000003,,,11
cpu,7,core,36,32,1,128,1,warm,D,4608,4608,36,288,16,128.0,f6df578e0ec77131fad1ca4cd66f5bdfd621326ec0ae813c7be659c1caaf4237,4623.505000000001,4606.622999999998,4630.020999999997,27.375,35.5625,37.97004999999999,43.85739000000001,,,11
cpu,7,core,36,32,1,128,1,warm,E,4608,4608,0,0,16,128.0,f6df578e0ec77131fad1ca4cd66f5bdfd621326ec0ae813c7be659c1caaf4237,1708.6500000000005,1701.6050000000005,1714.559,26.823,12.962,13.354399999999998,16.502850000000006,,,11
cpu,7,core,36,32,1,128,1,warm,F,4608,4608,0,0,16,128.0,f6df578e0ec77131fad1ca4cd66f5bdfd621326ec0ae813c7be659c1caaf4237,1709.7060000000004,1701.912,1713.7650000000006,27.258,13.0155,13.350399999999999,16.408370000000005,,,11
cpu,7,core,36,32,1,128,1,warm,G,4608,4608,0,0,16,128.0,f6df578e0ec77131fad1ca4cd66f5bdfd621326ec0ae813c7be659c1caaf4237,1691.7969999999996,1685.0909999999997,1712.5310000000002,32.889,12.8845,13.265,16.588190000000008,,,11
cpu,8,core,36,32,3,1,1,warm,A,4608,13824,0,0,48,3.0,f6df578e0ec77131fad1ca4cd66f5bdfd621326ec0ae813c7be659c1caaf4237,89.006,87.797,89.238,44.899,13.994,15.9198,16.084760000000003,,,11
cpu,8,core,36,32,3,1,1,warm,B,4608,4608,0,0,16,3.0,f6df578e0ec77131fad1ca4cd66f5bdfd621326ec0ae813c7be659c1caaf4237,46.356,45.691,46.788,4.517,13.834,14.4898,14.53796,,,11
cpu,8,core,36,32,3,1,1,warm,C,4608,4608,36,864,16,3.0,f6df578e0ec77131fad1ca4cd66f5bdfd621326ec0ae813c7be659c1caaf4237,101.984,100.412,103.83,33.965,22.6,23.4781,23.57242,,,11
cpu,8,core,36,32,3,1,1,warm,D,4608,4608,36,864,16,3.0,f6df578e0ec77131fad1ca4cd66f5bdfd621326ec0ae813c7be659c1caaf4237,152.529,151.621,154.094,37.153,38.554,40.1964,40.39768,,,11
cpu,8,core,36,32,3,1,1,warm,E,4608,4608,0,0,16,3.0,f6df578e0ec77131fad1ca4cd66f5bdfd621326ec0ae813c7be659c1caaf4237,85.744,85.304,87.347,25.257,21.971,22.5681,22.596020000000003,,,11
cpu,8,core,36,32,3,1,1,warm,F,4608,4608,0,0,16,3.0,f6df578e0ec77131fad1ca4cd66f5bdfd621326ec0ae813c7be659c1caaf4237,86.636,84.94500000000001,88.592,25.394,21.947,22.7087,22.75534,,,11
cpu,8,core,36,32,3,1,1,warm,G,4608,13824,0,0,48,3.0,f6df578e0ec77131fad1ca4cd66f5bdfd621326ec0ae813c7be659c1caaf4237,103.791,102.774,105.28200000000001,59.877,13.963,16.3813,16.596259999999997,,,11
cpu,9,core,36,32,3,2,1,warm,A,4608,13824,0,0,48,6.0,f6df578e0ec77131fad1ca4cd66f5bdfd621326ec0ae813c7be659c1caaf4237,130.23,128.746,138.57600000000002,44.961,13.692,15.93025,16.41565,,,11
cpu,9,core,36,32,3,2,1,warm,B,4608,4608,0,0,16,6.0,f6df578e0ec77131fad1ca4cd66f5bdfd621326ec0ae813c7be659c1caaf4237,86.87400000000001,85.991,96.247,4.598,13.568999999999999,14.437,14.529,,,11
cpu,9,core,36,32,3,2,1,warm,C,4608,4608,36,864,16,6.0,f6df578e0ec77131fad1ca4cd66f5bdfd621326ec0ae813c7be659c1caaf4237,166.98399999999998,166.28400000000002,174.493,33.791,21.943,23.439500000000002,23.6207,,,11
cpu,9,core,36,32,3,2,1,warm,D,4608,4608,36,864,16,6.0,f6df578e0ec77131fad1ca4cd66f5bdfd621326ec0ae813c7be659c1caaf4237,262.733,261.06,266.493,36.209,37.1915,40.013999999999996,40.38120000000001,,,11
cpu,9,core,36,32,3,2,1,warm,E,4608,4608,0,0,16,6.0,f6df578e0ec77131fad1ca4cd66f5bdfd621326ec0ae813c7be659c1caaf4237,144.095,141.812,146.04399999999998,25.882,21.360500000000002,22.64525,22.836850000000002,,,11
cpu,9,core,36,32,3,2,1,warm,F,4608,4608,0,0,16,6.0,f6df578e0ec77131fad1ca4cd66f5bdfd621326ec0ae813c7be659c1caaf4237,143.50300000000001,142.586,145.444,26.063,21.3045,22.637,22.819200000000002,,,11
cpu,9,core,36,32,3,2,1,warm,G,4608,13824,0,0,48,6.0,f6df578e0ec77131fad1ca4cd66f5bdfd621326ec0ae813c7be659c1caaf4237,145.36499999999998,143.911,155.275,60.643,13.4085,16.173750000000002,16.763550000000002,,,11
cpu,10,core,36,32,3,4,1,warm,A,4608,13824,0,0,48,12.0,f6df578e0ec77131fad1ca4cd66f5bdfd621326ec0ae813c7be659c1caaf4237,208.59799999999998,206.88400000000001,210.21,44.815,13.3845,15.028299999999998,15.826010000000002,,,11
cpu,10,core,36,32,3,4,1,warm,B,4608,4608,0,0,16,12.0,f6df578e0ec77131fad1ca4cd66f5bdfd621326ec0ae813c7be659c1caaf4237,165.82,164.56900000000002,166.912,4.653,13.252500000000001,14.23485,14.47817,,,11
cpu,10,core,36,32,3,4,1,warm,C,4608,4608,36,864,16,12.0,f6df578e0ec77131fad1ca4cd66f5bdfd621326ec0ae813c7be659c1caaf4237,296.86299999999994,293.44599999999997,303.878,34.367,21.604,23.33475,23.91593,,,11
cpu,10,core,36,32,3,4,1,warm,D,4608,4608,36,864,16,12.0,f6df578e0ec77131fad1ca4cd66f5bdfd621326ec0ae813c7be659c1caaf4237,486.8790000000001,481.374,491.654,36.246,36.7175,40.32805,41.47601,,,11
cpu,10,core,36,32,3,4,1,warm,E,4608,4608,0,0,16,12.0,f6df578e0ec77131fad1ca4cd66f5bdfd621326ec0ae813c7be659c1caaf4237,256.532,254.51200000000006,256.92300000000006,25.812,21.2065,22.326249999999998,22.61362,,,11
cpu,10,core,36,32,3,4,1,warm,F,4608,4608,0,0,16,12.0,f6df578e0ec77131fad1ca4cd66f5bdfd621326ec0ae813c7be659c1caaf4237,256.936,255.74599999999995,257.623,26.521,21.180500000000002,22.3305,22.66633,,,11
cpu,10,core,36,32,3,4,1,warm,G,4608,13824,0,0,48,12.0,f6df578e0ec77131fad1ca4cd66f5bdfd621326ec0ae813c7be659c1caaf4237,224.79,220.69299999999998,232.13600000000002,61.15,13.063500000000001,15.389599999999998,16.69421,,,11
cpu,11,core,36,32,3,8,1,warm,A,4608,13824,0,0,48,24.0,f6df578e0ec77131fad1ca4cd66f5bdfd621326ec0ae813c7be659c1caaf4237,367.634,365.56000000000006,368.82000000000005,44.578,13.125499999999999,14.152449999999998,15.885979999999998,,,11
cpu,11,core,36,32,3,8,1,warm,B,4608,4608,0,0,16,24.0,f6df578e0ec77131fad1ca4cd66f5bdfd621326ec0ae813c7be659c1caaf4237,320.276,317.19999999999993,322.747,4.653,12.9355,13.9033,14.50595,,,11
cpu,11,core,36,32,3,8,1,warm,C,4608,4608,36,864,16,24.0,f6df578e0ec77131fad1ca4cd66f5bdfd621326ec0ae813c7be659c1caaf4237,553.1919999999999,546.1370000000001,557.194,34.357,21.0285,23.563449999999996,28.342309999999998,,,11
cpu,11,core,36,32,3,8,1,warm,D,4608,4608,36,864,16,24.0,f6df578e0ec77131fad1ca4cd66f5bdfd621326ec0ae813c7be659c1caaf4237,917.791,915.0120000000003,923.9450000000002,36.231,35.887,40.485549999999996,44.83482,,,11
cpu,11,core,36,32,3,8,1,warm,E,4608,4608,0,0,16,24.0,f6df578e0ec77131fad1ca4cd66f5bdfd621326ec0ae813c7be659c1caaf4237,476.4790000000001,473.216,483.45499999999987,25.802,20.728,22.1466,22.75967,,,11
cpu,11,core,36,32,3,8,1,warm,F,4608,4608,0,0,16,24.0,f6df578e0ec77131fad1ca4cd66f5bdfd621326ec0ae813c7be659c1caaf4237,475.25399999999996,470.26099999999997,480.727,26.044,20.628500000000003,21.8535,22.86234,,,11
cpu,11,core,36,32,3,8,1,warm,G,4608,13824,0,0,48,24.0,f6df578e0ec77131fad1ca4cd66f5bdfd621326ec0ae813c7be659c1caaf4237,374.012,372.29900000000004,384.28200000000004,61.975,12.7385,13.862949999999998,16.15366,,,11
cpu,12,core,36,32,3,16,1,warm,A,4608,13824,0,0,48,48.0,f6df578e0ec77131fad1ca4cd66f5bdfd621326ec0ae813c7be659c1caaf4237,676.1840000000001,670.7950000000001,680.238,44.38,12.876000000000001,13.77075,18.081350000000004,,,11
cpu,12,core,36,32,3,16,1,warm,B,4608,4608,0,0,16,48.0,f6df578e0ec77131fad1ca4cd66f5bdfd621326ec0ae813c7be659c1caaf4237,629.8510000000001,628.8710000000002,636.924,4.639,12.895,13.773299999999999,17.570670000000007,,,11
cpu,12,core,36,32,3,16,1,warm,C,4608,4608,36,864,16,48.0,f6df578e0ec77131fad1ca4cd66f5bdfd621326ec0ae813c7be659c1caaf4237,1045.2120000000002,1032.0189999999998,1052.0970000000004,34.356,20.701,22.40745,25.648780000000006,,,11
cpu,12,core,36,32,3,16,1,warm,D,4608,4608,36,864,16,48.0,f6df578e0ec77131fad1ca4cd66f5bdfd621326ec0ae813c7be659c1caaf4237,1770.401,1752.27,1780.556000000001,36.842,35.3755,39.40495,43.667060000000006,,,11
cpu,12,core,36,32,3,16,1,warm,E,4608,4608,0,0,16,48.0,f6df578e0ec77131fad1ca4cd66f5bdfd621326ec0ae813c7be659c1caaf4237,909.4359999999998,906.4560000000001,913.1249999999999,26.013,20.39,21.480249999999998,25.330240000000003,,,11
cpu,12,core,36,32,3,16,1,warm,F,4608,4608,0,0,16,48.0,f6df578e0ec77131fad1ca4cd66f5bdfd621326ec0ae813c7be659c1caaf4237,913.8929999999999,910.4329999999998,916.1529999999999,25.741,20.4955,21.5069,25.368750000000006,,,11
cpu,12,core,36,32,3,16,1,warm,G,4608,13824,0,0,48,48.0,f6df578e0ec77131fad1ca4cd66f5bdfd621326ec0ae813c7be659c1caaf4237,680.4899999999999,677.6580000000001,685.595,60.806,12.708,13.507499999999999,17.772560000000006,,,11
cpu,13,core,36,32,3,32,1,warm,A,4608,13824,0,0,48,96.0,f6df578e0ec77131fad1ca4cd66f5bdfd621326ec0ae813c7be659c1caaf4237,1300.2450000000001,1294.9960000000003,1312.6950000000006,44.831,12.9685,13.4355,16.393199999999993,,,11
cpu,13,core,36,32,3,32,1,warm,B,4608,4608,0,0,16,96.0,f6df578e0ec77131fad1ca4cd66f5bdfd621326ec0ae813c7be659c1caaf4237,1249.8949999999995,1246.6450000000002,1255.9100000000003,4.585,12.874,13.285250000000001,14.79329999999999,,,11
cpu,13,core,36,32,3,32,1,warm,C,4608,4608,36,864,16,96.0,f6df578e0ec77131fad1ca4cd66f5bdfd621326ec0ae813c7be659c1caaf4237,2054.6510000000007,2045.9210000000005,2066.633,34.271,20.944000000000003,21.898,24.667099999999998,,,11
cpu,13,core,36,32,3,32,1,warm,D,4608,4608,36,864,16,96.0,f6df578e0ec77131fad1ca4cd66f5bdfd621326ec0ae813c7be659c1caaf4237,3466.8990000000003,3458.9810000000007,3474.727,36.676,35.364000000000004,37.63125,41.35994999999999,,,11
cpu,13,core,36,32,3,32,1,warm,E,4608,4608,0,0,16,96.0,f6df578e0ec77131fad1ca4cd66f5bdfd621326ec0ae813c7be659c1caaf4237,1792.1450000000002,1781.4790000000003,1795.7119999999995,26.535,20.493000000000002,21.19475,23.166749999999993,,,11
cpu,13,core,36,32,3,32,1,warm,F,4608,4608,0,0,16,96.0,f6df578e0ec77131fad1ca4cd66f5bdfd621326ec0ae813c7be659c1caaf4237,1787.6090000000004,1773.9579999999999,1798.2169999999999,27.678,20.487000000000002,21.1,22.721549999999993,,,11
cpu,13,core,36,32,3,32,1,warm,G,4608,13824,0,0,48,96.0,f6df578e0ec77131fad1ca4cd66f5bdfd621326ec0ae813c7be659c1caaf4237,1298.8329999999999,1289.5639999999996,1306.458,61.057,12.7025,13.113,16.76465,,,11
cpu,14,core,36,32,3,64,1,warm,A,4608,13824,0,0,48,192.0,f6df578e0ec77131fad1ca4cd66f5bdfd621326ec0ae813c7be659c1caaf4237,2551.8120000000026,2540.7300000000005,2565.2870000000007,44.906,12.971499999999999,13.3819,15.318150000000003,,,11
cpu,14,core,36,32,3,64,1,warm,B,4608,4608,0,0,16,192.0,f6df578e0ec77131fad1ca4cd66f5bdfd621326ec0ae813c7be659c1caaf4237,2498.476999999999,2480.146,2500.375000000001,4.665,12.893,13.273399999999999,14.959530000000003,,,11
cpu,14,core,36,32,3,64,1,warm,C,4608,4608,36,864,16,192.0,f6df578e0ec77131fad1ca4cd66f5bdfd621326ec0ae813c7be659c1caaf4237,4046.1839999999984,4036.2680000000005,4078.760999999997,35.431,20.7255,21.578999999999997,23.928770000000004,,,11
cpu,14,core,36,32,3,64,1,warm,D,4608,4608,36,864,16,192.0,f6df578e0ec77131fad1ca4cd66f5bdfd621326ec0ae813c7be659c1caaf4237,6885.4710000000005,6872.896000000001,6897.057999999999,38.985,35.3825,37.17764999999999,40.55115,,,11
cpu,14,core,36,32,3,64,1,warm,E,4608,4608,0,0,16,192.0,f6df578e0ec77131fad1ca4cd66f5bdfd621326ec0ae813c7be659c1caaf4237,3548.723,3534.6319999999982,3559.621999999999,27.84,20.4885,21.2024,23.198220000000003,,,11
cpu,14,core,36,32,3,64,1,warm,F,4608,4608,0,0,16,192.0,f6df578e0ec77131fad1ca4cd66f5bdfd621326ec0ae813c7be659c1caaf4237,3549.327,3531.765000000001,3556.7560000000017,27.108,20.534,21.0563,23.09625,,,11
cpu,14,core,36,32,3,64,1,warm,G,4608,13824,0,0,48,192.0,f6df578e0ec77131fad1ca4cd66f5bdfd621326ec0ae813c7be659c1caaf4237,2526.191999999998,2518.134,2535.1190000000024,61.889,12.712499999999999,13.0345,15.531410000000006,,,11
cpu,15,core,36,32,3,128,1,warm,A,4608,13824,0,0,48,384.0,f6df578e0ec77131fad1ca4cd66f5bdfd621326ec0ae813c7be659c1caaf4237,5004.427,4988.995000000002,5046.202000000003,45.176,12.8415,13.2394,15.157220000000002,,,11
cpu,15,core,36,32,3,128,1,warm,B,4608,4608,0,0,16,384.0,f6df578e0ec77131fad1ca4cd66f5bdfd621326ec0ae813c7be659c1caaf4237,4962.351999999996,4917.891999999999,4989.525000000003,4.925,12.799,13.1671,14.838520000000006,,,11
cpu,15,core,36,32,3,128,1,warm,C,4608,4608,36,864,16,384.0,f6df578e0ec77131fad1ca4cd66f5bdfd621326ec0ae813c7be659c1caaf4237,7981.939000000002,7974.134000000003,8002.722999999999,35.625,20.583,21.22655,23.5305,,,11
cpu,15,core,36,32,3,128,1,warm,D,4608,4608,36,864,16,384.0,f6df578e0ec77131fad1ca4cd66f5bdfd621326ec0ae813c7be659c1caaf4237,13671.201999999997,13571.814,13759.978999999998,39.012,35.199,36.442299999999996,39.61644000000003,,,11
cpu,15,core,36,32,3,128,1,warm,E,4608,4608,0,0,16,384.0,f6df578e0ec77131fad1ca4cd66f5bdfd621326ec0ae813c7be659c1caaf4237,7005.855000000005,6987.445999999999,7070.835999999998,28.446,20.387500000000003,20.868,23.05956,,,11
cpu,15,core,36,32,3,128,1,warm,F,4608,4608,0,0,16,384.0,f6df578e0ec77131fad1ca4cd66f5bdfd621326ec0ae813c7be659c1caaf4237,7001.8189999999995,6982.848,7021.820000000001,27.675,20.375,20.8835,22.882460000000002,,,11
cpu,15,core,36,32,3,128,1,warm,G,4608,13824,0,0,48,384.0,f6df578e0ec77131fad1ca4cd66f5bdfd621326ec0ae813c7be659c1caaf4237,4949.441000000008,4937.495000000003,4964.554999999995,61.563,12.646,12.863850000000001,15.186620000000007,,,11
cpu,16,core,144,32,1,1,1,warm,A,18432,18432,0,0,16,1.0,f6df578e0ec77131fad1ca4cd66f5bdfd621326ec0ae813c7be659c1caaf4237,40.407,39.849999999999994,40.869,21.562,18.485,18.485,18.485,,,11
cpu,16,core,144,32,1,1,1,warm,B,18432,18432,0,0,16,1.0,f6df578e0ec77131fad1ca4cd66f5bdfd621326ec0ae813c7be659c1caaf4237,21.961,21.75,22.612,4.827,17.195,17.195,17.195,,,11
cpu,16,core,144,32,1,1,1,warm,C,18432,18432,144,1152,16,1.0,f6df578e0ec77131fad1ca4cd66f5bdfd621326ec0ae813c7be659c1caaf4237,56.949,55.673,57.576,26.912,30.036,30.036,30.036,,,11
cpu,16,core,144,32,1,1,1,warm,D,18432,18432,144,1152,16,1.0,f6df578e0ec77131fad1ca4cd66f5bdfd621326ec0ae813c7be659c1caaf4237,80.803,79.453,85.584,29.412,51.326,51.326,51.326,,,11
cpu,16,core,144,32,1,1,1,warm,E,18432,18432,0,0,16,1.0,f6df578e0ec77131fad1ca4cd66f5bdfd621326ec0ae813c7be659c1caaf4237,49.120000000000005,48.343,51.373,31.012,18.595,18.595,18.595,,,11
cpu,16,core,144,32,1,1,1,warm,F,18432,18432,0,0,16,1.0,f6df578e0ec77131fad1ca4cd66f5bdfd621326ec0ae813c7be659c1caaf4237,49.138,48.168,49.943,30.484,18.596,18.596,18.596,,,11
cpu,16,core,144,32,1,1,1,warm,G,18432,18432,0,0,16,1.0,f6df578e0ec77131fad1ca4cd66f5bdfd621326ec0ae813c7be659c1caaf4237,55.994,55.55,57.487,37.348,18.858,18.858,18.858,,,11
cpu,17,core,144,32,1,2,1,warm,A,18432,18432,0,0,16,2.0,f6df578e0ec77131fad1ca4cd66f5bdfd621326ec0ae813c7be659c1caaf4237,55.724000000000004,54.857,57.082,21.258,17.1675,18.99315,19.155430000000003,,,11
cpu,17,core,144,32,1,2,1,warm,B,18432,18432,0,0,16,2.0,f6df578e0ec77131fad1ca4cd66f5bdfd621326ec0ae813c7be659c1caaf4237,37.150999999999996,36.985,37.57,4.889,16.1435,16.8737,16.94354,,,11
cpu,17,core,144,32,1,2,1,warm,C,18432,18432,144,1152,16,2.0,f6df578e0ec77131fad1ca4cd66f5bdfd621326ec0ae813c7be659c1caaf4237,84.097,82.80199999999999,86.09599999999999,26.699,28.817,29.717,29.797,,,11
cpu,17,core,144,32,1,2,1,warm,D,18432,18432,144,1152,16,2.0,f6df578e0ec77131fad1ca4cd66f5bdfd621326ec0ae813c7be659c1caaf4237,124.04599999999999,122.38,124.639,29.685,47.153999999999996,49.4963,49.753659999999996,,,11
cpu,17,core,144,32,1,2,1,warm,E,18432,18432,0,0,16,2.0,f6df578e0ec77131fad1ca4cd66f5bdfd621326ec0ae813c7be659c1caaf4237,65.055,64.862,67.16,30.898,17.034,18.5989,18.73178,,,11
cpu,17,core,144,32,1,2,1,warm,F,18432,18432,0,0,16,2.0,f6df578e0ec77131fad1ca4cd66f5bdfd621326ec0ae813c7be659c1caaf4237,65.86,65.531,66.723,31.362,17.229,18.61615,18.71123,,,11
cpu,17,core,144,32,1,2,1,warm,G,18432,18432,0,0,16,2.0,f6df578e0ec77131fad1ca4cd66f5bdfd621326ec0ae813c7be659c1caaf4237,71.15700000000001,70.78399999999999,72.04599999999999,36.951,17.044,18.442249999999998,18.564449999999997,,,11
cpu,18,core,144,32,1,4,1,warm,A,18432,18432,0,0,16,4.0,f6df578e0ec77131fad1ca4cd66f5bdfd621326ec0ae813c7be659c1caaf4237,85.43900000000001,85.036,88.362,22.086,15.1495,17.80025,18.14005,,,11
cpu,18,core,144,32,1,4,1,warm,B,18432,18432,0,0,16,4.0,f6df578e0ec77131fad1ca4cd66f5bdfd621326ec0ae813c7be659c1caaf4237,67.15100000000001,66.524,76.54899999999999,4.837,15.2325,16.84555,17.07151,,,11
cpu,18,core,144,32,1,4,1,warm,C,18432,18432,144,1152,16,4.0,f6df578e0ec77131fad1ca4cd66f5bdfd621326ec0ae813c7be659c1caaf4237,138.437,137.041,140.008,27.21,27.2745,29.5849,29.84106,,,11
cpu,18,core,144,32,1,4,1,warm,D,18432,18432,144,1152,16,4.0,f6df578e0ec77131fad1ca4cd66f5bdfd621326ec0ae813c7be659c1caaf4237,208.63199999999998,207.67,214.962,29.725,43.5305,49.56105,50.25381,,,11
cpu,18,core,144,32,1,4,1,warm,E,18432,18432,0,0,16,4.0,f6df578e0ec77131fad1ca4cd66f5bdfd621326ec0ae813c7be659c1caaf4237,96.32400000000001,95.75900000000001,101.298,31.386,15.3635,18.7108,19.131759999999996,,,11
cpu,18,core,144,32,1,4,1,warm,F,18432,18432,0,0,16,4.0,f6df578e0ec77131fad1ca4cd66f5bdfd621326ec0ae813c7be659c1caaf4237,95.335,94.861,96.321,30.958,15.413,18.644049999999996,19.04909,,,11
cpu,18,core,144,32,1,4,1,warm,G,18432,18432,0,0,16,4.0,f6df578e0ec77131fad1ca4cd66f5bdfd621326ec0ae813c7be659c1caaf4237,102.435,101.654,104.162,38.103,15.365,18.560599999999997,18.928810000000002,,,11
cpu,19,core,144,32,1,8,1,warm,A,18432,18432,0,0,16,8.0,f6df578e0ec77131fad1ca4cd66f5bdfd621326ec0ae813c7be659c1caaf4237,144.569,141.697,156.622,21.799,14.584,17.784799999999997,18.77376,,,11
cpu,19,core,144,32,1,8,1,warm,B,18432,18432,0,0,16,8.0,f6df578e0ec77131fad1ca4cd66f5bdfd621326ec0ae813c7be659c1caaf4237,124.26,123.77500000000002,124.52,4.889,14.5815,16.370399999999997,16.77683,,,11
cpu,19,core,144,32,1,8,1,warm,C,18432,18432,144,1152,16,8.0,f6df578e0ec77131fad1ca4cd66f5bdfd621326ec0ae813c7be659c1caaf4237,243.365,241.94599999999997,253.679,27.551,26.286,29.734499999999997,30.5773,,,11
cpu,19,core,144,32,1,8,1,warm,D,18432,18432,144,1152,16,8.0,f6df578e0ec77131fad1ca4cd66f5bdfd621326ec0ae813c7be659c1caaf4237,372.361,370.12100000000004,384.08400000000006,29.557,41.599,48.8009,50.805339999999994,,,11
cpu,19,core,144,32,1,8,1,warm,E,18432,18432,0,0,16,8.0,f6df578e0ec77131fad1ca4cd66f5bdfd621326ec0ae813c7be659c1caaf4237,152.979,150.998,154.57999999999998,31.062,14.633,17.601149999999997,18.477829999999997,,,11
cpu,19,core,144,32,1,8,1,warm,F,18432,18432,0,0,16,8.0,f6df578e0ec77131fad1ca4cd66f5bdfd621326ec0ae813c7be659c1caaf4237,152.643,152.06300000000002,154.71099999999998,31.321,14.576,17.457349999999998,18.29147,,,11
cpu,19,core,144,32,1,8,1,warm,G,18432,18432,0,0,16,8.0,f6df578e0ec77131fad1ca4cd66f5bdfd621326ec0ae813c7be659c1caaf4237,159.242,158.85,168.596,37.808,14.598500000000001,17.698249999999998,18.573349999999998,,,11
cpu,20,core,144,32,1,16,1,warm,A,18432,18432,0,0,16,16.0,f6df578e0ec77131fad1ca4cd66f5bdfd621326ec0ae813c7be659c1caaf4237,264.87899999999996,258.937,268.969,22.064,14.3315,19.6465,22.723249999999997,,,11
cpu,20,core,144,32,1,16,1,warm,B,18432,18432,0,0,16,16.0,f6df578e0ec77131fad1ca4cd66f5bdfd621326ec0ae813c7be659c1caaf4237,239.91000000000003,238.601,242.627,4.985,14.4995,15.78525,16.6746,,,11
cpu,20,core,144,32,1,16,1,warm,C,18432,18432,144,1152,16,16.0,f6df578e0ec77131fad1ca4cd66f5bdfd621326ec0ae813c7be659c1caaf4237,451.12700000000007,444.80800000000005,457.877,26.836,25.8825,28.26475,29.49945,,,11
cpu,20,core,144,32,1,16,1,warm,D,18432,18432,144,1152,16,16.0,f6df578e0ec77131fad1ca4cd66f5bdfd621326ec0ae813c7be659c1caaf4237,703.2089999999998,696.766,709.0750000000002,29.045,40.705,50.322250000000004,51.741949999999996,,,11
cpu,20,core,144,32,1,16,1,warm,E,18432,18432,0,0,16,16.0,f6df578e0ec77131fad1ca4cd66f5bdfd621326ec0ae813c7be659c1caaf4237,270.416,266.92299999999994,274.912,31.343,14.402000000000001,16.589,18.625,,,11
cpu,20,core,144,32,1,16,1,warm,F,18432,18432,0,0,16,16.0,f6df578e0ec77131fad1ca4cd66f5bdfd621326ec0ae813c7be659c1caaf4237,270.02,268.962,274.921,32.193,14.4925,16.37325,18.488249999999997,,,11
cpu,20,core,144,32,1,16,1,warm,G,18432,18432,0,0,16,16.0,f6df578e0ec77131fad1ca4cd66f5bdfd621326ec0ae813c7be659c1caaf4237,273.505,271.193,277.364,37.736,14.3475,16.39625,18.53765,,,11
cpu,21,core,144,32,1,32,1,warm,A,18432,18432,0,0,16,32.0,f6df578e0ec77131fad1ca4cd66f5bdfd621326ec0ae813c7be659c1caaf4237,492.60200000000003,486.17799999999994,498.07400000000007,22.341,14.2935,15.407599999999999,17.898980000000005,,,11
cpu,21,core,144,32,1,32,1,warm,B,18432,18432,0,0,16,32.0,f6df578e0ec77131fad1ca4cd66f5bdfd621326ec0ae813c7be659c1caaf4237,473.989,469.9819999999999,485.693,4.897,14.504999999999999,15.2943,17.140370000000004,,,11
cpu,21,core,144,32,1,32,1,warm,C,18432,18432,144,1152,16,32.0,f6df578e0ec77131fad1ca4cd66f5bdfd621326ec0ae813c7be659c1caaf4237,868.568,864.8290000000001,874.2169999999999,27.054,25.84,28.688249999999996,32.501180000000005,,,11
cpu,21,core,144,32,1,32,1,warm,D,18432,18432,144,1152,16,32.0,f6df578e0ec77131fad1ca4cd66f5bdfd621326ec0ae813c7be659c1caaf4237,1362.2759999999998,1354.311,1363.375,30.335,40.576,47.24994999999999,50.90104,,,11
cpu,21,core,144,32,1,32,1,warm,E,18432,18432,0,0,16,32.0,f6df578e0ec77131fad1ca4cd66f5bdfd621326ec0ae813c7be659c1caaf4237,508.587,503.674,510.03300000000013,31.424,14.399000000000001,16.973049999999997,21.403320000000004,,,11
cpu,21,core,144,32,1,32,1,warm,F,18432,18432,0,0,16,32.0,f6df578e0ec77131fad1ca4cd66f5bdfd621326ec0ae813c7be659c1caaf4237,503.302,500.48299999999995,511.0469999999999,31.841,14.487,15.72895,18.720980000000004,,,11
cpu,21,core,144,32,1,32,1,warm,G,18432,18432,0,0,16,32.0,f6df578e0ec77131fad1ca4cd66f5bdfd621326ec0ae813c7be659c1caaf4237,507.74099999999993,501.24200000000013,517.126,38.446,14.340499999999999,15.548149999999998,18.854720000000004,,,11
cpu,22,core,144,32,1,64,1,warm,A,18432,18432,0,0,16,64.0,f6df578e0ec77131fad1ca4cd66f5bdfd621326ec0ae813c7be659c1caaf4237,953.7629999999999,942.7090000000003,958.15,22.896,14.251999999999999,14.94225,20.52271999999999,,,11
cpu,22,core,144,32,1,64,1,warm,B,18432,18432,0,0,16,64.0,f6df578e0ec77131fad1ca4cd66f5bdfd621326ec0ae813c7be659c1caaf4237,937.5490000000001,932.5139999999999,947.105,5.059,14.4635,14.8844,18.39347999999999,,,11
cpu,22,core,144,32,1,64,1,warm,C,18432,18432,144,1152,16,64.0,f6df578e0ec77131fad1ca4cd66f5bdfd621326ec0ae813c7be659c1caaf4237,1690.515,1680.93,1697.2540000000001,28.299,25.721,27.336299999999998,31.28817999999999,,,11
cpu,22,core,144,32,1,64,1,warm,D,18432,18432,144,1152,16,64.0,f6df578e0ec77131fad1ca4cd66f5bdfd621326ec0ae813c7be659c1caaf4237,2642.080999999999,2633.405,2651.061,30.056,40.245000000000005,44.0121,49.84132999999999,,,11
cpu,22,core,144,32,1,64,1,warm,E,18432,18432,0,0,16,64.0,f6df578e0ec77131fad1ca4cd66f5bdfd621326ec0ae813c7be659c1caaf4237,963.568,957.8959999999996,970.2869999999998,31.754,14.3465,15.005149999999999,19.916369999999993,,,11
cpu,22,core,144,32,1,64,1,warm,F,18432,18432,0,0,16,64.0,f6df578e0ec77131fad1ca4cd66f5bdfd621326ec0ae813c7be659c1caaf4237,958.4109999999996,956.4030000000001,965.5400000000001,32.614,14.276,14.952649999999998,19.67465999999999,,,11
cpu,22,core,144,32,1,64,1,warm,G,18432,18432,0,0,16,64.0,f6df578e0ec77131fad1ca4cd66f5bdfd621326ec0ae813c7be659c1caaf4237,971.313,964.8980000000001,973.065,39.971,14.3,14.8712,20.233909999999987,,,11
cpu,23,core,144,32,1,128,1,warm,A,18432,18432,0,0,16,128.0,f6df578e0ec77131fad1ca4cd66f5bdfd621326ec0ae813c7be659c1caaf4237,1858.6040000000007,1845.3440000000005,1873.0699999999995,22.887,14.189,14.65605,18.62432000000001,,,11
cpu,23,core,144,32,1,128,1,warm,B,18432,18432,0,0,16,128.0,f6df578e0ec77131fad1ca4cd66f5bdfd621326ec0ae813c7be659c1caaf4237,1852.8549999999996,1837.4150000000006,1863.3869999999997,5.153,14.2705,14.671899999999999,17.00411,,,11
cpu,23,core,144,32,1,128,1,warm,C,18432,18432,144,1152,16,128.0,f6df578e0ec77131fad1ca4cd66f5bdfd621326ec0ae813c7be659c1caaf4237,3319.994999999999,3292.0779999999995,3343.647999999999,29.556,25.445500000000003,26.491849999999996,30.41414,,,11
cpu,23,core,144,32,1,128,1,warm,D,18432,18432,144,1152,16,128.0,f6df578e0ec77131fad1ca4cd66f5bdfd621326ec0ae813c7be659c1caaf4237,5218.384999999997,5208.397000000001,5238.487000000002,31.25,40.116,42.845749999999995,48.22143000000001,,,11
cpu,23,core,144,32,1,128,1,warm,E,18432,18432,0,0,16,128.0,f6df578e0ec77131fad1ca4cd66f5bdfd621326ec0ae813c7be659c1caaf4237,1881.0869999999995,1875.088,1898.0249999999999,32.669,14.299,14.6473,18.70606,,,11
cpu,23,core,144,32,1,128,1,warm,F,18432,18432,0,0,16,128.0,f6df578e0ec77131fad1ca4cd66f5bdfd621326ec0ae813c7be659c1caaf4237,1882.588,1877.647,1891.4339999999993,33.522,14.332,14.660499999999999,18.802970000000006,,,11
cpu,23,core,144,32,1,128,1,warm,G,18432,18432,0,0,16,128.0,f6df578e0ec77131fad1ca4cd66f5bdfd621326ec0ae813c7be659c1caaf4237,1879.1920000000005,1870.091,1891.6019999999999,39.29,14.217,14.633199999999999,18.47771000000001,,,11
cpu,24,core,144,32,3,1,1,warm,A,18432,55296,0,0,48,3.0,f6df578e0ec77131fad1ca4cd66f5bdfd621326ec0ae813c7be659c1caaf4237,106.293,105.25699999999999,124.656,56.753,15.448,18.877100000000002,19.209020000000002,,,11
cpu,24,core,144,32,3,1,1,warm,B,18432,18432,0,0,16,3.0,f6df578e0ec77131fad1ca4cd66f5bdfd621326ec0ae813c7be659c1caaf4237,52.006,51.093,55.608,5.09,15.571,16.2717,16.32714,,,11
cpu,24,core,144,32,3,1,1,warm,C,18432,18432,144,3456,16,3.0,f6df578e0ec77131fad1ca4cd66f5bdfd621326ec0ae813c7be659c1caaf4237,122.779,121.38399999999999,130.55599999999998,39.07,27.21,29.183,29.358999999999998,,,11
cpu,24,core,144,32,3,1,1,warm,D,18432,18432,144,3456,16,3.0,f6df578e0ec77131fad1ca4cd66f5bdfd621326ec0ae813c7be659c1caaf4237,175.19,174.465,177.17199999999997,41.649,43.749,47.0079,47.297579999999996,,,11
cpu,24,core,144,32,3,1,1,warm,E,18432,18432,0,0,16,3.0,f6df578e0ec77131fad1ca4cd66f5bdfd621326ec0ae813c7be659c1caaf4237,104.496,103.32300000000001,107.28699999999999,32.224,26.631,27.7136,27.79632,,,11
cpu,24,core,144,32,3,1,1,warm,F,18432,18432,0,0,16,3.0,f6df578e0ec77131fad1ca4cd66f5bdfd621326ec0ae813c7be659c1caaf4237,105.684,104.162,112.959,32.223,26.636,27.8732,27.94424,,,11
cpu,24,core,144,32,3,1,1,warm,G,18432,55296,0,0,48,3.0,f6df578e0ec77131fad1ca4cd66f5bdfd621326ec0ae813c7be659c1caaf4237,127.372,124.576,130.446,74.495,15.625,19.9369,20.32018,,,11
cpu,25,core,144,32,3,2,1,warm,A,18432,55296,0,0,48,6.0,f6df578e0ec77131fad1ca4cd66f5bdfd621326ec0ae813c7be659c1caaf4237,150.496,149.23399999999998,160.887,56.535,14.862,18.098,18.83725,,,11
cpu,25,core,144,32,3,2,1,warm,B,18432,18432,0,0,16,6.0,f6df578e0ec77131fad1ca4cd66f5bdfd621326ec0ae813c7be659c1caaf4237,95.91,95.50699999999999,96.874,4.911,14.9495,16.377,16.6146,,,11
cpu,25,core,144,32,3,2,1,warm,C,18432,18432,144,3456,16,6.0,f6df578e0ec77131fad1ca4cd66f5bdfd621326ec0ae813c7be659c1caaf4237,200.59000000000003,198.834,203.27799999999996,38.9,26.373,28.59675,28.81775,,,11
cpu,25,core,144,32,3,2,1,warm,D,18432,18432,144,3456,16,6.0,f6df578e0ec77131fad1ca4cd66f5bdfd621326ec0ae813c7be659c1caaf4237,300.971,298.60499999999996,310.873,42.724,42.069,46.59625,47.4542,,,11
cpu,25,core,144,32,3,2,1,warm,E,18432,18432,0,0,16,6.0,f6df578e0ec77131fad1ca4cd66f5bdfd621326ec0ae813c7be659c1caaf4237,174.40800000000002,172.678,183.06799999999998,32.932,26.1685,27.77225,28.096,,,11
cpu,25,core,144,32,3,2,1,warm,F,18432,18432,0,0,16,6.0,f6df578e0ec77131fad1ca4cd66f5bdfd621326ec0ae813c7be659c1caaf4237,173.066,171.23299999999998,174.458,32.246,26.097,27.72175,28.07235,,,11
cpu,25,core,144,32,3,2,1,warm,G,18432,55296,0,0,48,6.0,f6df578e0ec77131fad1ca4cd66f5bdfd621326ec0ae813c7be659c1caaf4237,169.889,168.588,171.493,75.458,14.842500000000001,19.26925,20.24105,,,11
cpu,26,core,144,32,3,4,1,warm,A,18432,55296,0,0,48,12.0,f6df578e0ec77131fad1ca4cd66f5bdfd621326ec0ae813c7be659c1caaf4237,239.04299999999998,238.0,248.69400000000002,56.906,14.7025,17.2294,19.001890000000003,,,11
cpu,26,core,144,32,3,4,1,warm,B,18432,18432,0,0,16,12.0,f6df578e0ec77131fad1ca4cd66f5bdfd621326ec0ae813c7be659c1caaf4237,182.99099999999999,182.54800000000006,184.47500000000002,5.028,14.665,15.88145,16.55949,,,11
cpu,26,core,144,32,3,4,1,warm,C,18432,18432,144,3456,16,12.0,f6df578e0ec77131fad1ca4cd66f5bdfd621326ec0ae813c7be659c1caaf4237,360.628,357.48699999999997,366.619,39.206,26.334,28.58065,29.91871,,,11
cpu,26,core,144,32,3,4,1,warm,D,18432,18432,144,3456,16,12.0,f6df578e0ec77131fad1ca4cd66f5bdfd621326ec0ae813c7be659c1caaf4237,557.832,549.602,559.9620000000001,43.01,41.465500000000006,49.750099999999996,50.76865,,,11
cpu,26,core,144,32,3,4,1,warm,E,18432,18432,0,0,16,12.0,f6df578e0ec77131fad1ca4cd66f5bdfd621326ec0ae813c7be659c1caaf4237,306.92800000000005,305.586,313.286,31.512,25.875,27.67215,28.50243,,,11
cpu,26,core,144,32,3,4,1,warm,F,18432,18432,0,0,16,12.0,f6df578e0ec77131fad1ca4cd66f5bdfd621326ec0ae813c7be659c1caaf4237,307.91700000000003,305.74000000000007,312.959,33.456,25.845,27.39625,28.384050000000002,,,11
cpu,26,core,144,32,3,4,1,warm,G,18432,55296,0,0,48,12.0,f6df578e0ec77131fad1ca4cd66f5bdfd621326ec0ae813c7be659c1caaf4237,258.461,256.674,268.083,75.923,14.573,17.848249999999997,20.014940000000003,,,11
cpu,27,core,144,32,3,8,1,warm,A,18432,55296,0,0,48,24.0,f6df578e0ec77131fad1ca4cd66f5bdfd621326ec0ae813c7be659c1caaf4237,412.153,411.0460000000001,419.387,56.347,14.525500000000001,15.6983,18.50023,,,11
cpu,27,core,144,32,3,8,1,warm,B,18432,18432,0,0,16,24.0,f6df578e0ec77131fad1ca4cd66f5bdfd621326ec0ae813c7be659c1caaf4237,360.63399999999996,355.999,364.897,5.046,14.496,15.52015,16.89733,,,11
cpu,27,core,144,32,3,8,1,warm,C,18432,18432,144,3456,16,24.0,f6df578e0ec77131fad1ca4cd66f5bdfd621326ec0ae813c7be659c1caaf4237,675.8069999999999,671.012,679.369,40.222,25.9595,27.519199999999998,29.85203,,,11
cpu,27,core,144,32,3,8,1,warm,D,18432,18432,144,3456,16,24.0,f6df578e0ec77131fad1ca4cd66f5bdfd621326ec0ae813c7be659c1caaf4237,1041.0149999999999,1036.1119999999999,1043.031,43.791,40.5265,46.543899999999994,49.3472,,,11
cpu,27,core,144,32,3,8,1,warm,E,18432,18432,0,0,16,24.0,f6df578e0ec77131fad1ca4cd66f5bdfd621326ec0ae813c7be659c1caaf4237,575.152,570.121,579.0269999999999,32.598,25.6705,26.68055,28.04392,,,11
cpu,27,core,144,32,3,8,1,warm,F,18432,18432,0,0,16,24.0,f6df578e0ec77131fad1ca4cd66f5bdfd621326ec0ae813c7be659c1caaf4237,573.052,569.117,578.858,32.514,25.627000000000002,26.70955,27.752999999999997,,,11
cpu,27,core,144,32,3,8,1,warm,G,18432,55296,0,0,48,24.0,f6df578e0ec77131fad1ca4cd66f5bdfd621326ec0ae813c7be659c1caaf4237,431.4600000000001,428.02199999999993,436.875,75.087,14.406,15.450899999999999,19.63441,,,11
cpu,28,core,144,32,3,16,1,warm,A,18432,55296,0,0,48,48.0,f6df578e0ec77131fad1ca4cd66f5bdfd621326ec0ae813c7be659c1caaf4237,768.6709999999999,764.2559999999997,770.715,56.928,14.534500000000001,15.10195,20.923230000000004,,,11
cpu,28,core,144,32,3,16,1,warm,B,18432,18432,0,0,16,48.0,f6df578e0ec77131fad1ca4cd66f5bdfd621326ec0ae813c7be659c1caaf4237,706.0669999999999,699.33,713.188,5.184,14.372499999999999,15.269449999999999,19.219450000000005,,,11
cpu,28,core,144,32,3,16,1,warm,C,18432,18432,144,3456,16,48.0,f6df578e0ec77131fad1ca4cd66f5bdfd621326ec0ae813c7be659c1caaf4237,1294.8450000000003,1290.078,1302.54,40.355,25.853,27.30135,30.906200000000005,,,11
cpu,28,core,144,32,3,16,1,warm,D,18432,18432,144,3456,16,48.0,f6df578e0ec77131fad1ca4cd66f5bdfd621326ec0ae813c7be659c1caaf4237,2021.1589999999997,2012.498,2034.4569999999999,43.132,40.524,44.8978,49.288380000000004,,,11
cpu,28,core,144,32,3,16,1,warm,E,18432,18432,0,0,16,48.0,f6df578e0ec77131fad1ca4cd66f5bdfd621326ec0ae813c7be659c1caaf4237,1108.19,1102.328,1112.205,32.263,25.508499999999998,26.3978,32.34315,,,11
cpu,28,core,144,32,3,16,1,warm,F,18432,18432,0,0,16,48.0,f6df578e0ec77131fad1ca4cd66f5bdfd621326ec0ae813c7be659c1caaf4237,1105.882,1100.922,1111.824,33.124,25.4875,26.3816,30.474760000000003,,,11
cpu,28,core,144,32,3,16,1,warm,G,18432,55296,0,0,48,48.0,f6df578e0ec77131fad1ca4cd66f5bdfd621326ec0ae813c7be659c1caaf4237,778.979,773.9100000000001,784.476,76.666,14.245999999999999,15.1915,21.577530000000003,,,11
cpu,29,core,144,32,3,32,1,warm,A,18432,55296,0,0,48,96.0,f6df578e0ec77131fad1ca4cd66f5bdfd621326ec0ae813c7be659c1caaf4237,1449.6599999999999,1444.5810000000004,1455.2019999999995,56.293,14.338999999999999,14.83025,19.087349999999994,,,11
cpu,29,core,144,32,3,32,1,warm,B,18432,18432,0,0,16,96.0,f6df578e0ec77131fad1ca4cd66f5bdfd621326ec0ae813c7be659c1caaf4237,1385.6850000000002,1373.858,1391.9059999999997,5.022,14.237,14.7055,17.170299999999987,,,11
cpu,29,core,144,32,3,32,1,warm,C,18432,18432,144,3456,16,96.0,f6df578e0ec77131fad1ca4cd66f5bdfd621326ec0ae813c7be659c1caaf4237,2513.9610000000002,2500.54,2525.1859999999997,40.295,25.5635,26.67825,30.242549999999998,,,11
cpu,29,core,144,32,3,32,1,warm,D,18432,18432,144,3456,16,96.0,f6df578e0ec77131fad1ca4cd66f5bdfd621326ec0ae813c7be659c1caaf4237,3930.4360000000015,3922.0269999999996,3949.0890000000004,43.22,40.093,43.10525,46.96799999999998,,,11
cpu,29,core,144,32,3,32,1,warm,E,18432,18432,0,0,16,96.0,f6df578e0ec77131fad1ca4cd66f5bdfd621326ec0ae813c7be659c1caaf4237,2156.0270000000005,2145.0469999999996,2160.7039999999997,34.298,25.3295,26.05275,28.704149999999988,,,11
cpu,29,core,144,32,3,32,1,warm,F,18432,18432,0,0,16,96.0,f6df578e0ec77131fad1ca4cd66f5bdfd621326ec0ae813c7be659c1caaf4237,2137.9150000000004,2130.926,2155.792000000001,33.357,25.1985,25.950499999999998,28.36319999999998,,,11
cpu,29,core,144,32,3,32,1,warm,G,18432,55296,0,0,48,96.0,f6df578e0ec77131fad1ca4cd66f5bdfd621326ec0ae813c7be659c1caaf4237,1464.7780000000002,1457.2329999999997,1472.145,76.613,14.244,14.727500000000001,20.256049999999984,,,11
cpu,30,core,144,32,3,64,1,warm,A,18432,55296,0,0,48,192.0,f6df578e0ec77131fad1ca4cd66f5bdfd621326ec0ae813c7be659c1caaf4237,2848.3419999999987,2837.989,2853.348,56.886,14.442,14.771049999999999,17.399030000000003,,,11
cpu,30,core,144,32,3,64,1,warm,B,18432,18432,0,0,16,192.0,f6df578e0ec77131fad1ca4cd66f5bdfd621326ec0ae813c7be659c1caaf4237,2780.0680000000016,2769.4149999999995,2792.5760000000014,5.41,14.329,14.728349999999999,16.624290000000002,,,11
cpu,30,core,144,32,3,64,1,warm,C,18432,18432,144,3456,16,192.0,f6df578e0ec77131fad1ca4cd66f5bdfd621326ec0ae813c7be659c1caaf4237,4977.980999999999,4959.222000000002,5000.566000000001,41.642,25.5535,26.187,28.971910000000005,,,11
cpu,30,core,144,32,3,64,1,warm,D,18432,18432,144,3456,16,192.0,f6df578e0ec77131fad1ca4cd66f5bdfd621326ec0ae813c7be659c1caaf4237,7835.101,7818.622,7852.982000000004,44.685,40.278999999999996,42.39199999999999,45.84189000000001,,,11
cpu,30,core,144,32,3,64,1,warm,E,18432,18432,0,0,16,192.0,f6df578e0ec77131fad1ca4cd66f5bdfd621326ec0ae813c7be659c1caaf4237,4273.556,4247.146999999999,4275.330000000003,34.871,25.3415,26.0348,28.539900000000006,,,11
cpu,30,core,144,32,3,64,1,warm,F,18432,18432,0,0,16,192.0,f6df578e0ec77131fad1ca4cd66f5bdfd621326ec0ae813c7be659c1caaf4237,4261.713,4249.931999999999,4272.113000000001,34.711,25.296,25.87715,28.400060000000007,,,11
cpu,30,core,144,32,3,64,1,warm,G,18432,55296,0,0,48,192.0,f6df578e0ec77131fad1ca4cd66f5bdfd621326ec0ae813c7be659c1caaf4237,2828.1959999999995,2816.9590000000007,2848.8179999999993,77.196,14.190000000000001,14.52845,17.34233000000001,,,11
cpu,31,core,144,32,3,128,1,warm,A,18432,55296,0,0,48,384.0,f6df578e0ec77131fad1ca4cd66f5bdfd621326ec0ae813c7be659c1caaf4237,5587.936000000006,5552.874000000005,5606.534,56.593,14.313500000000001,14.693449999999999,16.727700000000002,,,11
cpu,31,core,144,32,3,128,1,warm,B,18432,18432,0,0,16,384.0,f6df578e0ec77131fad1ca4cd66f5bdfd621326ec0ae813c7be659c1caaf4237,5499.708999999996,5465.201,5512.577999999999,5.356,14.224,14.495,16.65145,,,11
cpu,31,core,144,32,3,128,1,warm,C,18432,18432,144,3456,16,384.0,f6df578e0ec77131fad1ca4cd66f5bdfd621326ec0ae813c7be659c1caaf4237,9898.953000000005,9844.184999999998,9940.674999999997,41.536,25.5305,26.139400000000002,28.443750000000005,,,11
cpu,31,core,144,32,3,128,1,warm,D,18432,18432,144,3456,16,384.0,f6df578e0ec77131fad1ca4cd66f5bdfd621326ec0ae813c7be659c1caaf4237,15539.323999999999,15489.993999999993,15563.332999999997,45.575,40.120999999999995,41.85525,44.63660000000003,,,11
cpu,31,core,144,32,3,128,1,warm,E,18432,18432,0,0,16,384.0,f6df578e0ec77131fad1ca4cd66f5bdfd621326ec0ae813c7be659c1caaf4237,8433.588999999996,8395.961000000003,8445.455,36.375,25.235,25.701,27.883570000000002,,,11
cpu,31,core,144,32,3,128,1,warm,F,18432,18432,0,0,16,384.0,f6df578e0ec77131fad1ca4cd66f5bdfd621326ec0ae813c7be659c1caaf4237,8435.953999999996,8383.722,8496.854,36.095,25.192,25.676599999999997,28.103060000000003,,,11
cpu,31,core,144,32,3,128,1,warm,G,18432,55296,0,0,48,384.0,f6df578e0ec77131fad1ca4cd66f5bdfd621326ec0ae813c7be659c1caaf4237,5547.850999999999,5529.592000000002,5571.288000000002,78.078,14.1475,14.45475,16.53565,,,11
cpu,32,core,576,32,1,1,1,warm,A,73728,73728,0,0,16,1.0,f6df578e0ec77131fad1ca4cd66f5bdfd621326ec0ae813c7be659c1caaf4237,69.755,67.696,74.435,40.02,29.735,29.735,29.735,,,11
cpu,32,core,576,32,1,1,1,warm,B,73728,73728,0,0,16,1.0,f6df578e0ec77131fad1ca4cd66f5bdfd621326ec0ae813c7be659c1caaf4237,34.569,32.539,41.529,6.435,28.168,28.168,28.168,,,11
cpu,32,core,576,32,1,1,1,warm,C,73728,73728,1152,4608,16,1.0,f6df578e0ec77131fad1ca4cd66f5bdfd621326ec0ae813c7be659c1caaf4237,102.82300000000001,96.05199999999999,108.532,39.921,59.513,59.513,59.513,,,11
cpu,32,core,576,32,1,1,1,warm,D,73728,73728,1152,4608,16,1.0,f6df578e0ec77131fad1ca4cd66f5bdfd621326ec0ae813c7be659c1caaf4237,170.265,169.069,172.166,42.634,127.848,127.848,127.848,,,11
cpu,32,core,576,32,1,1,1,warm,E,73728,73728,0,0,16,1.0,f6df578e0ec77131fad1ca4cd66f5bdfd621326ec0ae813c7be659c1caaf4237,85.836,84.298,89.36699999999999,54.208,30.854,30.854,30.854,,,11
cpu,32,core,576,32,1,1,1,warm,F,73728,73728,0,0,16,1.0,f6df578e0ec77131fad1ca4cd66f5bdfd621326ec0ae813c7be659c1caaf4237,87.49000000000001,84.788,94.819,55.696,32.389,32.389,32.389,,,11
cpu,32,core,576,32,1,1,1,warm,G,73728,73728,0,0,16,1.0,f6df578e0ec77131fad1ca4cd66f5bdfd621326ec0ae813c7be659c1caaf4237,96.434,92.41,101.542,61.912,34.522,34.522,34.522,,,11
cpu,33,core,576,32,1,2,1,warm,A,73728,73728,0,0,16,2.0,f6df578e0ec77131fad1ca4cd66f5bdfd621326ec0ae813c7be659c1caaf4237,99.048,89.553,110.97800000000001,40.637,29.2475,31.802149999999997,32.02923,,,11
cpu,33,core,576,32,1,2,1,warm,B,73728,73728,0,0,16,2.0,f6df578e0ec77131fad1ca4cd66f5bdfd621326ec0ae813c7be659c1caaf4237,54.81,53.73500000000001,56.61800000000001,6.563,24.049,26.0618,26.19778,,,11
cpu,33,core,576,32,1,2,1,warm,C,73728,73728,1152,4608,16,2.0,f6df578e0ec77131fad1ca4cd66f5bdfd621326ec0ae813c7be659c1caaf4237,151.816,144.82999999999998,157.23399999999998,40.415,55.32599999999999,59.8275,60.0111,,,11
cpu,33,core,576,32,1,2,1,warm,D,73728,73728,1152,4608,16,2.0,f6df578e0ec77131fad1ca4cd66f5bdfd621326ec0ae813c7be659c1caaf4237,287.733,285.351,301.646,44.633,121.91749999999999,127.56750000000001,127.74249999999999,,,11
cpu,33,core,576,32,1,2,1,warm,E,73728,73728,0,0,16,2.0,f6df578e0ec77131fad1ca4cd66f5bdfd621326ec0ae813c7be659c1caaf4237,110.80199999999999,107.32,127.498,56.77,27.264499999999998,30.0662,30.28284,,,11
cpu,33,core,576,32,1,2,1,warm,F,73728,73728,0,0,16,2.0,f6df578e0ec77131fad1ca4cd66f5bdfd621326ec0ae813c7be659c1caaf4237,110.158,107.164,112.34299999999999,56.468,26.1585,29.95335,30.223399999999998,,,11
cpu,33,core,576,32,1,2,1,warm,G,73728,73728,0,0,16,2.0,f6df578e0ec77131fad1ca4cd66f5bdfd621326ec0ae813c7be659c1caaf4237,118.003,117.092,119.81899999999999,63.367,27.6065,30.619400000000002,30.85988,,,11
cpu,34,core,576,32,1,4,1,warm,A,73728,73728,0,0,16,4.0,f6df578e0ec77131fad1ca4cd66f5bdfd621326ec0ae813c7be659c1caaf4237,139.927,132.613,170.989,39.81,21.3375,32.156099999999995,33.599219999999995,,,11
cpu,34,core,576,32,1,4,1,warm,B,73728,73728,0,0,16,4.0,f6df578e0ec77131fad1ca4cd66f5bdfd621326ec0ae813c7be659c1caaf4237,95.902,94.795,96.672,6.77,20.9875,25.27945,25.84309,,,11
cpu,34,core,576,32,1,4,1,warm,C,73728,73728,1152,4608,16,4.0,f6df578e0ec77131fad1ca4cd66f5bdfd621326ec0ae813c7be659c1caaf4237,241.94,236.89600000000002,249.549,40.948,48.675,56.058949999999996,57.164069999999995,,,11
cpu,34,core,576,32,1,4,1,warm,D,73728,73728,1152,4608,16,4.0,f6df578e0ec77131fad1ca4cd66f5bdfd621326ec0ae813c7be659c1caaf4237,524.867,509.122,527.357,45.854,114.4445,127.93515000000001,128.13663000000003,,,11
cpu,34,core,576,32,1,4,1,warm,E,73728,73728,0,0,16,4.0,f6df578e0ec77131fad1ca4cd66f5bdfd621326ec0ae813c7be659c1caaf4237,153.191,148.68,163.418,58.1,21.384999999999998,30.501099999999997,31.42394,,,11
cpu,34,core,576,32,1,4,1,warm,F,73728,73728,0,0,16,4.0,f6df578e0ec77131fad1ca4cd66f5bdfd621326ec0ae813c7be659c1caaf4237,151.416,149.041,153.073,56.14,21.343,30.052549999999997,31.140109999999996,,,11
cpu,34,core,576,32,1,4,1,warm,G,73728,73728,0,0,16,4.0,f6df578e0ec77131fad1ca4cd66f5bdfd621326ec0ae813c7be659c1caaf4237,159.25099999999998,156.209,160.374,64.091,21.3615,29.424899999999997,30.492179999999998,,,11
cpu,35,core,576,32,1,8,1,warm,A,73728,73728,0,0,16,8.0,f6df578e0ec77131fad1ca4cd66f5bdfd621326ec0ae813c7be659c1caaf4237,211.33899999999997,209.28799999999998,214.042,42.179,20.3295,24.363949999999996,25.645739999999996,,,11
cpu,35,core,576,32,1,8,1,warm,B,73728,73728,0,0,16,8.0,f6df578e0ec77131fad1ca4cd66f5bdfd621326ec0ae813c7be659c1caaf4237,175.24099999999996,172.947,182.14699999999996,6.539,20.208,24.215099999999996,25.66942,,,11
cpu,35,core,576,32,1,8,1,warm,C,73728,73728,1152,4608,16,8.0,f6df578e0ec77131fad1ca4cd66f5bdfd621326ec0ae813c7be659c1caaf4237,428.57400000000007,419.11699999999996,431.35,39.949,45.682500000000005,56.68955,58.48122,,,11
cpu,35,core,576,32,1,8,1,warm,D,73728,73728,1152,4608,16,8.0,f6df578e0ec77131fad1ca4cd66f5bdfd621326ec0ae813c7be659c1caaf4237,962.856,960.6540000000001,967.404,44.011,111.71600000000001,125.05135,126.91726,,,11
cpu,35,core,576,32,1,8,1,warm,E,73728,73728,0,0,16,8.0,f6df578e0ec77131fad1ca4cd66f5bdfd621326ec0ae813c7be659c1caaf4237,236.24699999999999,227.045,296.07099999999997,56.503,20.184,30.308699999999998,31.288289999999996,,,11
cpu,35,core,576,32,1,8,1,warm,F,73728,73728,0,0,16,8.0,f6df578e0ec77131fad1ca4cd66f5bdfd621326ec0ae813c7be659c1caaf4237,240.85199999999998,227.147,301.425,56.2,20.116,35.36279999999999,36.9799,,,11
cpu,35,core,576,32,1,8,1,warm,G,73728,73728,0,0,16,8.0,f6df578e0ec77131fad1ca4cd66f5bdfd621326ec0ae813c7be659c1caaf4237,243.95700000000002,235.506,255.30400000000003,64.352,20.22,28.532799999999995,30.609449999999995,,,11
cpu,36,core,576,32,1,16,1,warm,A,73728,73728,0,0,16,16.0,f6df578e0ec77131fad1ca4cd66f5bdfd621326ec0ae813c7be659c1caaf4237,383.895,375.438,395.28600000000006,40.506,20.2775,28.90125,30.67785,,,11
cpu,36,core,576,32,1,16,1,warm,B,73728,73728,0,0,16,16.0,f6df578e0ec77131fad1ca4cd66f5bdfd621326ec0ae813c7be659c1caaf4237,341.4959999999999,336.7390000000001,353.477,6.731,20.237000000000002,22.9595,26.879899999999996,,,11
cpu,36,core,576,32,1,16,1,warm,C,73728,73728,1152,4608,16,16.0,f6df578e0ec77131fad1ca4cd66f5bdfd621326ec0ae813c7be659c1caaf4237,795.209,789.8810000000001,804.976,40.849,45.282,56.389,57.22605,,,11
cpu,36,core,576,32,1,16,1,warm,D,73728,73728,1152,4608,16,16.0,f6df578e0ec77131fad1ca4cd66f5bdfd621326ec0ae813c7be659c1caaf4237,1845.6600000000003,1841.9669999999999,1847.793,46.812,109.846,125.174,126.172,,,11
cpu,36,core,576,32,1,16,1,warm,E,73728,73728,0,0,16,16.0,f6df578e0ec77131fad1ca4cd66f5bdfd621326ec0ae813c7be659c1caaf4237,399.46299999999997,394.634,406.981,57.458,20.2105,28.22425,30.058999999999997,,,11
cpu,36,core,576,32,1,16,1,warm,F,73728,73728,0,0,16,16.0,f6df578e0ec77131fad1ca4cd66f5bdfd621326ec0ae813c7be659c1caaf4237,400.388,397.269,404.069,60.071,20.057000000000002,24.19575,30.480199999999996,,,11
cpu,36,core,576,32,1,16,1,warm,G,73728,73728,0,0,16,16.0,f6df578e0ec77131fad1ca4cd66f5bdfd621326ec0ae813c7be659c1caaf4237,408.9,395.6020000000001,410.79300000000006,64.521,20.088,26.658,31.4274,,,11
cpu,37,core,576,32,1,32,1,warm,A,73728,73728,0,0,16,32.0,f6df578e0ec77131fad1ca4cd66f5bdfd621326ec0ae813c7be659c1caaf4237,711.5440000000001,703.949,718.6800000000002,40.888,20.299999999999997,24.852199999999993,30.51991,,,11
cpu,37,core,576,32,1,32,1,warm,B,73728,73728,0,0,16,32.0,f6df578e0ec77131fad1ca4cd66f5bdfd621326ec0ae813c7be659c1caaf4237,676.019,668.146,686.913,6.782,20.3545,23.58635,28.554550000000006,,,11
cpu,37,core,576,32,1,32,1,warm,C,73728,73728,1152,4608,16,32.0,f6df578e0ec77131fad1ca4cd66f5bdfd621326ec0ae813c7be659c1caaf4237,1504.2079999999996,1498.0629999999999,1582.4279999999999,43.367,44.703,52.403949999999995,56.883770000000005,,,11
cpu,37,core,576,32,1,32,1,warm,D,73728,73728,1152,4608,16,32.0,f6df578e0ec77131fad1ca4cd66f5bdfd621326ec0ae813c7be659c1caaf4237,3613.521,3609.3590000000004,3637.421,44.183,109.762,121.2781,127.10501,,,11
cpu,37,core,576,32,1,32,1,warm,E,73728,73728,0,0,16,32.0,f6df578e0ec77131fad1ca4cd66f5bdfd621326ec0ae813c7be659c1caaf4237,731.7549999999999,723.4120000000001,739.4950000000001,58.718,20.1845,25.525299999999994,30.985470000000003,,,11
cpu,37,core,576,32,1,32,1,warm,F,73728,73728,0,0,16,32.0,f6df578e0ec77131fad1ca4cd66f5bdfd621326ec0ae813c7be659c1caaf4237,734.2769999999999,727.854,735.2850000000002,59.265,20.3005,25.432149999999993,30.73321,,,11
cpu,37,core,576,32,1,32,1,warm,G,73728,73728,0,0,16,32.0,f6df578e0ec77131fad1ca4cd66f5bdfd621326ec0ae813c7be659c1caaf4237,736.798,732.785,743.7159999999999,67.139,20.095,25.657399999999996,31.521730000000005,,,11
cpu,38,core,576,32,1,64,1,warm,A,73728,73728,0,0,16,64.0,f6df578e0ec77131fad1ca4cd66f5bdfd621326ec0ae813c7be659c1caaf4237,1319.8180000000002,1106.633,1327.639,41.405,19.6755,20.149549999999998,25.66726999999999,,,11
cpu,38,core,576,32,1,64,1,warm,B,73728,73728,0,0,16,64.0,f6df578e0ec77131fad1ca4cd66f5bdfd621326ec0ae813c7be659c1caaf4237,1231.829,1073.5350000000003,1298.3210000000004,6.66,16.9435,20.318099999999998,26.395189999999992,,,11
cpu,38,core,576,32,1,64,1,warm,C,73728,73728,1152,4608,16,64.0,f6df578e0ec77131fad1ca4cd66f5bdfd621326ec0ae813c7be659c1caaf4237,2900.121,2428.1689999999994,2926.580000000001,41.3,44.1155,46.794,55.29907999999999,,,11
cpu,38,core,576,32,1,64,1,warm,D,73728,73728,1152,4608,16,64.0,f6df578e0ec77131fad1ca4cd66f5bdfd621326ec0ae813c7be659c1caaf4237,7001.448,5998.952000000001,7062.918,46.62,107.434,112.8558,121.72430999999996,,,11
cpu,38,core,576,32,1,64,1,warm,E,73728,73728,0,0,16,64.0,f6df578e0ec77131fad1ca4cd66f5bdfd621326ec0ae813c7be659c1caaf4237,1272.346,1131.6740000000004,1365.1699999999996,51.532,16.9155,20.363999999999997,26.63281,,,11
cpu,38,core,576,32,1,64,1,warm,F,73728,73728,0,0,16,64.0,f6df578e0ec77131fad1ca4cd66f5bdfd621326ec0ae813c7be659c1caaf4237,1256.066,1117.532,1360.0040000000004,57.919,19.566000000000003,20.167099999999998,27.126279999999998,,,11
cpu,38,core,576,32,1,64,1,warm,G,73728,73728,0,0,16,64.0,f6df578e0ec77131fad1ca4cd66f5bdfd621326ec0ae813c7be659c1caaf4237,1287.596,1123.9750000000004,1374.3110000000001,64.944,16.8325,20.832299999999996,29.333479999999994,,,11
cpu,39,core,576,32,1,128,1,warm,A,73728,73728,0,0,16,128.0,f6df578e0ec77131fad1ca4cd66f5bdfd621326ec0ae813c7be659c1caaf4237,2161.7740000000013,2152.8670000000006,2180.4170000000004,31.532,16.477,16.85015,21.373390000000015,,,11
cpu,39,core,576,32,1,128,1,warm,B,73728,73728,0,0,16,128.0,f6df578e0ec77131fad1ca4cd66f5bdfd621326ec0ae813c7be659c1caaf4237,2190.7690000000002,2150.7769999999996,2228.471000000001,5.256,16.927500000000002,17.2333,20.34141,,,11
cpu,39,core,576,32,1,128,1,warm,C,73728,73728,1152,4608,16,128.0,f6df578e0ec77131fad1ca4cd66f5bdfd621326ec0ae813c7be659c1caaf4237,4806.9360000000015,4785.820999999998,4825.501000000001,32.222,37.072,38.609899999999996,42.28305,,,11
cpu,39,core,576,32,1,128,1,warm,D,73728,73728,1152,4608,16,128.0,f6df578e0ec77131fad1ca4cd66f5bdfd621326ec0ae813c7be659c1caaf4237,11894.656,11858.404999999997,11928.598999999993,35.777,92.11250000000001,95.86435,101.51021000000001,,,11
cpu,39,core,576,32,1,128,1,warm,E,73728,73728,0,0,16,128.0,f6df578e0ec77131fad1ca4cd66f5bdfd621326ec0ae813c7be659c1caaf4237,2218.8009999999995,2171.063,2247.975,45.343,16.788,17.11795,21.59290000000001,,,11
cpu,39,core,576,32,1,128,1,warm,F,73728,73728,0,0,16,128.0,f6df578e0ec77131fad1ca4cd66f5bdfd621326ec0ae813c7be659c1caaf4237,2212.1950000000006,2191.0160000000005,2233.9569999999994,47.757,16.8165,17.085350000000002,20.992500000000014,,,11
cpu,39,core,576,32,1,128,1,warm,G,73728,73728,0,0,16,128.0,f6df578e0ec77131fad1ca4cd66f5bdfd621326ec0ae813c7be659c1caaf4237,2225.966999999999,2179.392,2335.226,53.766,16.5975,17.22075,21.61333000000001,,,11
cpu,40,core,576,32,3,1,1,warm,A,73728,221184,0,0,48,3.0,f6df578e0ec77131fad1ca4cd66f5bdfd621326ec0ae813c7be659c1caaf4237,146.733,142.818,165.768,85.549,18.243,23.0751,23.50462,,,11
cpu,40,core,576,32,3,1,1,warm,B,73728,73728,0,0,16,3.0,f6df578e0ec77131fad1ca4cd66f5bdfd621326ec0ae813c7be659c1caaf4237,59.973,59.05500000000001,61.573,5.367,17.494,19.5413,19.76106,,,11
cpu,40,core,576,32,3,1,1,warm,C,73728,73728,1152,13824,16,3.0,f6df578e0ec77131fad1ca4cd66f5bdfd621326ec0ae813c7be659c1caaf4237,161.409,160.51,167.148,42.827,38.77,41.926700000000004,42.245340000000006,,,11
cpu,40,core,576,32,3,1,1,warm,D,73728,73728,1152,13824,16,3.0,f6df578e0ec77131fad1ca4cd66f5bdfd621326ec0ae813c7be659c1caaf4237,343.42,342.0,348.421,46.874,97.529,102.5075,102.7161,,,11
cpu,40,core,576,32,3,1,1,warm,E,73728,73728,0,0,16,3.0,f6df578e0ec77131fad1ca4cd66f5bdfd621326ec0ae813c7be659c1caaf4237,147.60999999999999,143.226,150.25799999999998,45.983,39.005,40.8542,41.006840000000004,,,11
cpu,40,core,576,32,3,1,1,warm,F,73728,73728,0,0,16,3.0,f6df578e0ec77131fad1ca4cd66f5bdfd621326ec0ae813c7be659c1caaf4237,147.936,143.737,151.58800000000002,45.786,38.832,40.628299999999996,40.76966,,,11
cpu,40,core,576,32,3,1,1,warm,G,73728,221184,0,0,48,3.0,f6df578e0ec77131fad1ca4cd66f5bdfd621326ec0ae813c7be659c1caaf4237,170.261,167.79899999999998,174.47,108.993,18.332,24.0626,24.57092,,,11
cpu,41,core,576,32,3,2,1,warm,A,73728,221184,0,0,48,6.0,f6df578e0ec77131fad1ca4cd66f5bdfd621326ec0ae813c7be659c1caaf4237,198.07799999999997,193.641,221.163,85.652,17.361,21.789749999999998,22.60435,,,11
cpu,41,core,576,32,3,2,1,warm,B,73728,73728,0,0,16,6.0,f6df578e0ec77131fad1ca4cd66f5bdfd621326ec0ae813c7be659c1caaf4237,112.618,108.02400000000002,115.608,5.332,17.129,19.29325,19.66585,,,11
cpu,41,core,576,32,3,2,1,warm,C,73728,73728,1152,13824,16,6.0,f6df578e0ec77131fad1ca4cd66f5bdfd621326ec0ae813c7be659c1caaf4237,282.99,278.685,296.472,44.802,38.754999999999995,44.12825,44.92005,,,11
cpu,41,core,576,32,3,2,1,warm,D,73728,73728,1152,13824,16,6.0,f6df578e0ec77131fad1ca4cd66f5bdfd621326ec0ae813c7be659c1caaf4237,633.021,626.176,635.317,46.428,95.69999999999999,102.10225,102.7067,,,11
cpu,41,core,576,32,3,2,1,warm,E,73728,73728,0,0,16,6.0,f6df578e0ec77131fad1ca4cd66f5bdfd621326ec0ae813c7be659c1caaf4237,235.905,234.539,243.803,46.134,37.235,39.4405,39.8137,,,11
cpu,41,core,576,32,3,2,1,warm,F,73728,73728,0,0,16,6.0,f6df578e0ec77131fad1ca4cd66f5bdfd621326ec0ae813c7be659c1caaf4237,236.24599999999998,233.236,246.90200000000002,45.85,37.2655,39.730000000000004,40.1724,,,11
cpu,41,core,576,32,3,2,1,warm,G,73728,221184,0,0,48,6.0,f6df578e0ec77131fad1ca4cd66f5bdfd621326ec0ae813c7be659c1caaf4237,218.45,216.026,240.934,108.539,17.182000000000002,22.75525,24.0042,,,11
cpu,42,core,576,32,3,4,1,warm,A,73728,221184,0,0,48,12.0,f6df578e0ec77131fad1ca4cd66f5bdfd621326ec0ae813c7be659c1caaf4237,293.853,292.25,304.538,85.55,16.872500000000002,19.915349999999997,21.851940000000003,,,11
cpu,42,core,576,32,3,4,1,warm,B,73728,73728,0,0,16,12.0,f6df578e0ec77131fad1ca4cd66f5bdfd621326ec0ae813c7be659c1caaf4237,207.813,207.236,212.13199999999998,5.425,16.613500000000002,18.360349999999997,19.69047,,,11
cpu,42,core,576,32,3,4,1,warm,C,73728,73728,1152,13824,16,12.0,f6df578e0ec77131fad1ca4cd66f5bdfd621326ec0ae813c7be659c1caaf4237,500.387,496.859,525.56,44.338,37.4975,42.6252,43.34606,,,11
cpu,42,core,576,32,3,4,1,warm,D,73728,73728,1152,13824,16,12.0,f6df578e0ec77131fad1ca4cd66f5bdfd621326ec0ae813c7be659c1caaf4237,1194.343,1190.1319999999998,1196.821,46.449,94.12049999999999,101.36325,101.78489,,,11
cpu,42,core,576,32,3,4,1,warm,E,73728,73728,0,0,16,12.0,f6df578e0ec77131fad1ca4cd66f5bdfd621326ec0ae813c7be659c1caaf4237,420.27099999999996,418.473,425.26800000000003,44.974,36.939,39.40945,40.65069,,,11
cpu,42,core,576,32,3,4,1,warm,F,73728,73728,0,0,16,12.0,f6df578e0ec77131fad1ca4cd66f5bdfd621326ec0ae813c7be659c1caaf4237,422.45799999999997,417.22800000000007,453.067,45.604,37.3505,39.594699999999996,41.11094000000001,,,11
cpu,42,core,576,32,3,4,1,warm,G,73728,221184,0,0,48,12.0,f6df578e0ec77131fad1ca4cd66f5bdfd621326ec0ae813c7be659c1caaf4237,323.281,318.571,332.92900000000003,108.11,16.9815,21.653049999999997,23.6474,,,11
cpu,43,core,576,32,3,8,1,warm,A,73728,221184,0,0,48,24.0,f6df578e0ec77131fad1ca4cd66f5bdfd621326ec0ae813c7be659c1caaf4237,494.58299999999997,490.3889999999999,500.009,85.301,16.6675,18.303099999999997,21.123639999999998,,,11
cpu,43,core,576,32,3,8,1,warm,B,73728,73728,0,0,16,24.0,f6df578e0ec77131fad1ca4cd66f5bdfd621326ec0ae813c7be659c1caaf4237,411.37600000000003,404.08600000000007,418.69999999999993,5.308,16.523,18.731949999999998,20.19241,,,11
cpu,43,core,576,32,3,8,1,warm,C,73728,73728,1152,13824,16,24.0,f6df578e0ec77131fad1ca4cd66f5bdfd621326ec0ae813c7be659c1caaf4237,941.804,941.308,945.7569999999998,45.158,36.835499999999996,41.675799999999995,43.0248,,,11
cpu,43,core,576,32,3,8,1,warm,D,73728,73728,1152,13824,16,24.0,f6df578e0ec77131fad1ca4cd66f5bdfd621326ec0ae813c7be659c1caaf4237,2303.2219999999993,2297.613,2311.9460000000004,48.725,92.931,98.76325,101.60755999999999,,,11
cpu,43,core,576,32,3,8,1,warm,E,73728,73728,0,0,16,24.0,f6df578e0ec77131fad1ca4cd66f5bdfd621326ec0ae813c7be659c1caaf4237,790.375,781.097,888.5060000000003,46.616,36.670500000000004,40.40579999999999,42.94298,,,11
cpu,43,core,576,32,3,8,1,warm,F,73728,73728,0,0,16,24.0,f6df578e0ec77131fad1ca4cd66f5bdfd621326ec0ae813c7be659c1caaf4237,786.3,782.2720000000002,800.385,47.953,36.582499999999996,39.3129,41.99073,,,11
cpu,43,core,576,32,3,8,1,warm,G,73728,221184,0,0,48,24.0,f6df578e0ec77131fad1ca4cd66f5bdfd621326ec0ae813c7be659c1caaf4237,520.5009999999999,515.928,521.562,108.049,16.536,21.37374999999999,23.427719999999997,,,11
cpu,44,core,576,32,3,16,1,warm,A,73728,221184,0,0,48,48.0,f6df578e0ec77131fad1ca4cd66f5bdfd621326ec0ae813c7be659c1caaf4237,891.3469999999999,886.7909999999998,895.7579999999999,84.755,16.5395,17.810499999999998,22.08209,,,11
cpu,44,core,576,32,3,16,1,warm,B,73728,73728,0,0,16,48.0,f6df578e0ec77131fad1ca4cd66f5bdfd621326ec0ae813c7be659c1caaf4237,798.053,796.6010000000001,799.1250000000001,5.353,16.299999999999997,17.004849999999998,20.466050000000003,,,11
cpu,44,core,576,32,3,16,1,warm,C,73728,73728,1152,13824,16,48.0,f6df578e0ec77131fad1ca4cd66f5bdfd621326ec0ae813c7be659c1caaf4237,1834.4730000000004,1820.23,1917.5519999999997,45.226,36.725,40.39294999999999,42.81239,,,11
cpu,44,core,576,32,3,16,1,warm,D,73728,73728,1152,13824,16,48.0,f6df578e0ec77131fad1ca4cd66f5bdfd621326ec0ae813c7be659c1caaf4237,4555.237000000001,4541.216,4572.975,48.541,92.9795,98.55335,102.53858000000001,,,11
cpu,44,core,576,32,3,16,1,warm,E,73728,73728,0,0,16,48.0,f6df578e0ec77131fad1ca4cd66f5bdfd621326ec0ae813c7be659c1caaf4237,1512.0909999999994,1503.0710000000001,1606.8650000000002,45.32,36.5145,38.521100000000004,41.73377,,,11
cpu,44,core,576,32,3,16,1,warm,F,73728,73728,0,0,16,48.0,f6df578e0ec77131fad1ca4cd66f5bdfd621326ec0ae813c7be659c1caaf4237,1500.4250000000002,1494.2790000000005,1509.1830000000002,46.468,36.4875,38.57035,41.331430000000005,,,11
cpu,44,core,576,32,3,16,1,warm,G,73728,221184,0,0,48,48.0,f6df578e0ec77131fad1ca4cd66f5bdfd621326ec0ae813c7be659c1caaf4237,923.007,918.5709999999999,926.5799999999997,109.456,16.7045,17.97385,23.165020000000002,,,11
cpu,45,core,576,32,3,32,1,warm,A,73728,221184,0,0,48,96.0,f6df578e0ec77131fad1ca4cd66f5bdfd621326ec0ae813c7be659c1caaf4237,1702.5560000000003,1695.0530000000008,1708.1030000000003,86.537,16.567999999999998,17.387,22.093349999999997,,,11
cpu,45,core,576,32,3,32,1,warm,B,73728,73728,0,0,16,96.0,f6df578e0ec77131fad1ca4cd66f5bdfd621326ec0ae813c7be659c1caaf4237,1585.701,1579.660999999999,1598.3709999999996,5.612,16.311999999999998,16.820249999999998,20.030599999999996,,,11
cpu,45,core,576,32,3,32,1,warm,C,73728,73728,1152,13824,16,96.0,f6df578e0ec77131fad1ca4cd66f5bdfd621326ec0ae813c7be659c1caaf4237,3597.0279999999984,3590.765,3617.5979999999995,48.427,36.735,38.307,42.04715,,,11
cpu,45,core,576,32,3,32,1,warm,D,73728,73728,1152,13824,16,96.0,f6df578e0ec77131fad1ca4cd66f5bdfd621326ec0ae813c7be659c1caaf4237,9020.127999999999,8996.064999999999,9035.846,49.9,92.82749999999999,97.09,102.9836,,,11
cpu,45,core,576,32,3,32,1,warm,E,73728,73728,0,0,16,96.0,f6df578e0ec77131fad1ca4cd66f5bdfd621326ec0ae813c7be659c1caaf4237,2958.2119999999995,2950.7339999999995,2974.97,49.341,36.518,37.562,40.1682,,,11
cpu,45,core,576,32,3,32,1,warm,F,73728,73728,0,0,16,96.0,f6df578e0ec77131fad1ca4cd66f5bdfd621326ec0ae813c7be659c1caaf4237,2956.763,2949.4220000000005,2968.8190000000013,49.258,36.517,37.50925,40.2512,,,11
cpu,45,core,576,32,3,32,1,warm,G,73728,221184,0,0,48,96.0,f6df578e0ec77131fad1ca4cd66f5bdfd621326ec0ae813c7be659c1caaf4237,1752.245000000001,1716.096,1874.8889999999997,114.288,16.5765,18.0195,23.97055,,,11
cpu,46,core,576,32,3,64,1,warm,A,73728,221184,0,0,48,192.0,f6df578e0ec77131fad1ca4cd66f5bdfd621326ec0ae813c7be659c1caaf4237,3265.8249999999994,3254.0889999999995,3303.0079999999975,85.748,16.442999999999998,16.80555,19.65558000000001,,,11
cpu,46,core,576,32,3,64,1,warm,B,73728,73728,0,0,16,192.0,f6df578e0ec77131fad1ca4cd66f5bdfd621326ec0ae813c7be659c1caaf4237,3160.253999999999,3136.4059999999977,3172.4860000000003,5.471,16.35,16.654799999999998,18.93698,,,11
cpu,46,core,576,32,3,64,1,warm,C,73728,73728,1152,13824,16,192.0,f6df578e0ec77131fad1ca4cd66f5bdfd621326ec0ae813c7be659c1caaf4237,7097.880000000001,7068.57,7142.705999999997,47.384,36.551,37.86574999999999,41.14794000000001,,,11
cpu,46,core,576,32,3,64,1,warm,D,73728,73728,1152,13824,16,192.0,f6df578e0ec77131fad1ca4cd66f5bdfd621326ec0ae813c7be659c1caaf4237,17830.82999999999,17765.536999999997,17906.960000000003,50.987,92.27250000000001,95.99965,100.28881,,,11
cpu,46,core,576,32,3,64,1,warm,E,73728,73728,0,0,16,192.0,f6df578e0ec77131fad1ca4cd66f5bdfd621326ec0ae813c7be659c1caaf4237,5851.147000000002,5809.527000000001,5982.488,51.966,36.456,37.30345,40.230340000000005,,,11
cpu,46,core,576,32,3,64,1,warm,F,73728,73728,0,0,16,192.0,f6df578e0ec77131fad1ca4cd66f5bdfd621326ec0ae813c7be659c1caaf4237,5854.855000000003,5800.566999999997,5867.079000000001,49.301,36.4025,37.13055,40.332860000000004,,,11
cpu,46,core,576,32,3,64,1,warm,G,73728,221184,0,0,48,192.0,f6df578e0ec77131fad1ca4cd66f5bdfd621326ec0ae813c7be659c1caaf4237,3290.009000000001,3281.6700000000014,3319.1660000000006,111.602,16.3365,16.96175,19.655060000000006,,,11
cpu,47,core,576,32,3,128,1,warm,A,73728,221184,0,0,48,384.0,f6df578e0ec77131fad1ca4cd66f5bdfd621326ec0ae813c7be659c1caaf4237,6440.408000000002,6401.632000000006,6488.162999999996,85.097,16.413,16.81085,19.072980000000012,,,11
cpu,47,core,576,32,3,128,1,warm,B,73728,73728,0,0,16,384.0,f6df578e0ec77131fad1ca4cd66f5bdfd621326ec0ae813c7be659c1caaf4237,6289.21,6274.080000000002,6321.166000000002,5.731,16.288,16.54985,18.592260000000003,,,11
cpu,47,core,576,32,3,128,1,warm,C,73728,73728,1152,13824,16,384.0,f6df578e0ec77131fad1ca4cd66f5bdfd621326ec0ae813c7be659c1caaf4237,14228.595999999987,14172.824000000002,14307.344000000008,46.987,36.802499999999995,37.79335,40.21067,,,11
cpu,47,core,576,32,3,128,1,warm,D,73728,73728,1152,13824,16,384.0,f6df578e0ec77131fad1ca4cd66f5bdfd621326ec0ae813c7be659c1caaf4237,35695.687999999995,35640.10099999998,35830.72,54.122,92.457,95.79235,98.99541000000002,,,11
cpu,47,core,576,32,3,128,1,warm,E,73728,73728,0,0,16,384.0,f6df578e0ec77131fad1ca4cd66f5bdfd621326ec0ae813c7be659c1caaf4237,11579.204000000003,11553.323999999999,11629.870999999994,49.957,36.3635,37.02745,39.73193000000001,,,11
cpu,47,core,576,32,3,128,1,warm,F,73728,73728,0,0,16,384.0,f6df578e0ec77131fad1ca4cd66f5bdfd621326ec0ae813c7be659c1caaf4237,11607.122999999996,11585.223999999993,11623.44199999999,49.559,36.427499999999995,37.030499999999996,39.85298,,,11
cpu,47,core,576,32,3,128,1,warm,G,73728,221184,0,0,48,384.0,f6df578e0ec77131fad1ca4cd66f5bdfd621326ec0ae813c7be659c1caaf4237,6429.693000000003,6407.505999999999,6451.033999999997,117.954,16.357,16.6909,18.737430000000007,,,11
cpu,48,core,2304,32,1,1,1,warm,A,294912,294912,0,0,16,1.0,f6df578e0ec77131fad1ca4cd66f5bdfd621326ec0ae813c7be659c1caaf4237,148.822,146.2,162.637,88.851,59.708,59.708,59.708,,,11
cpu,48,core,2304,32,1,1,1,warm,B,294912,294912,0,0,16,1.0,f6df578e0ec77131fad1ca4cd66f5bdfd621326ec0ae813c7be659c1caaf4237,82.696,79.074,84.336,16.681,65.817,65.817,65.817,,,11
cpu,48,core,2304,32,1,1,1,warm,C,294912,294912,4608,18432,16,1.0,f6df578e0ec77131fad1ca4cd66f5bdfd621326ec0ae813c7be659c1caaf4237,270.289,263.509,272.81100000000004,130.59,137.267,137.267,137.267,,,11
cpu,48,core,2304,32,1,1,1,warm,D,294912,294912,4608,18432,16,1.0,f6df578e0ec77131fad1ca4cd66f5bdfd621326ec0ae813c7be659c1caaf4237,430.797,428.866,441.76700000000005,125.575,307.457,307.457,307.457,,,11
cpu,48,core,2304,32,1,1,1,warm,E,294912,294912,0,0,16,1.0,f6df578e0ec77131fad1ca4cd66f5bdfd621326ec0ae813c7be659c1caaf4237,246.473,242.554,248.14999999999998,176.918,67.998,67.998,67.998,,,11
cpu,48,core,2304,32,1,1,1,warm,F,294912,294912,0,0,16,1.0,f6df578e0ec77131fad1ca4cd66f5bdfd621326ec0ae813c7be659c1caaf4237,250.64600000000002,238.598,260.257,182.775,68.247,68.247,68.247,,,11
cpu,48,core,2304,32,1,1,1,warm,G,294912,294912,0,0,16,1.0,f6df578e0ec77131fad1ca4cd66f5bdfd621326ec0ae813c7be659c1caaf4237,262.993,255.98000000000002,269.443,194.052,69.762,69.762,69.762,,,11
cpu,49,core,2304,32,1,2,1,warm,A,294912,294912,0,0,16,2.0,f6df578e0ec77131fad1ca4cd66f5bdfd621326ec0ae813c7be659c1caaf4237,215.29500000000002,206.817,216.88799999999998,87.133,61.287000000000006,61.913149999999995,61.96422999999999,,,11
cpu,49,core,2304,32,1,2,1,warm,B,294912,294912,0,0,16,2.0,f6df578e0ec77131fad1ca4cd66f5bdfd621326ec0ae813c7be659c1caaf4237,139.847,138.971,150.59,16.879,61.704,62.3169,62.371379999999995,,,11
cpu,49,core,2304,32,1,2,1,warm,C,294912,294912,4608,18432,16,2.0,f6df578e0ec77131fad1ca4cd66f5bdfd621326ec0ae813c7be659c1caaf4237,414.706,412.431,421.638,127.017,143.1685,147.8937,148.31957,,,11
cpu,49,core,2304,32,1,2,1,warm,D,294912,294912,4608,18432,16,2.0,f6df578e0ec77131fad1ca4cd66f5bdfd621326ec0ae813c7be659c1caaf4237,725.8960000000001,719.845,735.069,127.991,299.532,306.76275,307.62375,,,11
cpu,49,core,2304,32,1,2,1,warm,E,294912,294912,0,0,16,2.0,f6df578e0ec77131fad1ca4cd66f5bdfd621326ec0ae813c7be659c1caaf4237,313.655,308.024,316.659,180.479,65.4545,67.5765,67.7777,,,11
cpu,49,core,2304,32,1,2,1,warm,F,294912,294912,0,0,16,2.0,f6df578e0ec77131fad1ca4cd66f5bdfd621326ec0ae813c7be659c1caaf4237,311.408,305.53700000000003,319.145,178.792,65.30799999999999,68.292,68.556,,,11
cpu,49,core,2304,32,1,2,1,warm,G,294912,294912,0,0,16,2.0,f6df578e0ec77131fad1ca4cd66f5bdfd621326ec0ae813c7be659c1caaf4237,318.52700000000004,316.99199999999996,330.77700000000004,189.016,65.38499999999999,67.34715,67.55263,,,11
cpu,50,core,2304,32,1,4,1,warm,A,294912,294912,0,0,16,4.0,f6df578e0ec77131fad1ca4cd66f5bdfd621326ec0ae813c7be659c1caaf4237,335.407,328.40700000000004,341.228,86.161,61.411500000000004,66.4262,67.18604,,,11
cpu,50,core,2304,32,1,4,1,warm,B,294912,294912,0,0,16,4.0,f6df578e0ec77131fad1ca4cd66f5bdfd621326ec0ae813c7be659c1caaf4237,260.96000000000004,259.077,270.89099999999996,16.831,61.0565,61.59145,61.641490000000005,,,11
cpu,50,core,2304,32,1,4,1,warm,C,294912,294912,4608,18432,16,4.0,f6df578e0ec77131fad1ca4cd66f5bdfd621326ec0ae813c7be659c1caaf4237,712.347,709.5939999999999,717.884,136.742,144.911,148.3278,148.63356000000002,,,11
cpu,50,core,2304,32,1,4,1,warm,D,294912,294912,4608,18432,16,4.0,f6df578e0ec77131fad1ca4cd66f5bdfd621326ec0ae813c7be659c1caaf4237,1304.317,1297.056,1308.9540000000002,134.603,287.69899999999996,306.78895,308.91859,,,11
cpu,50,core,2304,32,1,4,1,warm,E,294912,294912,0,0,16,4.0,f6df578e0ec77131fad1ca4cd66f5bdfd621326ec0ae813c7be659c1caaf4237,429.805,428.462,440.137,177.465,61.7375,68.1123,68.94246,,,11
cpu,50,core,2304,32,1,4,1,warm,F,294912,294912,0,0,16,4.0,f6df578e0ec77131fad1ca4cd66f5bdfd621326ec0ae813c7be659c1caaf4237,434.472,431.15599999999995,443.481,180.814,62.2705,67.26425,67.27445,,,11
cpu,50,core,2304,32,1,4,1,warm,G,294912,294912,0,0,16,4.0,f6df578e0ec77131fad1ca4cd66f5bdfd621326ec0ae813c7be659c1caaf4237,445.031,442.18399999999997,453.23199999999997,192.808,61.728,67.542,68.2116,,,11
cpu,51,core,2304,32,1,8,1,warm,A,294912,294912,0,0,16,8.0,f6df578e0ec77131fad1ca4cd66f5bdfd621326ec0ae813c7be659c1caaf4237,568.3340000000001,562.867,571.3130000000001,88.507,59.2615,63.783199999999994,65.24144,,,11
cpu,51,core,2304,32,1,8,1,warm,B,294912,294912,0,0,16,8.0,f6df578e0ec77131fad1ca4cd66f5bdfd621326ec0ae813c7be659c1caaf4237,501.682,498.165,503.781,16.852,59.5245,64.4521,65.94562,,,11
cpu,51,core,2304,32,1,8,1,warm,C,294912,294912,4608,18432,16,8.0,f6df578e0ec77131fad1ca4cd66f5bdfd621326ec0ae813c7be659c1caaf4237,1285.3619999999999,1280.329,1290.393,122.287,145.1995,149.73835,150.29807,,,11
cpu,51,core,2304,32,1,8,1,warm,D,294912,294912,4608,18432,16,8.0,f6df578e0ec77131fad1ca4cd66f5bdfd621326ec0ae813c7be659c1caaf4237,2414.035,2406.005,2435.201,121.631,283.986,300.86195000000004,306.84368,,,11
cpu,51,core,2304,32,1,8,1,warm,E,294912,294912,0,0,16,8.0,f6df578e0ec77131fad1ca4cd66f5bdfd621326ec0ae813c7be659c1caaf4237,667.402,662.032,676.609,179.009,59.7185,67.65469999999999,68.97291,,,11
cpu,51,core,2304,32,1,8,1,warm,F,294912,294912,0,0,16,8.0,f6df578e0ec77131fad1ca4cd66f5bdfd621326ec0ae813c7be659c1caaf4237,668.1000000000001,664.196,677.541,175.674,60.2805,67.48705,68.40793000000001,,,11
cpu,51,core,2304,32,1,8,1,warm,G,294912,294912,0,0,16,8.0,f6df578e0ec77131fad1ca4cd66f5bdfd621326ec0ae813c7be659c1caaf4237,686.9780000000001,678.25,688.3190000000001,190.425,59.465,68.07499999999999,69.67099999999999,,,11
cpu,52,core,2304,32,1,16,1,warm,A,294912,294912,0,0,16,16.0,f6df578e0ec77131fad1ca4cd66f5bdfd621326ec0ae813c7be659c1caaf4237,1038.861,1033.778,1045.009,86.498,58.655,62.8885,65.2897,,,11
cpu,52,core,2304,32,1,16,1,warm,B,294912,294912,0,0,16,16.0,f6df578e0ec77131fad1ca4cd66f5bdfd621326ec0ae813c7be659c1caaf4237,965.0959999999999,957.6049999999999,970.927,16.396,58.3745,63.161500000000004,65.3563,,,11
cpu,52,core,2304,32,1,16,1,warm,C,294912,294912,4608,18432,16,16.0,f6df578e0ec77131fad1ca4cd66f5bdfd621326ec0ae813c7be659c1caaf4237,2434.2870000000003,2421.7900000000004,2438.431,135.858,142.642,148.95825,150.2829,,,11
cpu,52,core,2304,32,1,16,1,warm,D,294912,294912,4608,18432,16,16.0,f6df578e0ec77131fad1ca4cd66f5bdfd621326ec0ae813c7be659c1caaf4237,4650.755,4636.405000000001,4678.669,129.164,279.9675,293.31825000000003,304.5075,,,11
cpu,52,core,2304,32,1,16,1,warm,E,294912,294912,0,0,16,16.0,f6df578e0ec77131fad1ca4cd66f5bdfd621326ec0ae813c7be659c1caaf4237,1136.8580000000002,1131.6399999999999,1142.314,179.465,58.468,66.584,67.4003,,,11
cpu,52,core,2304,32,1,16,1,warm,F,294912,294912,0,0,16,16.0,f6df578e0ec77131fad1ca4cd66f5bdfd621326ec0ae813c7be659c1caaf4237,1133.043,1129.505,1141.6560000000002,181.309,58.5015,65.24775,67.08964999999999,,,11
cpu,52,core,2304,32,1,16,1,warm,G,294912,294912,0,0,16,16.0,f6df578e0ec77131fad1ca4cd66f5bdfd621326ec0ae813c7be659c1caaf4237,1150.943,1147.421,1158.172,196.445,58.3485,65.48125,67.643,,,11
cpu,53,core,2304,32,1,32,1,warm,A,294912,294912,0,0,16,32.0,f6df578e0ec77131fad1ca4cd66f5bdfd621326ec0ae813c7be659c1caaf4237,1967.3909999999998,1959.904,1972.3560000000002,89.766,57.885000000000005,62.00275,64.26349,,,11
cpu,53,core,2304,32,1,32,1,warm,B,294912,294912,0,0,16,32.0,f6df578e0ec77131fad1ca4cd66f5bdfd621326ec0ae813c7be659c1caaf4237,1899.0929999999998,1887.743,1906.0480000000002,16.657,58.0715,62.56105,65.59791000000001,,,11
cpu,53,core,2304,32,1,32,1,warm,C,294912,294912,4608,18432,16,32.0,f6df578e0ec77131fad1ca4cd66f5bdfd621326ec0ae813c7be659c1caaf4237,4723.459,4711.1680000000015,4728.202000000001,134.642,142.4095,148.2884,151.36786,,,11
cpu,53,core,2304,32,1,32,1,warm,D,294912,294912,4608,18432,16,32.0,f6df578e0ec77131fad1ca4cd66f5bdfd621326ec0ae813c7be659c1caaf4237,9198.668999999998,9129.122,9206.097999999998,132.646,281.5075,290.4463,301.64793000000003,,,11
cpu,53,core,2304,32,1,32,1,warm,E,294912,294912,0,0,16,32.0,f6df578e0ec77131fad1ca4cd66f5bdfd621326ec0ae813c7be659c1caaf4237,2065.65,2061.502,2076.1859999999997,187.432,57.871,64.03514999999999,68.67373,,,11
cpu,53,core,2304,32,1,32,1,warm,F,294912,294912,0,0,16,32.0,f6df578e0ec77131fad1ca4cd66f5bdfd621326ec0ae813c7be659c1caaf4237,2071.9850000000006,2060.6899999999996,2083.7889999999998,186.857,57.977000000000004,63.9598,67.18146,,,11
cpu,53,core,2304,32,1,32,1,warm,G,294912,294912,0,0,16,32.0,f6df578e0ec77131fad1ca4cd66f5bdfd621326ec0ae813c7be659c1caaf4237,2081.5490000000004,2075.1720000000005,2093.4699999999993,200.969,57.8095,64.757,68.03693000000001,,,11
cpu,54,core,2304,32,1,64,1,warm,A,294912,294912,0,0,16,64.0,f6df578e0ec77131fad1ca4cd66f5bdfd621326ec0ae813c7be659c1caaf4237,3840.3540000000003,3826.9069999999992,3855.6679999999997,89.691,58.032,61.9813,65.26107999999999,,,11
cpu,54,core,2304,32,1,64,1,warm,B,294912,294912,0,0,16,64.0,f6df578e0ec77131fad1ca4cd66f5bdfd621326ec0ae813c7be659c1caaf4237,3752.0480000000002,3736.5889999999986,3791.7290000000007,17.048,57.596000000000004,61.732549999999996,65.31657999999999,,,11
cpu,54,core,2304,32,1,64,1,warm,C,294912,294912,4608,18432,16,64.0,f6df578e0ec77131fad1ca4cd66f5bdfd621326ec0ae813c7be659c1caaf4237,9327.861,9299.797999999999,9343.508000000002,134.149,142.7025,148.25824999999998,150.84185,,,11
cpu,54,core,2304,32,1,64,1,warm,D,294912,294912,4608,18432,16,64.0,f6df578e0ec77131fad1ca4cd66f5bdfd621326ec0ae813c7be659c1caaf4237,18193.660999999996,18171.77799999999,18225.512000000006,137.412,280.9845,288.34704999999997,298.78245,,,11
cpu,54,core,2304,32,1,64,1,warm,E,294912,294912,0,0,16,64.0,f6df578e0ec77131fad1ca4cd66f5bdfd621326ec0ae813c7be659c1caaf4237,3908.688,3901.0889999999995,3921.5489999999995,188.646,57.49,62.04595,66.79048999999999,,,11
cpu,54,core,2304,32,1,64,1,warm,F,294912,294912,0,0,16,64.0,f6df578e0ec77131fad1ca4cd66f5bdfd621326ec0ae813c7be659c1caaf4237,3927.2309999999993,3890.4929999999995,3951.682,184.384,57.7565,62.53835,67.77649,,,11
cpu,54,core,2304,32,1,64,1,warm,G,294912,294912,0,0,16,64.0,f6df578e0ec77131fad1ca4cd66f5bdfd621326ec0ae813c7be659c1caaf4237,3939.426999999999,3923.928000000001,3985.5209999999997,198.379,57.665000000000006,62.68255,67.84608999999999,,,11
cpu,55,core,2304,32,1,128,1,warm,A,294912,294912,0,0,16,128.0,f6df578e0ec77131fad1ca4cd66f5bdfd621326ec0ae813c7be659c1caaf4237,7498.911,7489.308000000001,7536.785999999998,87.404,57.446,61.260099999999994,63.618539999999996,,,11
cpu,55,core,2304,32,1,128,1,warm,B,294912,294912,0,0,16,128.0,f6df578e0ec77131fad1ca4cd66f5bdfd621326ec0ae813c7be659c1caaf4237,7415.256999999998,7398.4619999999995,7452.596999999998,17.133,57.32,61.17099999999999,63.18576,,,11
cpu,55,core,2304,32,1,128,1,warm,C,294912,294912,4608,18432,16,128.0,f6df578e0ec77131fad1ca4cd66f5bdfd621326ec0ae813c7be659c1caaf4237,18444.542,18402.676000000003,18454.200000000004,138.299,142.08800000000002,147.6875,149.73978,,,11
cpu,55,core,2304,32,1,128,1,warm,D,294912,294912,4608,18432,16,128.0,f6df578e0ec77131fad1ca4cd66f5bdfd621326ec0ae813c7be659c1caaf4237,36159.806999999986,36051.007000000005,36183.779,133.929,280.2265,286.51855,292.67501000000004,,,11
cpu,55,core,2304,32,1,128,1,warm,E,294912,294912,0,0,16,128.0,f6df578e0ec77131fad1ca4cd66f5bdfd621326ec0ae813c7be659c1caaf4237,7591.865,7571.571,7621.329,186.966,57.308,61.31005,65.6104,,,11
cpu,55,core,2304,32,1,128,1,warm,F,294912,294912,0,0,16,128.0,f6df578e0ec77131fad1ca4cd66f5bdfd621326ec0ae813c7be659c1caaf4237,7611.365000000001,7590.770999999998,7629.545,188.833,57.394999999999996,61.487849999999995,66.64860000000002,,,11
cpu,55,core,2304,32,1,128,1,warm,G,294912,294912,0,0,16,128.0,f6df578e0ec77131fad1ca4cd66f5bdfd621326ec0ae813c7be659c1caaf4237,7603.054,7591.721999999999,7644.678000000001,206.314,57.230999999999995,61.43185,66.59967000000002,,,11
cpu,56,core,2304,32,3,1,1,warm,A,294912,884736,0,0,48,3.0,f6df578e0ec77131fad1ca4cd66f5bdfd621326ec0ae813c7be659c1caaf4237,571.85,551.36,642.931,261.476,64.022,160.2377,168.81074,,,11
cpu,56,core,2304,32,3,1,1,warm,B,294912,294912,0,0,16,3.0,f6df578e0ec77131fad1ca4cd66f5bdfd621326ec0ae813c7be659c1caaf4237,205.962,204.878,251.718,17.275,61.222,67.122,67.6988,,,11
cpu,56,core,2304,32,3,1,1,warm,C,294912,294912,4608,55296,16,3.0,f6df578e0ec77131fad1ca4cd66f5bdfd621326ec0ae813c7be659c1caaf4237,593.225,588.998,601.1129999999999,156.16,145.45,149.66109999999998,150.03542,,,11
cpu,56,core,2304,32,3,1,1,warm,D,294912,294912,4608,55296,16,3.0,f6df578e0ec77131fad1ca4cd66f5bdfd621326ec0ae813c7be659c1caaf4237,1042.71,1041.131,1047.898,155.33,292.12,306.9189,308.08886,,,11
cpu,56,core,2304,32,3,1,1,warm,E,294912,294912,0,0,16,3.0,f6df578e0ec77131fad1ca4cd66f5bdfd621326ec0ae813c7be659c1caaf4237,546.9639999999999,541.802,603.5699999999999,185.705,142.921,147.0243,147.41926,,,11
cpu,56,core,2304,32,3,1,1,warm,F,294912,294912,0,0,16,3.0,f6df578e0ec77131fad1ca4cd66f5bdfd621326ec0ae813c7be659c1caaf4237,551.069,539.374,595.712,184.864,144.077,147.5357,147.86622,,,11
cpu,56,core,2304,32,3,1,1,warm,G,294912,884736,0,0,48,3.0,f6df578e0ec77131fad1ca4cd66f5bdfd621326ec0ae813c7be659c1caaf4237,710.6890000000001,606.4269999999999,714.654,357.243,65.241,208.17079999999999,220.98776,,,11
cpu,57,core,2304,32,3,2,1,warm,A,294912,884736,0,0,48,6.0,f6df578e0ec77131fad1ca4cd66f5bdfd621326ec0ae813c7be659c1caaf4237,642.759,636.422,700.8340000000001,261.425,62.150999999999996,65.98675,66.49975,,,11
cpu,57,core,2304,32,3,2,1,warm,B,294912,294912,0,0,16,6.0,f6df578e0ec77131fad1ca4cd66f5bdfd621326ec0ae813c7be659c1caaf4237,378.65299999999996,377.517,388.26499999999993,17.258,60.486999999999995,60.983,61.1046,,,11
cpu,57,core,2304,32,3,2,1,warm,C,294912,294912,4608,55296,16,6.0,f6df578e0ec77131fad1ca4cd66f5bdfd621326ec0ae813c7be659c1caaf4237,1026.766,1024.717,1034.6680000000001,155.785,145.6155,152.16675,153.01655000000002,,,11
cpu,57,core,2304,32,3,2,1,warm,D,294912,294912,4608,55296,16,6.0,f6df578e0ec77131fad1ca4cd66f5bdfd621326ec0ae813c7be659c1caaf4237,1903.3379999999997,1896.5459999999998,1911.038,158.005,288.3895,304.03975,306.46715,,,11
cpu,57,core,2304,32,3,2,1,warm,E,294912,294912,0,0,16,6.0,f6df578e0ec77131fad1ca4cd66f5bdfd621326ec0ae813c7be659c1caaf4237,904.486,897.561,907.805,189.073,141.6445,146.409,146.5218,,,11
cpu,57,core,2304,32,3,2,1,warm,F,294912,294912,0,0,16,6.0,f6df578e0ec77131fad1ca4cd66f5bdfd621326ec0ae813c7be659c1caaf4237,898.4300000000001,893.71,905.941,186.749,141.411,146.72525,146.79625,,,11
cpu,57,core,2304,32,3,2,1,warm,G,294912,884736,0,0,48,6.0,f6df578e0ec77131fad1ca4cd66f5bdfd621326ec0ae813c7be659c1caaf4237,745.479,740.9870000000001,754.054,356.609,61.791,73.80375,75.56125,,,11
cpu,58,core,2304,32,3,4,1,warm,A,294912,884736,0,0,48,12.0,f6df578e0ec77131fad1ca4cd66f5bdfd621326ec0ae813c7be659c1caaf4237,1051.763,995.719,1163.9270000000001,260.536,60.4285,72.6288,74.99875,,,11
cpu,58,core,2304,32,3,4,1,warm,B,294912,294912,0,0,16,12.0,f6df578e0ec77131fad1ca4cd66f5bdfd621326ec0ae813c7be659c1caaf4237,747.2839999999999,743.1600000000002,755.3670000000001,16.518,60.0755,64.06845,65.51047000000001,,,11
cpu,58,core,2304,32,3,4,1,warm,C,294912,294912,4608,55296,16,12.0,f6df578e0ec77131fad1ca4cd66f5bdfd621326ec0ae813c7be659c1caaf4237,1897.1459999999997,1890.645,1910.7179999999996,153.243,144.7415,150.7062,152.12124,,,11
cpu,58,core,2304,32,3,4,1,warm,D,294912,294912,4608,55296,16,12.0,f6df578e0ec77131fad1ca4cd66f5bdfd621326ec0ae813c7be659c1caaf4237,3609.0020000000004,3598.078,3617.1929999999998,155.629,285.323,299.40004999999996,307.92133,,,11
cpu,58,core,2304,32,3,4,1,warm,E,294912,294912,0,0,16,12.0,f6df578e0ec77131fad1ca4cd66f5bdfd621326ec0ae813c7be659c1caaf4237,1615.2060000000001,1613.2069999999999,1628.3329999999999,194.335,140.182,149.72519999999997,151.35184999999998,,,11
cpu,58,core,2304,32,3,4,1,warm,F,294912,294912,0,0,16,12.0,f6df578e0ec77131fad1ca4cd66f5bdfd621326ec0ae813c7be659c1caaf4237,1610.3170000000002,1602.7540000000001,1616.454,186.257,138.93349999999998,148.3024,149.24313,,,11
cpu,58,core,2304,32,3,4,1,warm,G,294912,884736,0,0,48,12.0,f6df578e0ec77131fad1ca4cd66f5bdfd621326ec0ae813c7be659c1caaf4237,1135.2620000000002,1106.9679999999998,1247.097,364.068,60.7285,73.37294999999999,76.54579,,,11
cpu,59,core,2304,32,3,8,1,warm,A,294912,884736,0,0,48,24.0,f6df578e0ec77131fad1ca4cd66f5bdfd621326ec0ae813c7be659c1caaf4237,1720.2630000000001,1708.662,1754.747,261.179,60.054500000000004,65.21045,68.13322,,,11
cpu,59,core,2304,32,3,8,1,warm,B,294912,294912,0,0,16,24.0,f6df578e0ec77131fad1ca4cd66f5bdfd621326ec0ae813c7be659c1caaf4237,1470.043,1449.5249999999999,1476.1469999999995,17.885,59.672,62.61065,65.7173,,,11
cpu,59,core,2304,32,3,8,1,warm,C,294912,294912,4608,55296,16,24.0,f6df578e0ec77131fad1ca4cd66f5bdfd621326ec0ae813c7be659c1caaf4237,3646.504000000001,3625.1779999999994,3666.596,155.534,144.28199999999998,150.60075,151.37898,,,11
cpu,59,core,2304,32,3,8,1,warm,D,294912,294912,4608,55296,16,24.0,f6df578e0ec77131fad1ca4cd66f5bdfd621326ec0ae813c7be659c1caaf4237,7006.032999999999,6990.563,7033.6939999999995,156.047,283.3635,295.28815,304.64696999999995,,,11
cpu,59,core,2304,32,3,8,1,warm,E,294912,294912,0,0,16,24.0,f6df578e0ec77131fad1ca4cd66f5bdfd621326ec0ae813c7be659c1caaf4237,3037.9410000000007,3015.7479999999987,3062.9859999999994,187.358,142.2095,148.8293,150.12977,,,11
cpu,59,core,2304,32,3,8,1,warm,F,294912,294912,0,0,16,24.0,f6df578e0ec77131fad1ca4cd66f5bdfd621326ec0ae813c7be659c1caaf4237,3049.2239999999997,3041.0339999999997,3059.584,191.33,142.09449999999998,148.96009999999998,152.14238,,,11
cpu,59,core,2304,32,3,8,1,warm,G,294912,884736,0,0,48,24.0,f6df578e0ec77131fad1ca4cd66f5bdfd621326ec0ae813c7be659c1caaf4237,1807.9559999999997,1803.061,1817.0469999999996,357.377,59.021,64.00059999999999,74.17026,,,11
cpu,60,core,2304,32,3,16,1,warm,A,294912,884736,0,0,48,48.0,f6df578e0ec77131fad1ca4cd66f5bdfd621326ec0ae813c7be659c1caaf4237,3118.7680000000005,3103.0690000000004,3143.5619999999994,259.228,58.8685,63.0817,66.07111,,,11
cpu,60,core,2304,32,3,16,1,warm,B,294912,294912,0,0,16,48.0,f6df578e0ec77131fad1ca4cd66f5bdfd621326ec0ae813c7be659c1caaf4237,2846.261,2839.331,2850.032999999999,16.955,58.4125,61.9081,65.78491,,,11
cpu,60,core,2304,32,3,16,1,warm,C,294912,294912,4608,55296,16,48.0,f6df578e0ec77131fad1ca4cd66f5bdfd621326ec0ae813c7be659c1caaf4237,7084.870999999999,7066.705999999999,7090.290000000002,161.597,143.5265,148.9574,149.6538,,,11
cpu,60,core,2304,32,3,16,1,warm,D,294912,294912,4608,55296,16,48.0,f6df578e0ec77131fad1ca4cd66f5bdfd621326ec0ae813c7be659c1caaf4237,13824.785,13803.059000000001,13841.691,159.6,283.0245,290.851,302.30254,,,11
cpu,60,core,2304,32,3,16,1,warm,E,294912,294912,0,0,16,48.0,f6df578e0ec77131fad1ca4cd66f5bdfd621326ec0ae813c7be659c1caaf4237,5804.29,5784.508000000001,5825.738,190.301,137.077,146.8541,149.38151,,,11
cpu,60,core,2304,32,3,16,1,warm,F,294912,294912,0,0,16,48.0,f6df578e0ec77131fad1ca4cd66f5bdfd621326ec0ae813c7be659c1caaf4237,5808.481,5789.872000000001,5897.552999999998,193.038,139.9495,147.84845,151.27325,,,11
cpu,60,core,2304,32,3,16,1,warm,G,294912,884736,0,0,48,48.0,f6df578e0ec77131fad1ca4cd66f5bdfd621326ec0ae813c7be659c1caaf4237,3250.599,3244.234000000001,3278.689,365.272,59.436,63.7813,72.25241,,,11
cpu,61,core,2304,32,3,32,1,warm,A,294912,884736,0,0,48,96.0,f6df578e0ec77131fad1ca4cd66f5bdfd621326ec0ae813c7be659c1caaf4237,5994.611000000002,5966.879000000002,6129.873,261.692,58.975,63.2175,65.9274,,,11
cpu,61,core,2304,32,3,32,1,warm,B,294912,294912,0,0,16,96.0,f6df578e0ec77131fad1ca4cd66f5bdfd621326ec0ae813c7be659c1caaf4237,5736.358,5725.680999999998,5956.029999999998,17.35,59.126999999999995,63.2085,68.7584,,,11
cpu,61,core,2304,32,3,32,1,warm,C,294912,294912,4608,55296,16,96.0,f6df578e0ec77131fad1ca4cd66f5bdfd621326ec0ae813c7be659c1caaf4237,14169.318000000001,14024.023999999998,14228.579999999993,164.736,144.68099999999998,150.2505,152.89875,,,11
cpu,61,core,2304,32,3,32,1,warm,D,294912,294912,4608,55296,16,96.0,f6df578e0ec77131fad1ca4cd66f5bdfd621326ec0ae813c7be659c1caaf4237,27433.036000000004,27356.014000000006,27480.317000000006,158.991,282.9595,289.68175,296.3723499999999,,,11
cpu,61,core,2304,32,3,32,1,warm,E,294912,294912,0,0,16,96.0,f6df578e0ec77131fad1ca4cd66f5bdfd621326ec0ae813c7be659c1caaf4237,11555.473,11515.875999999998,11632.548999999995,184.998,138.087,149.18525,151.62525000000002,,,11
cpu,61,core,2304,32,3,32,1,warm,F,294912,294912,0,0,16,96.0,f6df578e0ec77131fad1ca4cd66f5bdfd621326ec0ae813c7be659c1caaf4237,11635.003999999999,11450.812,11659.068000000003,193.934,138.103,148.207,151.83464999999998,,,11
cpu,61,core,2304,32,3,32,1,warm,G,294912,884736,0,0,48,96.0,f6df578e0ec77131fad1ca4cd66f5bdfd621326ec0ae813c7be659c1caaf4237,6112.709999999998,6084.6619999999975,6285.996,365.197,59.321,63.29900000000001,69.02999999999997,,,11
cpu,62,core,2304,32,3,64,1,warm,A,294912,884736,0,0,48,192.0,f6df578e0ec77131fad1ca4cd66f5bdfd621326ec0ae813c7be659c1caaf4237,11771.261,11741.805999999997,12048.500000000004,268.698,59.2775,63.225500000000004,66.07428,,,11
cpu,62,core,2304,32,3,64,1,warm,B,294912,294912,0,0,16,192.0,f6df578e0ec77131fad1ca4cd66f5bdfd621326ec0ae813c7be659c1caaf4237,11427.314000000002,11312.622,11482.92,17.746,59.027,62.46855,64.96416,,,11
cpu,62,core,2304,32,3,64,1,warm,C,294912,294912,4608,55296,16,192.0,f6df578e0ec77131fad1ca4cd66f5bdfd621326ec0ae813c7be659c1caaf4237,27951.800000000007,27893.67999999999,27995.167999999998,164.069,143.8955,148.9181,153.70867000000007,,,11
cpu,62,core,2304,32,3,64,1,warm,D,294912,294912,4608,55296,16,192.0,f6df578e0ec77131fad1ca4cd66f5bdfd621326ec0ae813c7be659c1caaf4237,54722.61799999997,54618.456999999966,54793.97099999999,158.182,283.16150000000005,289.27414999999996,293.70937,,,11
cpu,62,core,2304,32,3,64,1,warm,E,294912,294912,0,0,16,192.0,f6df578e0ec77131fad1ca4cd66f5bdfd621326ec0ae813c7be659c1caaf4237,22587.159000000003,22550.761,22733.51099999999,194.334,137.1325,147.23065,150.49817,,,11
cpu,62,core,2304,32,3,64,1,warm,F,294912,294912,0,0,16,192.0,f6df578e0ec77131fad1ca4cd66f5bdfd621326ec0ae813c7be659c1caaf4237,22643.200999999997,22600.150999999994,22739.615000000016,193.822,137.7775,147.27055,149.69189,,,11
cpu,62,core,2304,32,3,64,1,warm,G,294912,884736,0,0,48,192.0,f6df578e0ec77131fad1ca4cd66f5bdfd621326ec0ae813c7be659c1caaf4237,11817.961999999998,11711.409,11957.476999999993,365.747,58.8835,62.842499999999994,66.05691,,,11
cpu,63,core,2304,32,3,128,1,warm,A,294912,884736,0,0,48,384.0,f6df578e0ec77131fad1ca4cd66f5bdfd621326ec0ae813c7be659c1caaf4237,23357.564000000017,23251.41400000001,23610.024000000012,264.28,59.515,63.09175,65.92012,,,11
cpu,63,core,2304,32,3,128,1,warm,B,294912,294912,0,0,16,384.0,f6df578e0ec77131fad1ca4cd66f5bdfd621326ec0ae813c7be659c1caaf4237,22986.329999999987,22779.582,23500.87400000001,18.565,59.08,62.5318,65.39108000000002,,,11
cpu,63,core,2304,32,3,128,1,warm,C,294912,294912,4608,55296,16,384.0,f6df578e0ec77131fad1ca4cd66f5bdfd621326ec0ae813c7be659c1caaf4237,55646.013999999974,55180.50899999998,55727.96700000004,168.63,143.606,148.42749999999998,153.04412000000002,,,11
cpu,63,core,2304,32,3,128,1,warm,D,294912,294912,4608,55296,16,384.0,f6df578e0ec77131fad1ca4cd66f5bdfd621326ec0ae813c7be659c1caaf4237,109166.28099999999,109064.47499999987,109381.31299999997,166.939,283.131,288.76185,293.09854,,,11
cpu,63,core,2304,32,3,128,1,warm,E,294912,294912,0,0,16,384.0,f6df578e0ec77131fad1ca4cd66f5bdfd621326ec0ae813c7be659c1caaf4237,45150.67900000001,44988.69800000001,45662.06299999999,195.085,137.8265,146.9245,149.35851,,,11
cpu,63,core,2304,32,3,128,1,warm,F,294912,294912,0,0,16,384.0,f6df578e0ec77131fad1ca4cd66f5bdfd621326ec0ae813c7be659c1caaf4237,45175.21100000002,44963.19399999997,45647.77299999999,198.241,137.747,146.63275,149.13037000000006,,,11
cpu,63,core,2304,32,3,128,1,warm,G,294912,884736,0,0,48,384.0,f6df578e0ec77131fad1ca4cd66f5bdfd621326ec0ae813c7be659c1caaf4237,24183.17000000001,23750.932999999997,25625.186999999998,370.567,61.3305,65.18695,71.71708000000001,,,11
cpu,64,rank,576,8,3,8,1,warm,A,18432,55296,0,0,48,24.0,f6df578e0ec77131fad1ca4cd66f5bdfd621326ec0ae813c7be659c1caaf4237,358.27,355.254,359.684,59.355,12.17,12.876,14.979229999999998,,,11
cpu,64,rank,576,8,3,8,1,warm,B,18432,18432,0,0,16,24.0,f6df578e0ec77131fad1ca4cd66f5bdfd621326ec0ae813c7be659c1caaf4237,296.43300000000005,295.29200000000003,304.023,4.172,12.1025,12.6472,13.19033,,,11
cpu,64,rank,576,8,3,8,1,warm,C,18432,18432,1152,13824,16,24.0,f6df578e0ec77131fad1ca4cd66f5bdfd621326ec0ae813c7be659c1caaf4237,669.2339999999999,666.085,714.9059999999997,41.881,25.817,27.460299999999997,30.34347,,,11
cpu,64,rank,576,8,3,8,1,warm,D,18432,18432,1152,13824,16,24.0,f6df578e0ec77131fad1ca4cd66f5bdfd621326ec0ae813c7be659c1caaf4237,2023.109,2016.3220000000003,2025.6260000000002,45.228,81.5135,86.86625,88.71481,,,11
cpu,64,rank,576,8,3,8,1,warm,E,18432,18432,0,0,16,24.0,f6df578e0ec77131fad1ca4cd66f5bdfd621326ec0ae813c7be659c1caaf4237,557.923,551.309,584.338,36.308,25.5235,27.212649999999996,30.17407,,,11
cpu,64,rank,576,8,3,8,1,warm,F,18432,18432,0,0,16,24.0,f6df578e0ec77131fad1ca4cd66f5bdfd621326ec0ae813c7be659c1caaf4237,553.511,549.6949999999998,557.053,34.554,25.587000000000003,26.612699999999997,27.60106,,,11
cpu,64,rank,576,8,3,8,1,warm,G,18432,55296,0,0,48,24.0,f6df578e0ec77131fad1ca4cd66f5bdfd621326ec0ae813c7be659c1caaf4237,376.21000000000004,375.33099999999996,384.53599999999994,83.426,12.024000000000001,12.876999999999999,15.27187,,,11
cpu,65,rank,576,32,3,8,1,warm,A,73728,221184,0,0,48,24.0,f6df578e0ec77131fad1ca4cd66f5bdfd621326ec0ae813c7be659c1caaf4237,500.8430000000001,494.21000000000015,518.9099999999999,86.694,16.853,19.64895,22.783369999999998,,,11
cpu,65,rank,576,32,3,8,1,warm,B,73728,73728,0,0,16,24.0,f6df578e0ec77131fad1ca4cd66f5bdfd621326ec0ae813c7be659c1caaf4237,407.45500000000004,404.44,413.38800000000003,5.359,16.4975,17.46125,19.704639999999998,,,11
cpu,65,rank,576,32,3,8,1,warm,C,73728,73728,1152,13824,16,24.0,f6df578e0ec77131fad1ca4cd66f5bdfd621326ec0ae813c7be659c1caaf4237,951.416,945.5269999999998,955.431,44.451,37.1595,41.74009999999999,43.35746,,,11
cpu,65,rank,576,32,3,8,1,warm,D,73728,73728,1152,13824,16,24.0,f6df578e0ec77131fad1ca4cd66f5bdfd621326ec0ae813c7be659c1caaf4237,2317.5269999999996,2311.3199999999997,2324.2860000000005,49.24,93.5025,99.49625,102.38955999999999,,,11
cpu,65,rank,576,32,3,8,1,warm,E,73728,73728,0,0,16,24.0,f6df578e0ec77131fad1ca4cd66f5bdfd621326ec0ae813c7be659c1caaf4237,786.214,781.75,794.456,45.837,36.769999999999996,39.19945,41.72318,,,11
cpu,65,rank,576,32,3,8,1,warm,F,73728,73728,0,0,16,24.0,f6df578e0ec77131fad1ca4cd66f5bdfd621326ec0ae813c7be659c1caaf4237,787.7049999999998,781.7029999999999,790.2399999999998,46.81,36.662,38.526149999999994,39.90661,,,11
cpu,65,rank,576,32,3,8,1,warm,G,73728,221184,0,0,48,24.0,f6df578e0ec77131fad1ca4cd66f5bdfd621326ec0ae813c7be659c1caaf4237,521.027,518.778,539.448,110.683,16.685000000000002,21.99704999999999,23.68852,,,11
cpu,66,rank,576,128,3,8,1,warm,A,294912,884736,0,0,48,24.0,f6df578e0ec77131fad1ca4cd66f5bdfd621326ec0ae813c7be659c1caaf4237,1929.3029999999999,1819.368,2057.6130000000003,312.971,60.887,69.63064999999999,184.74662999999993,,,11
cpu,66,rank,576,128,3,8,1,warm,B,294912,294912,0,0,16,24.0,f6df578e0ec77131fad1ca4cd66f5bdfd621326ec0ae813c7be659c1caaf4237,1450.2170000000003,1442.915,1469.4799999999998,17.213,58.911,62.580499999999994,65.55911,,,11
cpu,66,rank,576,128,3,8,1,warm,C,294912,294912,1152,13824,16,24.0,f6df578e0ec77131fad1ca4cd66f5bdfd621326ec0ae813c7be659c1caaf4237,2829.060000000001,2814.414,2831.3009999999995,67.252,113.63650000000001,119.33659999999999,121.52682,,,11
cpu,66,rank,576,128,3,8,1,warm,D,294912,294912,1152,13824,16,24.0,f6df578e0ec77131fad1ca4cd66f5bdfd621326ec0ae813c7be659c1caaf4237,3817.9419999999996,3812.2369999999996,3829.791,66.495,154.434,162.8894,170.41115,,,11
cpu,66,rank,576,128,3,8,1,warm,E,294912,294912,0,0,16,24.0,f6df578e0ec77131fad1ca4cd66f5bdfd621326ec0ae813c7be659c1caaf4237,2438.296,2427.163,2478.3369999999995,83.105,109.78999999999999,117.2811,119.84974,,,11
cpu,66,rank,576,128,3,8,1,warm,F,294912,294912,0,0,16,24.0,f6df578e0ec77131fad1ca4cd66f5bdfd621326ec0ae813c7be659c1caaf4237,2437.0559999999996,2427.6549999999997,2490.2219999999998,82.843,109.747,118.23795,120.69417999999999,,,11
cpu,66,rank,576,128,3,8,1,warm,G,294912,884736,0,0,48,24.0,f6df578e0ec77131fad1ca4cd66f5bdfd621326ec0ae813c7be659c1caaf4237,1793.2959999999998,1707.342,1845.9880000000003,190.89,61.1075,70.05019999999999,155.73010999999994,,,11
cpu,67,working_set,576,32,3,8,1,warm,A,73728,221184,0,0,48,24.0,f6df578e0ec77131fad1ca4cd66f5bdfd621326ec0ae813c7be659c1caaf4237,504.99300000000005,500.19799999999987,507.7540000000002,85.828,16.8475,19.689549999999997,22.8829,,,11
cpu,67,working_set,576,32,3,8,1,warm,B,73728,73728,0,0,16,24.0,f6df578e0ec77131fad1ca4cd66f5bdfd621326ec0ae813c7be659c1caaf4237,407.109,406.0470000000001,414.40799999999996,5.426,16.5245,18.154449999999997,19.30113,,,11
cpu,67,working_set,576,32,3,8,1,warm,C,73728,73728,1152,13824,16,24.0,f6df578e0ec77131fad1ca4cd66f5bdfd621326ec0ae813c7be659c1caaf4237,953.6800000000001,946.78,1033.406,44.897,37.2385,42.046749999999996,47.28665,,,11
cpu,67,working_set,576,32,3,8,1,warm,D,73728,73728,1152,13824,16,24.0,f6df578e0ec77131fad1ca4cd66f5bdfd621326ec0ae813c7be659c1caaf4237,2302.935,2293.774,2315.2120000000004,47.744,92.92349999999999,99.8781,103.01449,,,11
cpu,67,working_set,576,32,3,8,1,warm,E,73728,73728,0,0,16,24.0,f6df578e0ec77131fad1ca4cd66f5bdfd621326ec0ae813c7be659c1caaf4237,786.419,778.2430000000002,805.9179999999999,45.591,36.7185,39.272949999999994,42.1521,,,11
cpu,67,working_set,576,32,3,8,1,warm,F,73728,73728,0,0,16,24.0,f6df578e0ec77131fad1ca4cd66f5bdfd621326ec0ae813c7be659c1caaf4237,784.3440000000002,779.191,787.836,46.291,36.587,38.64525,40.889579999999995,,,11
cpu,67,working_set,576,32,3,8,1,warm,G,73728,221184,0,0,48,24.0,f6df578e0ec77131fad1ca4cd66f5bdfd621326ec0ae813c7be659c1caaf4237,519.444,515.4279999999999,528.866,107.267,16.6485,18.167099999999998,23.355919999999998,,,11
cpu,68,working_set,576,32,3,8,1,eviction_buffer,A,73728,221184,0,0,48,24.0,f6df578e0ec77131fad1ca4cd66f5bdfd621326ec0ae813c7be659c1caaf4237,1307.497,1244.5589999999997,1322.3580000000002,97.416,49.149,51.9972,56.07197,,,11
cpu,68,working_set,576,32,3,8,1,eviction_buffer,B,73728,73728,0,0,16,24.0,f6df578e0ec77131fad1ca4cd66f5bdfd621326ec0ae813c7be659c1caaf4237,1147.5069999999998,1135.549,1150.7699999999998,6.359,47.3325,49.84565,50.55172,,,11
cpu,68,working_set,576,32,3,8,1,eviction_buffer,C,73728,73728,1152,13824,16,24.0,f6df578e0ec77131fad1ca4cd66f5bdfd621326ec0ae813c7be659c1caaf4237,2011.614,1961.139,2079.458,52.043,80.6225,86.70894999999999,89.26188,,,11
cpu,68,working_set,576,32,3,8,1,eviction_buffer,D,73728,73728,1152,13824,16,24.0,f6df578e0ec77131fad1ca4cd66f5bdfd621326ec0ae813c7be659c1caaf4237,3498.892,3443.2709999999997,3541.902,57.281,141.608,150.43224999999998,158.44643,,,11
cpu,68,working_set,576,32,3,8,1,eviction_buffer,E,73728,73728,0,0,16,24.0,f6df578e0ec77131fad1ca4cd66f5bdfd621326ec0ae813c7be659c1caaf4237,1769.4970000000003,1717.3729999999998,1790.606,52.705,80.6015,86.3913,86.98756,,,11
cpu,68,working_set,576,32,3,8,1,eviction_buffer,F,73728,73728,0,0,16,24.0,f6df578e0ec77131fad1ca4cd66f5bdfd621326ec0ae813c7be659c1caaf4237,1745.7999999999997,1716.1019999999999,1787.6290000000004,51.323,80.38900000000001,84.3996,86.80191,,,11
cpu,68,working_set,576,32,3,8,1,eviction_buffer,G,73728,221184,0,0,48,24.0,f6df578e0ec77131fad1ca4cd66f5bdfd621326ec0ae813c7be659c1caaf4237,1280.2180000000003,1272.126,1326.2190000000003,123.391,47.876000000000005,50.94105,55.76338,,,11
cpu,69,working_set,576,32,3,8,16,warm,A,73728,3538944,0,0,768,24.0,f6df578e0ec77131fad1ca4cd66f5bdfd621326ec0ae813c7be659c1caaf4237,8130.066999999999,8048.5009999999975,8384.320999999998,1618.4,16.697,17.9178,21.203140000000015,,,11
cpu,69,working_set,576,32,3,8,16,warm,B,73728,1179648,0,0,256,24.0,f6df578e0ec77131fad1ca4cd66f5bdfd621326ec0ae813c7be659c1caaf4237,6496.543999999994,6475.8719999999985,6609.143999999999,76.803,16.437,17.390249999999998,19.65516000000001,,,11
cpu,69,working_set,576,32,3,8,16,warm,C,73728,1179648,1152,13824,256,24.0,f6df578e0ec77131fad1ca4cd66f5bdfd621326ec0ae813c7be659c1caaf4237,14336.205,14299.396000000004,14473.915999999996,126.791,36.680499999999995,39.612199999999994,41.7563,,,11
cpu,69,working_set,576,32,3,8,16,warm,D,73728,1179648,1152,13824,256,24.0,f6df578e0ec77131fad1ca4cd66f5bdfd621326ec0ae813c7be659c1caaf4237,36033.74899999998,35969.243,36253.24800000002,139.51,92.881,96.6254,100.33837000000001,,,11
cpu,69,working_set,576,32,3,8,16,warm,E,73728,1179648,0,0,256,24.0,f6df578e0ec77131fad1ca4cd66f5bdfd621326ec0ae813c7be659c1caaf4237,12048.273999999996,12007.52700000001,12142.59500000001,325.395,36.655,37.577400000000004,41.18612000000001,,,11
cpu,69,working_set,576,32,3,8,16,warm,F,73728,1179648,0,0,256,24.0,f6df578e0ec77131fad1ca4cd66f5bdfd621326ec0ae813c7be659c1caaf4237,12014.801000000005,11969.61799999999,12051.456999999997,320.518,36.6125,37.5657,41.32417,,,11
cpu,69,working_set,576,32,3,8,16,warm,G,73728,3538944,0,0,768,24.0,f6df578e0ec77131fad1ca4cd66f5bdfd621326ec0ae813c7be659c1caaf4237,8048.410000000001,7784.275000000004,8101.536999999998,1578.999,16.5995,17.717699999999997,21.56256,,,11
cpu,70,working_set,576,32,3,8,16,eviction_buffer,A,73728,3538944,0,0,768,24.0,f6df578e0ec77131fad1ca4cd66f5bdfd621326ec0ae813c7be659c1caaf4237,21227.61200000001,21043.53,21383.784,1710.044,50.1785,53.9693,59.424620000000004,,,11
cpu,70,working_set,576,32,3,8,16,eviction_buffer,B,73728,1179648,0,0,256,24.0,f6df578e0ec77131fad1ca4cd66f5bdfd621326ec0ae813c7be659c1caaf4237,19242.307999999997,18557.27299999998,19797.937999999995,148.0,49.481,53.42615,56.38256000000004,,,11
cpu,70,working_set,576,32,3,8,16,eviction_buffer,C,73728,1179648,1152,13824,256,24.0,f6df578e0ec77131fad1ca4cd66f5bdfd621326ec0ae813c7be659c1caaf4237,33955.89900000002,33533.89599999998,34084.211,216.916,86.997,92.7624,96.73855000000003,,,11
cpu,70,working_set,576,32,3,8,16,eviction_buffer,D,73728,1179648,1152,13824,256,24.0,f6df578e0ec77131fad1ca4cd66f5bdfd621326ec0ae813c7be659c1caaf4237,56035.95599999999,55563.18299999999,56812.23,217.338,144.494,151.368,162.29269,,,11
cpu,70,working_set,576,32,3,8,16,eviction_buffer,E,73728,1179648,0,0,256,24.0,f6df578e0ec77131fad1ca4cd66f5bdfd621326ec0ae813c7be659c1caaf4237,29108.920999999988,28699.958,29941.727999999992,435.71,84.53649999999999,92.69535,96.59411000000001,,,11
cpu,70,working_set,576,32,3,8,16,eviction_buffer,F,73728,1179648,0,0,256,24.0,f6df578e0ec77131fad1ca4cd66f5bdfd621326ec0ae813c7be659c1caaf4237,29446.874999999985,28910.43600000001,29749.96899999998,434.078,85.1645,92.67535,95.97672,,,11
cpu,70,working_set,576,32,3,8,16,eviction_buffer,G,73728,3538944,0,0,768,24.0,f6df578e0ec77131fad1ca4cd66f5bdfd621326ec0ae813c7be659c1caaf4237,20467.149,20130.347000000005,21059.762000000002,1604.001,49.0815,53.49225,57.67058000000002,,,11
cpu,71,working_set,576,32,3,8,128,warm,A,73728,28311552,0,0,6144,24.0,f6df578e0ec77131fad1ca4cd66f5bdfd621326ec0ae813c7be659c1caaf4237,65221.20200000007,64225.454000000085,66952.94399999996,13633.275,16.374499999999998,19.505,20.67558,,,11
cpu,71,working_set,576,32,3,8,128,warm,B,73728,9437184,0,0,2048,24.0,f6df578e0ec77131fad1ca4cd66f5bdfd621326ec0ae813c7be659c1caaf4237,51386.161000000015,51212.831999999966,51536.62600000001,831.846,16.3,17.975549999999995,19.27958,,,11
cpu,71,working_set,576,32,3,8,128,warm,C,73728,9437184,1152,13824,2048,24.0,f6df578e0ec77131fad1ca4cd66f5bdfd621326ec0ae813c7be659c1caaf4237,115249.09499999991,114805.21600000016,115540.60199999982,886.053,36.8,40.02075,42.72376,,,11
cpu,71,working_set,576,32,3,8,128,warm,D,73728,9437184,1152,13824,2048,24.0,f6df578e0ec77131fad1ca4cd66f5bdfd621326ec0ae813c7be659c1caaf4237,285673.9039999997,284731.3500000011,286170.66599999997,881.699,92.201,96.6009,100.87062,,,11
cpu,71,working_set,576,32,3,8,128,warm,E,73728,9437184,0,0,2048,24.0,f6df578e0ec77131fad1ca4cd66f5bdfd621326ec0ae813c7be659c1caaf4237,95732.83799999999,95062.3089999999,96613.25799999983,2500.097,36.420500000000004,36.86245,39.412609999999994,,,11
cpu,71,working_set,576,32,3,8,128,warm,F,73728,9437184,0,0,2048,24.0,f6df578e0ec77131fad1ca4cd66f5bdfd621326ec0ae813c7be659c1caaf4237,95178.32799999976,94659.47399999996,95571.47400000007,2547.084,36.3775,36.85935,39.279,,,11
cpu,71,working_set,576,32,3,8,128,warm,G,73728,28311552,0,0,6144,24.0,f6df578e0ec77131fad1ca4cd66f5bdfd621326ec0ae813c7be659c1caaf4237,63137.21599999988,62816.00000000028,63489.00999999999,11746.362,16.33,19.3578,20.352349999999998,,,11
cpu,72,working_set,576,32,3,8,128,eviction_buffer,A,73728,28311552,0,0,6144,24.0,f6df578e0ec77131fad1ca4cd66f5bdfd621326ec0ae813c7be659c1caaf4237,172807.03399999978,168458.20700000026,174976.16399999976,18233.933,49.791,52.94065,58.295659999999984,,,11
cpu,72,working_set,576,32,3,8,128,eviction_buffer,B,73728,9437184,0,0,2048,24.0,f6df578e0ec77131fad1ca4cd66f5bdfd621326ec0ae813c7be659c1caaf4237,152437.6329999999,150270.19199999952,155964.6120000003,1756.528,48.6785,51.5365,55.113479999999996,,,11
cpu,72,working_set,576,32,3,8,128,eviction_buffer,C,73728,9437184,1152,13824,2048,24.0,f6df578e0ec77131fad1ca4cd66f5bdfd621326ec0ae813c7be659c1caaf4237,266264.28000000014,262584.78899999947,271386.4369999996,1279.204,86.021,91.44494999999999,97.31277,,,11
cpu,72,working_set,576,32,3,8,128,eviction_buffer,D,73728,9437184,1152,13824,2048,24.0,f6df578e0ec77131fad1ca4cd66f5bdfd621326ec0ae813c7be659c1caaf4237,445794.9949999996,444264.5259999988,450651.07499999925,1616.366,143.9735,150.9333,157.65461999999997,,,11
cpu,72,working_set,576,32,3,8,128,eviction_buffer,E,73728,9437184,0,0,2048,24.0,f6df578e0ec77131fad1ca4cd66f5bdfd621326ec0ae813c7be659c1caaf4237,236791.82600000032,233303.92699999982,240484.1490000001,3137.311,86.4195,93.7105,97.01196999999999,,,11
cpu,72,working_set,576,32,3,8,128,eviction_buffer,F,73728,9437184,0,0,2048,24.0,f6df578e0ec77131fad1ca4cd66f5bdfd621326ec0ae813c7be659c1caaf4237,237857.82800000004,231857.61900000085,239364.4669999997,3131.158,86.661,93.48649999999998,97.98349999999999,,,11
cpu,72,working_set,576,32,3,8,128,eviction_buffer,G,73728,28311552,0,0,6144,24.0,f6df578e0ec77131fad1ca4cd66f5bdfd621326ec0ae813c7be659c1caaf4237,164734.64599999972,160737.06899999996,169648.73500000028,12817.1,49.186499999999995,52.748,55.8996,,,11
cpu,73,interleaved_tenants,576,32,3,1,16,warm,A,73728,3538944,0,0,768,3.0,f6df578e0ec77131fad1ca4cd66f5bdfd621326ec0ae813c7be659c1caaf4237,1927.2050000000002,1917.6260000000002,1942.18,1055.908,17.575499999999998,20.5006,29.909810000000018,,,11
cpu,73,interleaved_tenants,576,32,3,1,16,warm,B,73728,1179648,0,0,256,3.0,f6df578e0ec77131fad1ca4cd66f5bdfd621326ec0ae813c7be659c1caaf4237,906.6829999999999,898.8209999999999,908.094,77.109,16.459,18.27625,27.258910000000014,,,11
cpu,73,interleaved_tenants,576,32,3,1,16,warm,C,73728,1179648,1152,13824,256,3.0,f6df578e0ec77131fad1ca4cd66f5bdfd621326ec0ae813c7be659c1caaf4237,1974.1649999999997,1971.2620000000002,1983.898,121.89,37.142,41.56415,50.45239000000001,,,11
cpu,73,interleaved_tenants,576,32,3,1,16,warm,D,73728,1179648,1152,13824,256,3.0,f6df578e0ec77131fad1ca4cd66f5bdfd621326ec0ae813c7be659c1caaf4237,4708.798,4702.117,4724.523,126.359,93.82650000000001,101.39869999999999,111.94139000000001,,,11
cpu,73,interleaved_tenants,576,32,3,1,16,warm,E,73728,1179648,0,0,256,3.0,f6df578e0ec77131fad1ca4cd66f5bdfd621326ec0ae813c7be659c1caaf4237,1808.4879999999998,1804.0409999999993,1811.3079999999995,315.53,36.525499999999994,38.48035,43.58480000000001,,,11
cpu,73,interleaved_tenants,576,32,3,1,16,warm,F,73728,1179648,0,0,256,3.0,f6df578e0ec77131fad1ca4cd66f5bdfd621326ec0ae813c7be659c1caaf4237,1812.0469999999996,1806.608,1814.1779999999994,310.398,36.5435,38.6191,43.83447,,,11
cpu,73,interleaved_tenants,576,32,3,1,16,warm,G,73728,3538944,0,0,768,3.0,f6df578e0ec77131fad1ca4cd66f5bdfd621326ec0ae813c7be659c1caaf4237,1775.2180000000003,1772.7179999999998,1783.1639999999998,909.197,17.392,20.815999999999995,30.512600000000017,,,11
cpu,74,interleaved_tenants,576,32,3,8,16,warm,A,73728,3538944,0,0,768,24.0,f6df578e0ec77131fad1ca4cd66f5bdfd621326ec0ae813c7be659c1caaf4237,7592.053999999998,7542.691999999996,7860.643000000002,1069.247,16.726,17.9385,21.21484,,,11
cpu,74,interleaved_tenants,576,32,3,8,16,warm,B,73728,1179648,0,0,256,24.0,f6df578e0ec77131fad1ca4cd66f5bdfd621326ec0ae813c7be659c1caaf4237,6495.127999999997,6406.799000000006,6576.109000000003,76.552,16.3935,17.4075,19.576680000000003,,,11
cpu,74,interleaved_tenants,576,32,3,8,16,warm,C,73728,1179648,1152,13824,256,24.0,f6df578e0ec77131fad1ca4cd66f5bdfd621326ec0ae813c7be659c1caaf4237,14325.538999999995,14290.617000000013,14347.985000000002,126.348,36.694,39.40015,40.567560000000014,,,11
cpu,74,interleaved_tenants,576,32,3,8,16,warm,D,73728,1179648,1152,13824,256,24.0,f6df578e0ec77131fad1ca4cd66f5bdfd621326ec0ae813c7be659c1caaf4237,35906.46800000002,35830.93700000001,35996.559,132.385,92.66900000000001,96.4213,99.81006000000004,,,11
cpu,74,interleaved_tenants,576,32,3,8,16,warm,E,73728,1179648,0,0,256,24.0,f6df578e0ec77131fad1ca4cd66f5bdfd621326ec0ae813c7be659c1caaf4237,11955.878000000012,11924.534000000001,11987.78300000001,312.649,36.626999999999995,37.25365,40.51650000000001,,,11
cpu,74,interleaved_tenants,576,32,3,8,16,warm,F,73728,1179648,0,0,256,24.0,f6df578e0ec77131fad1ca4cd66f5bdfd621326ec0ae813c7be659c1caaf4237,11960.726000000004,11934.51499999999,11968.293000000005,319.282,36.563500000000005,37.1981,40.24082000000001,,,11
cpu,74,interleaved_tenants,576,32,3,8,16,warm,G,73728,3538944,0,0,768,24.0,f6df578e0ec77131fad1ca4cd66f5bdfd621326ec0ae813c7be659c1caaf4237,7315.1069999999945,7306.676999999997,7414.025000000005,913.873,16.432,17.456799999999998,21.154780000000006,,,11
cpu,75,interleaved_tenants,576,32,3,32,16,warm,A,73728,3538944,0,0,768,96.0,f6df578e0ec77131fad1ca4cd66f5bdfd621326ec0ae813c7be659c1caaf4237,26683.35499999999,26562.40600000004,26721.83,1050.84,16.575499999999998,17.14925,19.07335,,,11
cpu,75,interleaved_tenants,576,32,3,32,16,warm,B,73728,1179648,0,0,256,96.0,f6df578e0ec77131fad1ca4cd66f5bdfd621326ec0ae813c7be659c1caaf4237,25642.59999999999,25378.543000000034,25755.108000000047,76.489,16.564,16.883499999999998,18.3596,,,11
cpu,75,interleaved_tenants,576,32,3,32,16,warm,C,73728,1179648,1152,13824,256,96.0,f6df578e0ec77131fad1ca4cd66f5bdfd621326ec0ae813c7be659c1caaf4237,56802.94600000009,56678.16800000007,57144.51400000006,127.139,36.7295,37.823,39.86730000000001,,,11
cpu,75,interleaved_tenants,576,32,3,32,16,warm,D,73728,1179648,1152,13824,256,96.0,f6df578e0ec77131fad1ca4cd66f5bdfd621326ec0ae813c7be659c1caaf4237,142510.0179999999,142295.03999999986,142806.3900000001,132.996,92.4265,95.51425,97.33275000000006,,,11
cpu,75,interleaved_tenants,576,32,3,32,16,warm,E,73728,1179648,0,0,256,96.0,f6df578e0ec77131fad1ca4cd66f5bdfd621326ec0ae813c7be659c1caaf4237,46755.600000000064,46646.388000000035,46911.54600000009,319.149,36.59,37.12175,39.319750000000006,,,11
cpu,75,interleaved_tenants,576,32,3,32,16,warm,F,73728,1179648,0,0,256,96.0,f6df578e0ec77131fad1ca4cd66f5bdfd621326ec0ae813c7be659c1caaf4237,46726.132000000005,46567.1519999999,46925.60099999999,317.2,36.547,37.03,39.3033,,,11
cpu,75,interleaved_tenants,576,32,3,32,16,warm,G,73728,3538944,0,0,768,96.0,f6df578e0ec77131fad1ca4cd66f5bdfd621326ec0ae813c7be659c1caaf4237,26477.63900000001,26424.759000000045,26502.069000000018,917.604,16.543,17.09175,19.02030000000001,,,11
cuda,0,core,36,32,1,1,1,warm,A,4608,4608,0,0,16,1.0,42fe58ee2f371b452def1e13724b2f47c0589526628828c9de5a4562717ef344,150.763,150.419,158.055,53.031,98.378,98.378,98.378,,34304,11
cuda,0,core,36,32,1,1,1,warm,B,4608,4608,0,0,16,1.0,42fe58ee2f371b452def1e13724b2f47c0589526628828c9de5a4562717ef344,119.824,118.646,122.77099999999999,24.385,95.777,95.777,95.777,,30720,11
cuda,0,core,36,32,1,1,1,warm,C,4608,4608,36,288,16,1.0,42fe58ee2f371b452def1e13724b2f47c0589526628828c9de5a4562717ef344,203.644,201.507,212.517,84.884,118.987,118.987,118.987,,36352,11
cuda,0,core,36,32,1,1,1,warm,D,4608,4608,36,288,16,1.0,42fe58ee2f371b452def1e13724b2f47c0589526628828c9de5a4562717ef344,187.66899999999998,185.147,190.328,85.317,101.484,101.484,101.484,,31744,11
cuda,0,core,36,32,1,1,1,warm,E,4608,4608,0,0,16,1.0,42fe58ee2f371b452def1e13724b2f47c0589526628828c9de5a4562717ef344,186.459,183.81400000000002,189.95299999999997,84.8,102.0,102.0,102.0,,30208,11
cuda,0,core,36,32,1,1,1,warm,F,4608,4608,0,0,16,1.0,42fe58ee2f371b452def1e13724b2f47c0589526628828c9de5a4562717ef344,182.969,182.214,194.614,81.956,101.191,101.191,101.191,,30720,11
cuda,0,core,36,32,1,1,1,warm,G,4608,4608,0,0,16,1.0,42fe58ee2f371b452def1e13724b2f47c0589526628828c9de5a4562717ef344,196.537,195.809,198.632,94.631,102.164,102.164,102.164,,30208,11
cuda,1,core,36,32,1,2,1,warm,A,4608,4608,0,0,16,2.0,42fe58ee2f371b452def1e13724b2f47c0589526628828c9de5a4562717ef344,237.66,233.331,244.87800000000001,53.454,92.4975,96.1266,96.31438,,34304,11
cuda,1,core,36,32,1,2,1,warm,B,4608,4608,0,0,16,2.0,42fe58ee2f371b452def1e13724b2f47c0589526628828c9de5a4562717ef344,204.681,201.697,205.085,23.947,89.958,93.81285,94.16176999999999,,31232,11
cuda,1,core,36,32,1,2,1,warm,C,4608,4608,36,288,16,2.0,42fe58ee2f371b452def1e13724b2f47c0589526628828c9de5a4562717ef344,308.51599999999996,307.086,309.034,83.235,112.1065,116.8052,117.22788,,36864,11
cuda,1,core,36,32,1,2,1,warm,D,4608,4608,36,288,16,2.0,42fe58ee2f371b452def1e13724b2f47c0589526628828c9de5a4562717ef344,271.97,271.56899999999996,277.888,84.576,94.19749999999999,99.39710000000001,99.86365,,32256,11
cuda,1,core,36,32,1,2,1,warm,E,4608,4608,0,0,16,2.0,42fe58ee2f371b452def1e13724b2f47c0589526628828c9de5a4562717ef344,272.858,265.18399999999997,275.466,82.222,92.9065,98.0772,98.64504000000001,,31232,11
cuda,1,core,36,32,1,2,1,warm,F,4608,4608,0,0,16,2.0,42fe58ee2f371b452def1e13724b2f47c0589526628828c9de5a4562717ef344,267.859,264.65999999999997,279.811,81.909,93.07,98.8583,99.47166,,31232,11
cuda,1,core,36,32,1,2,1,warm,G,4608,4608,0,0,16,2.0,42fe58ee2f371b452def1e13724b2f47c0589526628828c9de5a4562717ef344,282.767,277.87,287.377,93.557,94.346,98.361,98.9106,,31232,11
cuda,2,core,36,32,1,4,1,warm,A,4608,4608,0,0,16,4.0,42fe58ee2f371b452def1e13724b2f47c0589526628828c9de5a4562717ef344,407.11400000000003,403.15,409.74399999999997,54.036,84.7915,96.48115,97.77472,,34304,11
cuda,2,core,36,32,1,4,1,warm,B,4608,4608,0,0,16,4.0,42fe58ee2f371b452def1e13724b2f47c0589526628828c9de5a4562717ef344,373.865,368.143,381.53999999999996,24.133,84.6845,93.50895,94.21244,,31232,11
cuda,2,core,36,32,1,4,1,warm,C,4608,4608,36,288,16,4.0,42fe58ee2f371b452def1e13724b2f47c0589526628828c9de5a4562717ef344,525.163,518.137,534.491,88.805,106.8475,116.67295,117.70819,,36864,11
cuda,2,core,36,32,1,4,1,warm,D,4608,4608,36,288,16,4.0,42fe58ee2f371b452def1e13724b2f47c0589526628828c9de5a4562717ef344,448.15700000000004,435.60100000000006,457.646,89.927,85.5085,100.709,101.43777,,31744,11
cuda,2,core,36,32,1,4,1,warm,E,4608,4608,0,0,16,4.0,42fe58ee2f371b452def1e13724b2f47c0589526628828c9de5a4562717ef344,438.633,429.7,451.736,87.205,85.2875,97.26445,98.16164,,31232,11
cuda,2,core,36,32,1,4,1,warm,F,4608,4608,0,0,16,4.0,42fe58ee2f371b452def1e13724b2f47c0589526628828c9de5a4562717ef344,440.144,433.831,442.018,85.473,85.793,97.48455,99.02811,,31232,11
cuda,2,core,36,32,1,4,1,warm,G,4608,4608,0,0,16,4.0,42fe58ee2f371b452def1e13724b2f47c0589526628828c9de5a4562717ef344,453.78,450.34400000000005,455.1239999999999,99.624,86.17949999999999,98.66985,99.46038,,31232,11
cuda,3,core,36,32,1,8,1,warm,A,4608,4608,0,0,16,8.0,42fe58ee2f371b452def1e13724b2f47c0589526628828c9de5a4562717ef344,615.155,608.9380000000001,617.742,46.305,68.32849999999999,79.47955,81.10441,6.246742671009772,39424,11
cuda,3,core,36,32,1,8,1,warm,B,4608,4608,0,0,16,8.0,42fe58ee2f371b452def1e13724b2f47c0589526628828c9de5a4562717ef344,585.0519999999999,584.403,588.545,21.025,68.10300000000001,79.25895,79.47819,5.872164818548387,36352,11
cuda,3,core,36,32,1,8,1,warm,C,4608,4608,36,288,16,8.0,42fe58ee2f371b452def1e13724b2f47c0589526628828c9de5a4562717ef344,782.093,778.8299999999999,816.472,72.939,86.5205,101.14055,101.57332,7.664930555555555,41984,11
cuda,3,core,36,32,1,8,1,warm,D,4608,4608,36,288,16,8.0,42fe58ee2f371b452def1e13724b2f47c0589526628828c9de5a4562717ef344,649.421,641.043,674.595,74.259,68.82,83.18055,87.51691,6.924101796407186,37376,11
cuda,3,core,36,32,1,8,1,warm,E,4608,4608,0,0,16,8.0,42fe58ee2f371b452def1e13724b2f47c0589526628828c9de5a4562717ef344,652.848,642.9010000000001,696.703,71.204,68.372,86.20649999999999,87.8669,6.472726004464286,36352,11
cuda,3,core,36,32,1,8,1,warm,F,4608,4608,0,0,16,8.0,42fe58ee2f371b452def1e13724b2f47c0589526628828c9de5a4562717ef344,645.635,638.991,649.9769999999999,73.137,68.3555,83.216,86.18333,7.485397946084724,36352,11
cuda,3,core,36,32,1,8,1,warm,G,4608,4608,0,0,16,8.0,42fe58ee2f371b452def1e13724b2f47c0589526628828c9de5a4562717ef344,657.996,649.008,662.2259999999999,82.797,68.163,84.09429999999999,86.99128999999999,7.5380256241787125,36352,11
cuda,4,core,36,32,1,16,1,warm,A,4608,4608,0,0,16,16.0,42fe58ee2f371b452def1e13724b2f47c0589526628828c9de5a4562717ef344,1145.0279999999998,1138.1799999999998,1151.304,45.551,67.08600000000001,77.4705,80.3722,,39424,11
cuda,4,core,36,32,1,16,1,warm,B,4608,4608,0,0,16,16.0,42fe58ee2f371b452def1e13724b2f47c0589526628828c9de5a4562717ef344,1118.262,1111.306,1121.1970000000001,20.852,67.0775,76.2685,78.01934999999999,,36352,11
cuda,4,core,36,32,1,16,1,warm,C,4608,4608,36,288,16,16.0,42fe58ee2f371b452def1e13724b2f47c0589526628828c9de5a4562717ef344,1453.867,1447.8590000000002,1459.0759999999998,71.966,84.1385,96.12049999999999,99.40235,,41984,11
cuda,4,core,36,32,1,16,1,warm,D,4608,4608,36,288,16,16.0,42fe58ee2f371b452def1e13724b2f47c0589526628828c9de5a4562717ef344,1182.2249999999997,1178.975,1184.547,73.318,67.354,77.4405,84.3531,,37376,11
cuda,4,core,36,32,1,16,1,warm,E,4608,4608,0,0,16,16.0,42fe58ee2f371b452def1e13724b2f47c0589526628828c9de5a4562717ef344,1181.808,1170.7800000000002,1191.4709999999998,71.511,67.038,82.14025000000001,84.59295,,36352,11
cuda,4,core,36,32,1,16,1,warm,F,4608,4608,0,0,16,16.0,42fe58ee2f371b452def1e13724b2f47c0589526628828c9de5a4562717ef344,1178.1539999999998,1173.141,1184.9250000000002,71.655,67.4135,77.61625000000001,83.2172,,36352,11
cuda,4,core,36,32,1,16,1,warm,G,4608,4608,0,0,16,16.0,42fe58ee2f371b452def1e13724b2f47c0589526628828c9de5a4562717ef344,1190.8390000000002,1184.03,1193.663,80.662,67.11099999999999,78.45349999999999,83.26795,,36352,11
cuda,5,core,36,32,1,32,1,warm,A,4608,4608,0,0,16,32.0,42fe58ee2f371b452def1e13724b2f47c0589526628828c9de5a4562717ef344,2213.708,2208.213,2235.0839999999994,46.476,66.7465,74.83279999999999,80.90487,,39424,11
cuda,5,core,36,32,1,32,1,warm,B,4608,4608,0,0,16,32.0,42fe58ee2f371b452def1e13724b2f47c0589526628828c9de5a4562717ef344,2198.1989999999996,2184.5389999999998,2206.169,20.982,66.767,74.64065,77.54173,,36352,11
cuda,5,core,36,32,1,32,1,warm,C,4608,4608,36,288,16,32.0,42fe58ee2f371b452def1e13724b2f47c0589526628828c9de5a4562717ef344,2796.672,2790.701,2805.912,72.189,83.487,93.05445,97.67523,,41984,11
cuda,5,core,36,32,1,32,1,warm,D,4608,4608,36,288,16,32.0,42fe58ee2f371b452def1e13724b2f47c0589526628828c9de5a4562717ef344,2265.2099999999996,2252.385,2273.934,73.311,66.8095,75.05555,83.39868000000001,,37376,11
cuda,5,core,36,32,1,32,1,warm,E,4608,4608,0,0,16,32.0,42fe58ee2f371b452def1e13724b2f47c0589526628828c9de5a4562717ef344,2257.5769999999998,2252.2019999999998,2269.657999999999,71.729,66.6395,76.83085,83.19969000000002,,36352,11
cuda,5,core,36,32,1,32,1,warm,F,4608,4608,0,0,16,32.0,42fe58ee2f371b452def1e13724b2f47c0589526628828c9de5a4562717ef344,2245.595,2237.9150000000004,2267.0719999999997,71.567,66.798,73.58325,82.83623000000001,,35840,11
cuda,5,core,36,32,1,32,1,warm,G,4608,4608,0,0,16,32.0,42fe58ee2f371b452def1e13724b2f47c0589526628828c9de5a4562717ef344,2261.587,2257.665,2270.9100000000003,83.003,66.89150000000001,74.3905,83.20051000000002,,36352,11
cuda,6,core,36,32,1,64,1,warm,A,4608,4608,0,0,16,64.0,42fe58ee2f371b452def1e13724b2f47c0589526628828c9de5a4562717ef344,4368.514999999999,4341.195999999998,4372.227999999999,47.098,66.5415,73.08425,79.10018999999998,,39424,11
cuda,6,core,36,32,1,64,1,warm,B,4608,4608,0,0,16,64.0,42fe58ee2f371b452def1e13724b2f47c0589526628828c9de5a4562717ef344,4334.119000000001,4326.083,4345.729,21.106,66.6275,73.24164999999999,78.58294,,36352,11
cuda,6,core,36,32,1,64,1,warm,C,4608,4608,36,288,16,64.0,42fe58ee2f371b452def1e13724b2f47c0589526628828c9de5a4562717ef344,5502.171,5483.941000000001,5508.002,72.843,83.51150000000001,91.94160000000001,98.88269,,41984,11
cuda,6,core,36,32,1,64,1,warm,D,4608,4608,36,288,16,64.0,42fe58ee2f371b452def1e13724b2f47c0589526628828c9de5a4562717ef344,4405.932000000002,4386.8550000000005,4424.167999999999,73.853,66.7065,73.24439999999998,81.87576999999996,,37376,11
cuda,6,core,36,32,1,64,1,warm,E,4608,4608,0,0,16,64.0,42fe58ee2f371b452def1e13724b2f47c0589526628828c9de5a4562717ef344,4385.813,4382.477,4398.8589999999995,71.208,66.402,73.50615,80.03109999999997,,36352,11
cuda,6,core,36,32,1,64,1,warm,F,4608,4608,0,0,16,64.0,42fe58ee2f371b452def1e13724b2f47c0589526628828c9de5a4562717ef344,4407.915999999999,4383.479,4411.638,71.885,66.713,73.91715,79.23707999999998,,36352,11
cuda,6,core,36,32,1,64,1,warm,G,4608,4608,0,0,16,64.0,42fe58ee2f371b452def1e13724b2f47c0589526628828c9de5a4562717ef344,4402.308000000001,4389.738,4412.2429999999995,81.31,66.464,74.18415,80.02552999999996,,36352,11
cuda,7,core,36,32,1,128,1,warm,A,4608,4608,0,0,16,128.0,42fe58ee2f371b452def1e13724b2f47c0589526628828c9de5a4562717ef344,8653.429000000002,8609.741999999998,8677.792,46.34,66.51400000000001,72.9493,77.96905000000002,,39424,11
cuda,7,core,36,32,1,128,1,warm,B,4608,4608,0,0,16,128.0,42fe58ee2f371b452def1e13724b2f47c0589526628828c9de5a4562717ef344,8612.789000000004,8593.066,8635.412999999997,21.351,66.49799999999999,73.18939999999999,77.05415,,36352,11
cuda,7,core,36,32,1,128,1,warm,C,4608,4608,36,288,16,128.0,42fe58ee2f371b452def1e13724b2f47c0589526628828c9de5a4562717ef344,10871.331999999999,10847.796,10881.594000000001,73.106,83.2885,91.0653,97.74019000000003,,41984,11
cuda,7,core,36,32,1,128,1,warm,D,4608,4608,36,288,16,128.0,42fe58ee2f371b452def1e13724b2f47c0589526628828c9de5a4562717ef344,8711.466999999999,8688.172000000002,8751.354,73.854,66.6635,73.207,77.98802000000002,,37376,11
cuda,7,core,36,32,1,128,1,warm,E,4608,4608,0,0,16,128.0,42fe58ee2f371b452def1e13724b2f47c0589526628828c9de5a4562717ef344,8665.494,8648.582000000002,8679.173999999997,71.674,66.387,72.66329999999999,78.35809000000002,,36352,11
cuda,7,core,36,32,1,128,1,warm,F,4608,4608,0,0,16,128.0,42fe58ee2f371b452def1e13724b2f47c0589526628828c9de5a4562717ef344,8694.803000000002,8678.452,8721.851,72.155,66.53,72.8933,79.54747000000003,,36352,11
cuda,7,core,36,32,1,128,1,warm,G,4608,4608,0,0,16,128.0,42fe58ee2f371b452def1e13724b2f47c0589526628828c9de5a4562717ef344,8649.577999999996,8629.686000000002,8656.9,82.641,66.137,72.56564999999999,76.88507000000001,,35840,11
cuda,8,core,36,32,3,1,1,warm,A,4608,13824,0,0,48,3.0,42fe58ee2f371b452def1e13724b2f47c0589526628828c9de5a4562717ef344,312.488,311.227,320.494,89.871,71.793,81.0711,81.89582,,69120,11
cuda,8,core,36,32,3,1,1,warm,B,4608,4608,0,0,16,3.0,42fe58ee2f371b452def1e13724b2f47c0589526628828c9de5a4562717ef344,235.06400000000002,233.708,237.66,21.445,69.771,74.8333,75.32025999999999,,55296,11
cuda,8,core,36,32,3,1,1,warm,C,4608,4608,36,864,16,3.0,42fe58ee2f371b452def1e13724b2f47c0589526628828c9de5a4562717ef344,371.122,366.21500000000003,377.007,92.678,89.728,98.22970000000001,98.63472,,62976,11
cuda,8,core,36,32,3,1,1,warm,D,4608,4608,36,864,16,3.0,42fe58ee2f371b452def1e13724b2f47c0589526628828c9de5a4562717ef344,318.429,315.173,320.28999999999996,93.781,72.06,82.15820000000001,82.95805999999999,,58368,11
cuda,8,core,36,32,3,1,1,warm,E,4608,4608,0,0,16,3.0,42fe58ee2f371b452def1e13724b2f47c0589526628828c9de5a4562717ef344,338.92499999999995,335.725,343.484,72.83,88.762,90.6493,90.92266,,59904,11
cuda,8,core,36,32,3,1,1,warm,F,4608,4608,0,0,16,3.0,42fe58ee2f371b452def1e13724b2f47c0589526628828c9de5a4562717ef344,299.956,294.88800000000003,303.95,75.11,71.289,82.3917,83.0209,,55296,11
cuda,8,core,36,32,3,1,1,warm,G,4608,13824,0,0,48,3.0,42fe58ee2f371b452def1e13724b2f47c0589526628828c9de5a4562717ef344,350.342,348.86,357.80100000000004,126.649,71.865,82.0507,82.95094,,73728,11
cuda,9,core,36,32,3,2,1,warm,A,4608,13824,0,0,48,6.0,42fe58ee2f371b452def1e13724b2f47c0589526628828c9de5a4562717ef344,516.53,513.7570000000001,522.331,89.993,68.602,80.0175,81.43090000000001,,76800,11
cuda,9,core,36,32,3,2,1,warm,B,4608,4608,0,0,16,6.0,42fe58ee2f371b452def1e13724b2f47c0589526628828c9de5a4562717ef344,439.353,432.83000000000004,442.973,21.661,67.993,75.291,75.3214,,55296,11
cuda,9,core,36,32,3,2,1,warm,C,4608,4608,36,864,16,6.0,42fe58ee2f371b452def1e13724b2f47c0589526628828c9de5a4562717ef344,628.5559999999999,625.9190000000001,632.6170000000001,92.956,86.215,97.41425,98.9993,,62976,11
cuda,9,core,36,32,3,2,1,warm,D,4608,4608,36,864,16,6.0,42fe58ee2f371b452def1e13724b2f47c0589526628828c9de5a4562717ef344,521.742,517.37,524.8820000000001,93.922,68.303,80.211,82.5587,,58368,11
cuda,9,core,36,32,3,2,1,warm,E,4608,4608,0,0,16,6.0,42fe58ee2f371b452def1e13724b2f47c0589526628828c9de5a4562717ef344,572.379,567.907,581.041,73.206,84.931,88.60225,89.36845,,59904,11
cuda,9,core,36,32,3,2,1,warm,F,4608,4608,0,0,16,6.0,42fe58ee2f371b452def1e13724b2f47c0589526628828c9de5a4562717ef344,506.78599999999994,499.411,507.92299999999994,74.363,68.78649999999999,80.4025,81.8624,,55296,11
cuda,9,core,36,32,3,2,1,warm,G,4608,13824,0,0,48,6.0,42fe58ee2f371b452def1e13724b2f47c0589526628828c9de5a4562717ef344,558.044,556.335,559.708,126.068,68.123,81.94500000000001,83.8928,,73728,11
cuda,10,core,36,32,3,4,1,warm,A,4608,13824,0,0,48,12.0,42fe58ee2f371b452def1e13724b2f47c0589526628828c9de5a4562717ef344,925.438,916.2100000000002,929.4,89.154,67.8615,78.02199999999999,81.39155,,76800,11
cuda,10,core,36,32,3,4,1,warm,B,4608,4608,0,0,16,12.0,42fe58ee2f371b452def1e13724b2f47c0589526628828c9de5a4562717ef344,846.4029999999999,844.6649999999998,853.189,21.457,67.8055,74.95734999999999,76.28747,,55296,11
cuda,10,core,36,32,3,4,1,warm,C,4608,4608,36,864,16,12.0,42fe58ee2f371b452def1e13724b2f47c0589526628828c9de5a4562717ef344,1132.478,1126.416,1139.7849999999999,92.276,84.898,95.2982,97.25716,,62976,11
cuda,10,core,36,32,3,4,1,warm,D,4608,4608,36,864,16,12.0,42fe58ee2f371b452def1e13724b2f47c0589526628828c9de5a4562717ef344,928.516,925.42,931.0870000000001,93.296,67.51599999999999,79.59589999999999,82.54574000000001,,58368,11
cuda,10,core,36,32,3,4,1,warm,E,4608,4608,0,0,16,12.0,42fe58ee2f371b452def1e13724b2f47c0589526628828c9de5a4562717ef344,1057.746,1048.641,1063.586,72.589,84.196,90.0568,92.63199,,59904,11
cuda,10,core,36,32,3,4,1,warm,F,4608,4608,0,0,16,12.0,42fe58ee2f371b452def1e13724b2f47c0589526628828c9de5a4562717ef344,913.381,909.6920000000001,920.6469999999999,75.238,67.755,79.77755,83.21294,,55296,11
cuda,10,core,36,32,3,4,1,warm,G,4608,13824,0,0,48,12.0,42fe58ee2f371b452def1e13724b2f47c0589526628828c9de5a4562717ef344,962.1890000000001,955.584,970.4170000000001,127.216,67.3665,79.369,83.27148,,73728,11
cuda,11,core,36,32,3,8,1,warm,A,4608,13824,0,0,48,24.0,42fe58ee2f371b452def1e13724b2f47c0589526628828c9de5a4562717ef344,1716.0490000000002,1709.812,1735.2399999999998,89.336,66.68299999999999,75.6443,80.91124,5.554509943181818,85504,11
cuda,11,core,36,32,3,8,1,warm,B,4608,4608,0,0,16,24.0,42fe58ee2f371b452def1e13724b2f47c0589526628828c9de5a4562717ef344,1641.5989999999997,1637.757,1651.3259999999998,21.947,66.79,73.41819999999998,75.99718,5.222427293064877,64000,11
cuda,11,core,36,32,3,8,1,warm,C,4608,4608,36,864,16,24.0,42fe58ee2f371b452def1e13724b2f47c0589526628828c9de5a4562717ef344,2149.894,2132.3259999999996,2164.8610000000003,93.476,84.114,92.77995,98.02533,6.984504744958482,71680,11
cuda,11,core,36,32,3,8,1,warm,D,4608,4608,36,864,16,24.0,42fe58ee2f371b452def1e13724b2f47c0589526628828c9de5a4562717ef344,1734.9569999999997,1729.4239999999998,1741.7250000000001,94.972,66.7295,74.72149999999999,81.27383,5.565811657032755,57856,11
cuda,11,core,36,32,3,8,1,warm,E,4608,4608,0,0,16,24.0,42fe58ee2f371b452def1e13724b2f47c0589526628828c9de5a4562717ef344,2006.0580000000002,1997.8679999999995,2016.361,73.401,83.30199999999999,89.7701,92.87983,6.4623410724156995,68608,11
cuda,11,core,36,32,3,8,1,warm,F,4608,4608,0,0,16,24.0,42fe58ee2f371b452def1e13724b2f47c0589526628828c9de5a4562717ef344,1707.321,1699.1979999999999,1716.7410000000004,75.215,66.682,73.82399999999998,81.76683,5.495167373880245,64000,11
cuda,11,core,36,32,3,8,1,warm,G,4608,13824,0,0,48,24.0,42fe58ee2f371b452def1e13724b2f47c0589526628828c9de5a4562717ef344,1766.538,1744.582,1773.929,127.658,66.712,75.1074,82.02802,5.734506172839506,82432,11
cuda,12,core,36,32,3,16,1,warm,A,4608,13824,0,0,48,48.0,42fe58ee2f371b452def1e13724b2f47c0589526628828c9de5a4562717ef344,3315.1310000000003,3295.3140000000003,3336.8000000000006,91.655,66.15,72.30185,79.07162000000001,,76288,11
cuda,12,core,36,32,3,16,1,warm,B,4608,4608,0,0,16,48.0,42fe58ee2f371b452def1e13724b2f47c0589526628828c9de5a4562717ef344,3252.6429999999996,3244.106,3268.2520000000004,21.626,66.41,73.1027,75.58139,,54784,11
cuda,12,core,36,32,3,16,1,warm,C,4608,4608,36,864,16,48.0,42fe58ee2f371b452def1e13724b2f47c0589526628828c9de5a4562717ef344,4158.527000000001,4135.107999999999,4167.683,92.809,83.5435,91.09755,96.73144,,62464,11
cuda,12,core,36,32,3,16,1,warm,D,4608,4608,36,864,16,48.0,42fe58ee2f371b452def1e13724b2f47c0589526628828c9de5a4562717ef344,3335.1689999999994,3310.9149999999995,3348.4199999999996,93.267,66.4975,72.633,79.39040000000001,,57856,11
cuda,12,core,36,32,3,16,1,warm,E,4608,4608,0,0,16,48.0,42fe58ee2f371b452def1e13724b2f47c0589526628828c9de5a4562717ef344,3900.6789999999996,3893.4089999999987,3915.0050000000006,73.977,83.2705,89.35565,92.92947000000001,,51712,11
cuda,12,core,36,32,3,16,1,warm,F,4608,4608,0,0,16,48.0,42fe58ee2f371b452def1e13724b2f47c0589526628828c9de5a4562717ef344,3310.271,3297.9069999999997,3332.5840000000003,74.814,66.387,73.1819,79.34076,,54784,11
cuda,12,core,36,32,3,16,1,warm,G,4608,13824,0,0,48,48.0,42fe58ee2f371b452def1e13724b2f47c0589526628828c9de5a4562717ef344,3365.5019999999995,3350.1540000000005,3374.2350000000006,126.792,66.4005,72.8318,79.56546000000002,,73216,11
cuda,13,core,36,32,3,32,1,warm,A,4608,13824,0,0,48,96.0,42fe58ee2f371b452def1e13724b2f47c0589526628828c9de5a4562717ef344,6499.871999999999,6469.347999999998,6527.068999999998,90.178,66.1305,71.35675,75.65864999999998,,76288,11
cuda,13,core,36,32,3,32,1,warm,B,4608,4608,0,0,16,96.0,42fe58ee2f371b452def1e13724b2f47c0589526628828c9de5a4562717ef344,6453.2350000000015,6439.807999999999,6467.873999999999,21.933,66.474,71.162,74.29729999999999,,54784,11
cuda,13,core,36,32,3,32,1,warm,C,4608,4608,36,864,16,96.0,42fe58ee2f371b452def1e13724b2f47c0589526628828c9de5a4562717ef344,8185.766000000001,8163.676999999998,8210.719000000001,93.063,83.3005,90.36725,94.28674999999996,,62464,11
cuda,13,core,36,32,3,32,1,warm,D,4608,4608,36,864,16,96.0,42fe58ee2f371b452def1e13724b2f47c0589526628828c9de5a4562717ef344,6528.108000000001,6521.106000000001,6541.391999999999,93.501,66.32499999999999,72.08125,79.28889999999997,,57856,11
cuda,13,core,36,32,3,32,1,warm,E,4608,4608,0,0,16,96.0,42fe58ee2f371b452def1e13724b2f47c0589526628828c9de5a4562717ef344,7695.7199999999975,7685.194999999998,7742.519999999999,73.018,83.4075,89.363,92.3554,,59392,11
cuda,13,core,36,32,3,32,1,warm,F,4608,4608,0,0,16,96.0,42fe58ee2f371b452def1e13724b2f47c0589526628828c9de5a4562717ef344,6517.952000000003,6505.358000000001,6559.831,76.166,66.454,71.9135,75.33249999999998,,54784,11
cuda,13,core,36,32,3,32,1,warm,G,4608,13824,0,0,48,96.0,42fe58ee2f371b452def1e13724b2f47c0589526628828c9de5a4562717ef344,6560.852,6544.263999999998,6581.022000000004,125.976,66.354,71.94775,75.58574999999996,,73216,11
cuda,14,core,36,32,3,64,1,warm,A,4608,13824,0,0,48,192.0,42fe58ee2f371b452def1e13724b2f47c0589526628828c9de5a4562717ef344,12984.376999999997,12965.850000000006,13013.276000000002,90.926,66.48349999999999,72.71005,75.92124000000001,,76288,11
cuda,14,core,36,32,3,64,1,warm,B,4608,4608,0,0,16,192.0,42fe58ee2f371b452def1e13724b2f47c0589526628828c9de5a4562717ef344,12880.850000000008,12852.688999999997,12923.094,22.141,66.4495,72.2481,74.53009000000002,,54784,11
cuda,14,core,36,32,3,64,1,warm,C,4608,4608,36,864,16,192.0,42fe58ee2f371b452def1e13724b2f47c0589526628828c9de5a4562717ef344,16251.021999999995,16198.95899999999,16364.468999999986,92.746,83.2865,90.7444,94.06679000000001,,62464,11
cuda,14,core,36,32,3,64,1,warm,D,4608,4608,36,864,16,192.0,42fe58ee2f371b452def1e13724b2f47c0589526628828c9de5a4562717ef344,12933.331000000002,12900.838,13039.542,95.022,66.2865,72.12984999999999,75.32785,,57856,11
cuda,14,core,36,32,3,64,1,warm,E,4608,4608,0,0,16,192.0,42fe58ee2f371b452def1e13724b2f47c0589526628828c9de5a4562717ef344,15319.208999999999,15227.356000000007,15393.455,74.621,83.35249999999999,89.6516,92.65486,,59392,11
cuda,14,core,36,32,3,64,1,warm,F,4608,4608,0,0,16,192.0,42fe58ee2f371b452def1e13724b2f47c0589526628828c9de5a4562717ef344,12959.066000000004,12905.829,13006.455999999998,75.455,66.4855,72.52069999999999,75.47669000000002,,54784,11
cuda,14,core,36,32,3,64,1,warm,G,4608,13824,0,0,48,192.0,42fe58ee2f371b452def1e13724b2f47c0589526628828c9de5a4562717ef344,13000.991999999986,12956.193000000007,13087.891000000003,131.617,66.521,72.3009,75.34213000000003,,73216,11
cuda,15,core,36,32,3,128,1,warm,A,4608,13824,0,0,48,384.0,42fe58ee2f371b452def1e13724b2f47c0589526628828c9de5a4562717ef344,25791.04800000002,25666.804999999997,25839.36000000002,90.275,66.4785,71.2629,73.93895,,76288,11
cuda,15,core,36,32,3,128,1,warm,B,4608,4608,0,0,16,384.0,42fe58ee2f371b452def1e13724b2f47c0589526628828c9de5a4562717ef344,25744.542000000005,25692.565000000024,25810.918000000023,22.186,66.4845,71.8792,73.89936,,54784,11
cuda,15,core,36,32,3,128,1,warm,C,4608,4608,36,864,16,384.0,42fe58ee2f371b452def1e13724b2f47c0589526628828c9de5a4562717ef344,32437.452000000023,32289.639,32501.01799999999,93.958,83.416,90.05985,92.9657,,62464,11
cuda,15,core,36,32,3,128,1,warm,D,4608,4608,36,864,16,384.0,42fe58ee2f371b452def1e13724b2f47c0589526628828c9de5a4562717ef344,25791.17399999999,25708.79299999999,25851.91400000001,94.783,66.40350000000001,71.85555,74.23507000000001,,57856,11
cuda,15,core,36,32,3,128,1,warm,E,4608,4608,0,0,16,384.0,42fe58ee2f371b452def1e13724b2f47c0589526628828c9de5a4562717ef344,30386.82299999999,30294.46300000001,30507.322000000015,74.489,82.97,89.00725,91.78502,,59392,11
cuda,15,core,36,32,3,128,1,warm,F,4608,4608,0,0,16,384.0,42fe58ee2f371b452def1e13724b2f47c0589526628828c9de5a4562717ef344,25798.74500000002,25765.671999999995,25873.31999999997,76.002,66.509,71.9242,74.28402000000001,,54784,11
cuda,15,core,36,32,3,128,1,warm,G,4608,13824,0,0,48,384.0,42fe58ee2f371b452def1e13724b2f47c0589526628828c9de5a4562717ef344,25869.55299999998,25793.509000000002,25956.179000000007,127.506,66.5135,72.08109999999999,74.11906,,73216,11
cuda,16,core,144,32,1,1,1,warm,A,18432,18432,0,0,16,1.0,42fe58ee2f371b452def1e13724b2f47c0589526628828c9de5a4562717ef344,128.06099999999998,127.071,130.709,45.853,82.394,82.394,82.394,,139776,11
cuda,16,core,144,32,1,1,1,warm,B,18432,18432,0,0,16,1.0,42fe58ee2f371b452def1e13724b2f47c0589526628828c9de5a4562717ef344,100.028,98.869,107.136,20.873,79.155,79.155,79.155,,122368,11
cuda,16,core,144,32,1,1,1,warm,C,18432,18432,144,1152,16,1.0,42fe58ee2f371b452def1e13724b2f47c0589526628828c9de5a4562717ef344,175.701,175.224,183.562,74.323,101.378,101.378,101.378,,143872,11
cuda,16,core,144,32,1,1,1,warm,D,18432,18432,144,1152,16,1.0,42fe58ee2f371b452def1e13724b2f47c0589526628828c9de5a4562717ef344,160.812,157.663,164.44,73.123,86.596,86.596,86.596,,125952,11
cuda,16,core,144,32,1,1,1,warm,E,18432,18432,0,0,16,1.0,42fe58ee2f371b452def1e13724b2f47c0589526628828c9de5a4562717ef344,159.927,157.73000000000002,163.681,73.227,86.068,86.068,86.068,,122880,11
cuda,16,core,144,32,1,1,1,warm,F,18432,18432,0,0,16,1.0,42fe58ee2f371b452def1e13724b2f47c0589526628828c9de5a4562717ef344,159.18,157.151,164.024,73.309,85.403,85.403,85.403,,122880,11
cuda,16,core,144,32,1,1,1,warm,G,18432,18432,0,0,16,1.0,42fe58ee2f371b452def1e13724b2f47c0589526628828c9de5a4562717ef344,167.209,166.199,171.939,81.172,85.664,85.664,85.664,,124416,11
cuda,17,core,144,32,1,2,1,warm,A,18432,18432,0,0,16,2.0,42fe58ee2f371b452def1e13724b2f47c0589526628828c9de5a4562717ef344,198.233,197.402,207.898,45.571,76.753,81.50265,81.95973,,139776,11
cuda,17,core,144,32,1,2,1,warm,B,18432,18432,0,0,16,2.0,42fe58ee2f371b452def1e13724b2f47c0589526628828c9de5a4562717ef344,169.938,168.923,170.82700000000003,20.846,74.5375,78.38035,78.69127,,122880,11
cuda,17,core,144,32,1,2,1,warm,C,18432,18432,144,1152,16,2.0,42fe58ee2f371b452def1e13724b2f47c0589526628828c9de5a4562717ef344,266.914,264.069,268.548,74.419,96.06649999999999,100.02965,100.46037999999999,,144384,11
cuda,17,core,144,32,1,2,1,warm,D,18432,18432,144,1152,16,2.0,42fe58ee2f371b452def1e13724b2f47c0589526628828c9de5a4562717ef344,232.935,229.90200000000002,242.44599999999997,73.594,79.719,85.2949,85.75418,,125952,11
cuda,17,core,144,32,1,2,1,warm,E,18432,18432,0,0,16,2.0,42fe58ee2f371b452def1e13724b2f47c0589526628828c9de5a4562717ef344,233.385,230.03599999999997,234.901,73.367,79.40299999999999,85.6966,86.17132000000001,,122880,11
cuda,17,core,144,32,1,2,1,warm,F,18432,18432,0,0,16,2.0,42fe58ee2f371b452def1e13724b2f47c0589526628828c9de5a4562717ef344,231.845,228.345,232.65800000000002,73.494,78.91900000000001,84.5016,84.95658,,122880,11
cuda,17,core,144,32,1,2,1,warm,G,18432,18432,0,0,16,2.0,42fe58ee2f371b452def1e13724b2f47c0589526628828c9de5a4562717ef344,246.302,236.749,248.87300000000002,81.513,79.93299999999999,85.1872,85.73824,,124416,11
cuda,18,core,144,32,1,4,1,warm,A,18432,18432,0,0,16,4.0,42fe58ee2f371b452def1e13724b2f47c0589526628828c9de5a4562717ef344,343.51099999999997,335.09499999999997,351.35200000000003,46.681,69.8055,82.42095,82.72229999999999,,139776,11
cuda,18,core,144,32,1,4,1,warm,B,18432,18432,0,0,16,4.0,42fe58ee2f371b452def1e13724b2f47c0589526628828c9de5a4562717ef344,310.86400000000003,304.27799999999996,315.078,20.934,69.594,79.0026,79.31947,,122880,11
cuda,18,core,144,32,1,4,1,warm,C,18432,18432,144,1152,16,4.0,42fe58ee2f371b452def1e13724b2f47c0589526628828c9de5a4562717ef344,442.13800000000003,437.447,449.48600000000005,74.288,88.82300000000001,100.19565,101.44886,,142848,11
cuda,18,core,144,32,1,4,1,warm,D,18432,18432,144,1152,16,4.0,42fe58ee2f371b452def1e13724b2f47c0589526628828c9de5a4562717ef344,371.152,370.165,379.248,73.634,71.357,84.70434999999999,86.31015,,125952,11
cuda,18,core,144,32,1,4,1,warm,E,18432,18432,0,0,16,4.0,42fe58ee2f371b452def1e13724b2f47c0589526628828c9de5a4562717ef344,367.94,366.16599999999994,375.312,73.308,70.462,83.7199,85.21915,,122880,11
cuda,18,core,144,32,1,4,1,warm,F,18432,18432,0,0,16,4.0,42fe58ee2f371b452def1e13724b2f47c0589526628828c9de5a4562717ef344,367.85200000000003,365.051,379.08,73.177,70.7325,83.94969999999999,85.275,,122880,11
cuda,18,core,144,32,1,4,1,warm,G,18432,18432,0,0,16,4.0,42fe58ee2f371b452def1e13724b2f47c0589526628828c9de5a4562717ef344,375.455,372.01800000000003,385.093,81.416,70.2795,83.5064,83.98571,,124416,11
cuda,19,core,144,32,1,8,1,warm,A,18432,18432,0,0,16,8.0,42fe58ee2f371b452def1e13724b2f47c0589526628828c9de5a4562717ef344,614.289,608.532,617.298,47.034,68.1155,80.7408,84.64478,6.093895499224004,155136,11
cuda,19,core,144,32,1,8,1,warm,B,18432,18432,0,0,16,8.0,42fe58ee2f371b452def1e13724b2f47c0589526628828c9de5a4562717ef344,589.49,583.0020000000001,596.6959999999999,21.437,68.59299999999999,80.92134999999999,82.09836,6.823013341067285,138240,11
cuda,19,core,144,32,1,8,1,warm,C,18432,18432,144,1152,16,8.0,42fe58ee2f371b452def1e13724b2f47c0589526628828c9de5a4562717ef344,788.6350000000001,784.5589999999999,811.3710000000001,75.541,87.122,101.2355,102.91359,9.49703839869281,159744,11
cuda,19,core,144,32,1,8,1,warm,D,18432,18432,144,1152,16,8.0,42fe58ee2f371b452def1e13724b2f47c0589526628828c9de5a4562717ef344,646.3509999999999,639.348,653.496,74.7,68.393,82.04344999999999,85.92943,6.496351872246696,141312,11
cuda,19,core,144,32,1,8,1,warm,E,18432,18432,0,0,16,8.0,42fe58ee2f371b452def1e13724b2f47c0589526628828c9de5a4562717ef344,648.66,637.9079999999999,658.8240000000001,74.505,68.47900000000001,84.36769999999999,85.74739,6.459945504087194,136704,11
cuda,19,core,144,32,1,8,1,warm,F,18432,18432,0,0,16,8.0,42fe58ee2f371b452def1e13724b2f47c0589526628828c9de5a4562717ef344,647.242,641.683,652.51,75.303,67.98599999999999,82.72489999999999,86.04758,6.458538925438597,138240,11
cuda,19,core,144,32,1,8,1,warm,G,18432,18432,0,0,16,8.0,42fe58ee2f371b452def1e13724b2f47c0589526628828c9de5a4562717ef344,648.7170000000001,645.0169999999999,657.0639999999999,82.531,68.15950000000001,81.68745,85.65447999999999,7.099818511796733,139776,11
cuda,20,core,144,32,1,16,1,warm,A,18432,18432,0,0,16,16.0,42fe58ee2f371b452def1e13724b2f47c0589526628828c9de5a4562717ef344,1164.652,1155.15,1167.3829999999998,47.289,67.58250000000001,78.65975,83.18185,,153600,11
cuda,20,core,144,32,1,16,1,warm,B,18432,18432,0,0,16,16.0,42fe58ee2f371b452def1e13724b2f47c0589526628828c9de5a4562717ef344,1133.0279999999998,1130.056,1137.9389999999999,21.321,67.742,78.943,80.31060000000001,,136704,11
cuda,20,core,144,32,1,16,1,warm,C,18432,18432,144,1152,16,16.0,42fe58ee2f371b452def1e13724b2f47c0589526628828c9de5a4562717ef344,1476.146,1463.6900000000003,1486.3730000000003,74.46,85.4405,97.90350000000001,100.763,,158208,11
cuda,20,core,144,32,1,16,1,warm,D,18432,18432,144,1152,16,16.0,42fe58ee2f371b452def1e13724b2f47c0589526628828c9de5a4562717ef344,1195.705,1191.9579999999999,1203.005,74.77,68.13050000000001,79.04425,85.38595,,139776,11
cuda,20,core,144,32,1,16,1,warm,E,18432,18432,0,0,16,16.0,42fe58ee2f371b452def1e13724b2f47c0589526628828c9de5a4562717ef344,1191.2670000000003,1189.4489999999998,1206.36,74.622,67.898,79.34875,85.18639999999999,,136704,11
cuda,20,core,144,32,1,16,1,warm,F,18432,18432,0,0,16,16.0,42fe58ee2f371b452def1e13724b2f47c0589526628828c9de5a4562717ef344,1188.4470000000001,1184.971,1203.4980000000003,74.879,67.7735,78.7975,85.11735,,136704,11
cuda,20,core,144,32,1,16,1,warm,G,18432,18432,0,0,16,16.0,42fe58ee2f371b452def1e13724b2f47c0589526628828c9de5a4562717ef344,1202.172,1195.1439999999998,1204.395,83.57,67.7465,79.50975,85.2106,,138240,11
cuda,21,core,144,32,1,32,1,warm,A,18432,18432,0,0,16,32.0,42fe58ee2f371b452def1e13724b2f47c0589526628828c9de5a4562717ef344,2246.6400000000003,2236.5459999999994,2251.4990000000007,46.968,67.35400000000001,75.9912,83.07211000000001,,153600,11
cuda,21,core,144,32,1,32,1,warm,B,18432,18432,0,0,16,32.0,42fe58ee2f371b452def1e13724b2f47c0589526628828c9de5a4562717ef344,2211.8,2207.5350000000003,2215.9880000000003,20.976,67.34899999999999,75.25995,79.52517,,136704,11
cuda,21,core,144,32,1,32,1,warm,C,18432,18432,144,1152,16,32.0,42fe58ee2f371b452def1e13724b2f47c0589526628828c9de5a4562717ef344,2850.3169999999996,2839.7530000000006,2855.466,76.24,84.54650000000001,95.24365,103.79274000000002,,158208,11
cuda,21,core,144,32,1,32,1,warm,D,18432,18432,144,1152,16,32.0,42fe58ee2f371b452def1e13724b2f47c0589526628828c9de5a4562717ef344,2285.848,2272.941,2293.0740000000005,75.814,67.6125,76.6122,85.37538,,139776,11
cuda,21,core,144,32,1,32,1,warm,E,18432,18432,0,0,16,32.0,42fe58ee2f371b452def1e13724b2f47c0589526628828c9de5a4562717ef344,2266.3010000000004,2262.234,2280.4750000000004,74.245,67.18199999999999,75.29345,84.31195000000001,,136704,11
cuda,21,core,144,32,1,32,1,warm,F,18432,18432,0,0,16,32.0,42fe58ee2f371b452def1e13724b2f47c0589526628828c9de5a4562717ef344,2276.7029999999995,2267.871,2295.1680000000006,75.131,67.46000000000001,75.76965,84.20492000000002,,136704,11
cuda,21,core,144,32,1,32,1,warm,G,18432,18432,0,0,16,32.0,42fe58ee2f371b452def1e13724b2f47c0589526628828c9de5a4562717ef344,2281.958,2273.4440000000004,2286.7830000000004,83.302,67.1435,75.71925,83.67871000000002,,138240,11
cuda,22,core,144,32,1,64,1,warm,A,18432,18432,0,0,16,64.0,42fe58ee2f371b452def1e13724b2f47c0589526628828c9de5a4562717ef344,4398.491000000002,4379.285999999999,4417.439,47.42,67.048,73.08309999999999,81.19400999999996,,153600,11
cuda,22,core,144,32,1,64,1,warm,B,18432,18432,0,0,16,64.0,42fe58ee2f371b452def1e13724b2f47c0589526628828c9de5a4562717ef344,4368.7480000000005,4359.572999999999,4399.047,22.169,67.325,74.15849999999999,80.23183999999996,,136704,11
cuda,22,core,144,32,1,64,1,warm,C,18432,18432,144,1152,16,64.0,42fe58ee2f371b452def1e13724b2f47c0589526628828c9de5a4562717ef344,5555.078000000001,5533.8550000000005,5573.225,76.127,84.4005,92.37794999999998,98.35037,,158208,11
cuda,22,core,144,32,1,64,1,warm,D,18432,18432,144,1152,16,64.0,42fe58ee2f371b452def1e13724b2f47c0589526628828c9de5a4562717ef344,4455.831999999999,4441.612999999999,4467.148999999999,75.267,67.262,74.58744999999999,82.59580999999997,,139776,11
cuda,22,core,144,32,1,64,1,warm,E,18432,18432,0,0,16,64.0,42fe58ee2f371b452def1e13724b2f47c0589526628828c9de5a4562717ef344,4425.31,4421.074000000001,4440.945,75.178,67.034,74.11525,81.52047999999996,,136704,11
cuda,22,core,144,32,1,64,1,warm,F,18432,18432,0,0,16,64.0,42fe58ee2f371b452def1e13724b2f47c0589526628828c9de5a4562717ef344,4431.161999999999,4420.744,4456.035000000003,75.458,67.191,74.35345,81.17563999999997,,136704,11
cuda,22,core,144,32,1,64,1,warm,G,18432,18432,0,0,16,64.0,42fe58ee2f371b452def1e13724b2f47c0589526628828c9de5a4562717ef344,4440.388,4431.592,4464.9209999999985,83.719,67.1215,73.8976,81.60946999999997,,138240,11
cuda,23,core,144,32,1,128,1,warm,A,18432,18432,0,0,16,128.0,42fe58ee2f371b452def1e13724b2f47c0589526628828c9de5a4562717ef344,8664.821999999998,8648.526,8697.975000000002,48.31,66.618,72.92379999999999,75.98746000000001,,153600,11
cuda,23,core,144,32,1,128,1,warm,B,18432,18432,0,0,16,128.0,42fe58ee2f371b452def1e13724b2f47c0589526628828c9de5a4562717ef344,8658.704,8637.37,8669.788000000002,21.875,66.8155,72.7329,76.93884000000001,,136704,11
cuda,23,core,144,32,1,128,1,warm,C,18432,18432,144,1152,16,128.0,42fe58ee2f371b452def1e13724b2f47c0589526628828c9de5a4562717ef344,10967.265999999998,10925.144,10997.335,76.017,83.899,91.93775,98.31621000000001,,158208,11
cuda,23,core,144,32,1,128,1,warm,D,18432,18432,144,1152,16,128.0,42fe58ee2f371b452def1e13724b2f47c0589526628828c9de5a4562717ef344,8735.818000000003,8705.573000000002,8768.707000000004,74.87,66.85849999999999,73.23649999999999,76.08303000000001,,139776,11
cuda,23,core,144,32,1,128,1,warm,E,18432,18432,0,0,16,128.0,42fe58ee2f371b452def1e13724b2f47c0589526628828c9de5a4562717ef344,8728.434000000001,8686.037999999999,8740.882,74.65,66.837,73.008,79.26796,,136704,11
cuda,23,core,144,32,1,128,1,warm,F,18432,18432,0,0,16,128.0,42fe58ee2f371b452def1e13724b2f47c0589526628828c9de5a4562717ef344,8708.759999999998,8704.736999999994,8745.105,75.303,66.7945,72.88889999999999,75.5159,,136704,11
cuda,23,core,144,32,1,128,1,warm,G,18432,18432,0,0,16,128.0,42fe58ee2f371b452def1e13724b2f47c0589526628828c9de5a4562717ef344,8714.110000000002,8703.681999999997,8736.996,83.377,66.714,72.58955,76.43879000000001,,138240,11
cuda,24,core,144,32,3,1,1,warm,A,18432,55296,0,0,48,3.0,42fe58ee2f371b452def1e13724b2f47c0589526628828c9de5a4562717ef344,312.474,308.342,320.075,89.954,71.309,81.893,82.8338,,302592,11
cuda,24,core,144,32,3,1,1,warm,B,18432,18432,0,0,16,3.0,42fe58ee2f371b452def1e13724b2f47c0589526628828c9de5a4562717ef344,234.434,232.22399999999996,243.733,21.645,69.246,74.9142,75.41803999999999,,211968,11
cuda,24,core,144,32,3,1,1,warm,C,18432,18432,144,3456,16,3.0,42fe58ee2f371b452def1e13724b2f47c0589526628828c9de5a4562717ef344,370.29200000000003,366.313,375.68000000000006,93.364,89.664,98.19330000000001,99.05386,,239616,11
cuda,24,core,144,32,3,1,1,warm,D,18432,18432,144,3456,16,3.0,42fe58ee2f371b452def1e13724b2f47c0589526628828c9de5a4562717ef344,317.287,315.91999999999996,324.351,94.855,71.43,82.5143,83.0361,,221184,11
cuda,24,core,144,32,3,1,1,warm,E,18432,18432,0,0,16,3.0,42fe58ee2f371b452def1e13724b2f47c0589526628828c9de5a4562717ef344,344.97999999999996,334.847,350.04200000000003,75.945,87.447,91.58070000000001,91.94814000000001,,230400,11
cuda,24,core,144,32,3,1,1,warm,F,18432,18432,0,0,16,3.0,42fe58ee2f371b452def1e13724b2f47c0589526628828c9de5a4562717ef344,298.54200000000003,295.697,301.126,76.203,70.489,81.3151,82.21342,,211968,11
cuda,24,core,144,32,3,1,1,warm,G,18432,55296,0,0,48,3.0,42fe58ee2f371b452def1e13724b2f47c0589526628828c9de5a4562717ef344,354.263,351.08,359.19500000000005,128.33,71.755,83.7019,84.74418,,287232,11
cuda,25,core,144,32,3,2,1,warm,A,18432,55296,0,0,48,6.0,42fe58ee2f371b452def1e13724b2f47c0589526628828c9de5a4562717ef344,513.72,511.74100000000004,517.018,90.142,67.85650000000001,80.472,83.05215,,302592,11
cuda,25,core,144,32,3,2,1,warm,B,18432,18432,0,0,16,6.0,42fe58ee2f371b452def1e13724b2f47c0589526628828c9de5a4562717ef344,434.94900000000007,433.015,446.144,21.637,67.8475,74.0775,75.25085,,211968,11
cuda,25,core,144,32,3,2,1,warm,C,18432,18432,144,3456,16,6.0,42fe58ee2f371b452def1e13724b2f47c0589526628828c9de5a4562717ef344,627.116,623.802,632.6270000000001,92.942,86.80449999999999,97.1315,98.00665000000001,,239616,11
cuda,25,core,144,32,3,2,1,warm,D,18432,18432,144,3456,16,6.0,42fe58ee2f371b452def1e13724b2f47c0589526628828c9de5a4562717ef344,522.525,516.6030000000001,527.703,94.311,68.82050000000001,80.953,82.4098,,221184,11
cuda,25,core,144,32,3,2,1,warm,E,18432,18432,0,0,16,6.0,42fe58ee2f371b452def1e13724b2f47c0589526628828c9de5a4562717ef344,580.913,577.151,588.348,76.328,85.017,89.8,90.8272,,230400,11
cuda,25,core,144,32,3,2,1,warm,F,18432,18432,0,0,16,6.0,42fe58ee2f371b452def1e13724b2f47c0589526628828c9de5a4562717ef344,504.1300000000001,496.986,510.33700000000005,76.651,67.89,80.83175,83.37445000000001,,211968,11
cuda,25,core,144,32,3,2,1,warm,G,18432,55296,0,0,48,6.0,42fe58ee2f371b452def1e13724b2f47c0589526628828c9de5a4562717ef344,564.644,551.976,568.591,127.363,68.75999999999999,82.8065,84.54655,,287232,11
cuda,26,core,144,32,3,4,1,warm,A,18432,55296,0,0,48,12.0,42fe58ee2f371b452def1e13724b2f47c0589526628828c9de5a4562717ef344,922.5049999999999,921.2379999999999,925.5899999999999,89.066,67.5155,78.28629999999998,82.07302,,302592,11
cuda,26,core,144,32,3,4,1,warm,B,18432,18432,0,0,16,12.0,42fe58ee2f371b452def1e13724b2f47c0589526628828c9de5a4562717ef344,850.1299999999999,845.7280000000001,857.464,22.066,67.506,76.5197,77.6472,,211968,11
cuda,26,core,144,32,3,4,1,warm,C,18432,18432,144,3456,16,12.0,42fe58ee2f371b452def1e13724b2f47c0589526628828c9de5a4562717ef344,1138.1960000000001,1135.133,1143.317,93.01,84.60499999999999,97.5241,98.54707,,239616,11
cuda,26,core,144,32,3,4,1,warm,D,18432,18432,144,3456,16,12.0,42fe58ee2f371b452def1e13724b2f47c0589526628828c9de5a4562717ef344,932.3000000000001,926.5170000000002,937.4749999999999,94.711,67.52250000000001,78.92339999999999,83.48593,,221184,11
cuda,26,core,144,32,3,4,1,warm,E,18432,18432,0,0,16,12.0,42fe58ee2f371b452def1e13724b2f47c0589526628828c9de5a4562717ef344,1062.7559999999999,1057.9779999999998,1072.5110000000002,76.765,84.1285,91.69735,92.02575,,230400,11
cuda,26,core,144,32,3,4,1,warm,F,18432,18432,0,0,16,12.0,42fe58ee2f371b452def1e13724b2f47c0589526628828c9de5a4562717ef344,918.8510000000001,914.8550000000001,920.9970000000001,76.924,67.775,79.5153,83.55396,,211968,11
cuda,26,core,144,32,3,4,1,warm,G,18432,55296,0,0,48,12.0,42fe58ee2f371b452def1e13724b2f47c0589526628828c9de5a4562717ef344,965.557,960.22,967.0049999999999,127.706,67.4205,79.69784999999999,83.2016,,287232,11
cuda,27,core,144,32,3,8,1,warm,A,18432,55296,0,0,48,24.0,42fe58ee2f371b452def1e13724b2f47c0589526628828c9de5a4562717ef344,1727.6070000000002,1715.6170000000002,1731.452,90.605,66.527,75.34334999999999,85.0494,5.637215771649734,339456,11
cuda,27,core,144,32,3,8,1,warm,B,18432,18432,0,0,16,24.0,42fe58ee2f371b452def1e13724b2f47c0589526628828c9de5a4562717ef344,1651.894,1645.8159999999998,1660.2690000000002,21.986,66.83,75.20035,77.11735,5.348251028806584,248832,11
cuda,27,core,144,32,3,8,1,warm,C,18432,18432,144,3456,16,24.0,42fe58ee2f371b452def1e13724b2f47c0589526628828c9de5a4562717ef344,2138.3379999999997,2134.71,2154.789,94.747,83.4305,94.97035,97.98049,7.143742532855436,276480,11
cuda,27,core,144,32,3,8,1,warm,D,18432,18432,144,3456,16,24.0,42fe58ee2f371b452def1e13724b2f47c0589526628828c9de5a4562717ef344,1745.154,1734.9699999999998,1751.6109999999994,94.909,66.91,76.30104999999999,84.06743,5.7316301703163015,258048,11
cuda,27,core,144,32,3,8,1,warm,E,18432,18432,0,0,16,24.0,42fe58ee2f371b452def1e13724b2f47c0589526628828c9de5a4562717ef344,2010.5320000000002,2002.1299999999999,2021.7150000000004,76.348,83.55600000000001,89.93905000000001,93.79732,6.603154662199889,230400,11
cuda,27,core,144,32,3,8,1,warm,F,18432,18432,0,0,16,24.0,42fe58ee2f371b452def1e13724b2f47c0589526628828c9de5a4562717ef344,1721.15,1714.249,1730.4030000000002,75.955,67.17699999999999,76.31015,82.94989,5.82875939849624,211968,11
cuda,27,core,144,32,3,8,1,warm,G,18432,55296,0,0,48,24.0,42fe58ee2f371b452def1e13724b2f47c0589526628828c9de5a4562717ef344,1769.722,1765.986,1779.7789999999998,128.366,67.0775,75.47415,84.44982,5.83345715700842,324096,11
cuda,28,core,144,32,3,16,1,warm,A,18432,55296,0,0,48,48.0,42fe58ee2f371b452def1e13724b2f47c0589526628828c9de5a4562717ef344,3322.3550000000005,3312.6040000000003,3334.7529999999983,88.865,66.4665,73.61364999999999,78.97968000000002,,270336,11
cuda,28,core,144,32,3,16,1,warm,B,18432,18432,0,0,16,48.0,42fe58ee2f371b452def1e13724b2f47c0589526628828c9de5a4562717ef344,3254.1530000000007,3246.9520000000007,3255.988999999998,21.653,66.52250000000001,73.9147,76.62772,,211968,11
cuda,28,core,144,32,3,16,1,warm,C,18432,18432,144,3456,16,48.0,42fe58ee2f371b452def1e13724b2f47c0589526628828c9de5a4562717ef344,4153.913,4137.196,4159.179,93.52,83.333,91.34745,95.88414,,239616,11
cuda,28,core,144,32,3,16,1,warm,D,18432,18432,144,3456,16,48.0,42fe58ee2f371b452def1e13724b2f47c0589526628828c9de5a4562717ef344,3336.2339999999995,3327.33,3344.9610000000002,93.486,66.608,73.67125,80.05004000000001,,221184,11
cuda,28,core,144,32,3,16,1,warm,E,18432,18432,0,0,16,48.0,42fe58ee2f371b452def1e13724b2f47c0589526628828c9de5a4562717ef344,3905.6790000000005,3889.454999999999,3931.6610000000005,76.029,83.20400000000001,90.7333,93.03125,,230400,11
cuda,28,core,144,32,3,16,1,warm,F,18432,18432,0,0,16,48.0,42fe58ee2f371b452def1e13724b2f47c0589526628828c9de5a4562717ef344,3317.3629999999994,3310.7879999999996,3331.3380000000006,75.982,66.5455,74.0127,80.91207,,211968,11
cuda,28,core,144,32,3,16,1,warm,G,18432,55296,0,0,48,48.0,42fe58ee2f371b452def1e13724b2f47c0589526628828c9de5a4562717ef344,3365.6479999999992,3349.325,3385.8679999999995,128.621,66.4,73.51689999999999,81.79463000000001,,287232,11
cuda,29,core,144,32,3,32,1,warm,A,18432,55296,0,0,48,96.0,42fe58ee2f371b452def1e13724b2f47c0589526628828c9de5a4562717ef344,6523.113000000001,6506.869000000004,6547.653999999998,89.232,66.1345,73.21,77.11904999999999,,302592,11
cuda,29,core,144,32,3,32,1,warm,B,18432,18432,0,0,16,96.0,42fe58ee2f371b452def1e13724b2f47c0589526628828c9de5a4562717ef344,6451.282999999998,6422.462999999999,6471.478,21.593,66.26050000000001,72.65425,75.2126,,211968,11
cuda,29,core,144,32,3,32,1,warm,C,18432,18432,144,3456,16,96.0,42fe58ee2f371b452def1e13724b2f47c0589526628828c9de5a4562717ef344,8184.154000000001,8154.614999999999,8195.068000000003,92.163,83.279,90.9695,94.9429,,239616,11
cuda,29,core,144,32,3,32,1,warm,D,18432,18432,144,3456,16,96.0,42fe58ee2f371b452def1e13724b2f47c0589526628828c9de5a4562717ef344,6529.781999999997,6522.171000000001,6536.252999999999,95.051,66.2115,72.74549999999999,76.56434999999999,,221184,11
cuda,29,core,144,32,3,32,1,warm,E,18432,18432,0,0,16,96.0,42fe58ee2f371b452def1e13724b2f47c0589526628828c9de5a4562717ef344,7677.11,7642.036999999998,7693.241000000001,76.241,82.81899999999999,89.977,93.16595000000001,,230400,11
cuda,29,core,144,32,3,32,1,warm,F,18432,18432,0,0,16,96.0,42fe58ee2f371b452def1e13724b2f47c0589526628828c9de5a4562717ef344,6514.599,6496.170000000002,6525.987000000001,76.133,66.29750000000001,72.62375,75.75954999999998,,211968,11
cuda,29,core,144,32,3,32,1,warm,G,18432,55296,0,0,48,96.0,42fe58ee2f371b452def1e13724b2f47c0589526628828c9de5a4562717ef344,6564.137,6545.911,6611.075000000002,127.522,66.2365,73.0655,77.69264999999999,,287232,11
cuda,30,core,144,32,3,64,1,warm,A,18432,55296,0,0,48,192.0,42fe58ee2f371b452def1e13724b2f47c0589526628828c9de5a4562717ef344,13034.368999999999,12988.899999999996,13086.138,90.34,66.66,73.05125,76.49694000000002,,302592,11
cuda,30,core,144,32,3,64,1,warm,B,18432,18432,0,0,16,192.0,42fe58ee2f371b452def1e13724b2f47c0589526628828c9de5a4562717ef344,12965.775999999996,12932.190000000004,13010.182000000004,21.994,66.782,73.0623,75.79697,,211968,11
cuda,30,core,144,32,3,64,1,warm,C,18432,18432,144,3456,16,192.0,42fe58ee2f371b452def1e13724b2f47c0589526628828c9de5a4562717ef344,16294.581000000002,16243.948000000002,16332.468999999994,92.932,83.384,91.61824999999999,95.19628,,239616,11
cuda,30,core,144,32,3,64,1,warm,D,18432,18432,144,3456,16,192.0,42fe58ee2f371b452def1e13724b2f47c0589526628828c9de5a4562717ef344,13010.871000000003,12985.205999999987,13045.134999999998,94.386,66.603,73.00365000000001,77.13712,,221184,11
cuda,30,core,144,32,3,64,1,warm,E,18432,18432,0,0,16,192.0,42fe58ee2f371b452def1e13724b2f47c0589526628828c9de5a4562717ef344,15361.000000000004,15334.619999999997,15394.451999999992,76.497,83.381,90.11685,93.47267,,230400,11
cuda,30,core,144,32,3,64,1,warm,F,18432,18432,0,0,16,192.0,42fe58ee2f371b452def1e13724b2f47c0589526628828c9de5a4562717ef344,13058.921,13035.970999999998,13089.297999999993,76.947,66.923,73.4383,77.58723000000002,,211968,11
cuda,30,core,144,32,3,64,1,warm,G,18432,55296,0,0,48,192.0,42fe58ee2f371b452def1e13724b2f47c0589526628828c9de5a4562717ef344,13072.155,13059.75499999999,13122.242,128.499,66.7175,73.1191,76.82658000000002,,287232,11
cuda,31,core,144,32,3,128,1,warm,A,18432,55296,0,0,48,384.0,42fe58ee2f371b452def1e13724b2f47c0589526628828c9de5a4562717ef344,25895.31100000001,25851.772999999986,25971.950000000008,90.265,66.62049999999999,73.0179,74.95397,,302592,11
cuda,31,core,144,32,3,128,1,warm,B,18432,18432,0,0,16,384.0,42fe58ee2f371b452def1e13724b2f47c0589526628828c9de5a4562717ef344,25859.05800000001,25814.206000000013,25951.86000000002,22.12,66.74000000000001,72.7999,75.22165000000001,,211968,11
cuda,31,core,144,32,3,128,1,warm,C,18432,18432,144,3456,16,384.0,42fe58ee2f371b452def1e13724b2f47c0589526628828c9de5a4562717ef344,32424.438999999984,32294.93400000001,32551.357999999997,95.218,83.32,90.76795,93.62946000000001,,207360,11
cuda,31,core,144,32,3,128,1,warm,D,18432,18432,144,3456,16,384.0,42fe58ee2f371b452def1e13724b2f47c0589526628828c9de5a4562717ef344,25937.93200000001,25786.85299999999,25994.240000000016,94.122,66.736,73.004,75.28935,,221184,11
cuda,31,core,144,32,3,128,1,warm,E,18432,18432,0,0,16,384.0,42fe58ee2f371b452def1e13724b2f47c0589526628828c9de5a4562717ef344,30460.17800000001,30338.02599999999,30641.23499999999,77.542,82.995,89.6696,92.93499000000001,,230400,11
cuda,31,core,144,32,3,128,1,warm,F,18432,18432,0,0,16,384.0,42fe58ee2f371b452def1e13724b2f47c0589526628828c9de5a4562717ef344,25928.939000000002,25872.504999999994,25999.245000000003,76.574,66.7515,73.0169,75.25555,,211968,11
cuda,31,core,144,32,3,128,1,warm,G,18432,55296,0,0,48,384.0,42fe58ee2f371b452def1e13724b2f47c0589526628828c9de5a4562717ef344,26014.38300000001,25974.278000000017,26093.79899999999,129.118,66.8135,72.8652,75.30286000000001,,287232,11
cuda,32,core,576,32,1,1,1,warm,A,73728,73728,0,0,16,1.0,42fe58ee2f371b452def1e13724b2f47c0589526628828c9de5a4562717ef344,339.22,284.68600000000004,375.034,119.401,221.378,221.378,221.378,,552960,11
cuda,32,core,576,32,1,1,1,warm,B,73728,73728,0,0,16,1.0,42fe58ee2f371b452def1e13724b2f47c0589526628828c9de5a4562717ef344,278.269,219.214,318.05400000000003,54.741,221.8,221.8,221.8,,480256,11
cuda,32,core,576,32,1,1,1,warm,C,73728,73728,1152,4608,16,1.0,42fe58ee2f371b452def1e13724b2f47c0589526628828c9de5a4562717ef344,474.568,377.663,507.78999999999996,190.131,269.09,269.09,269.09,,563200,11
cuda,32,core,576,32,1,1,1,warm,D,73728,73728,1152,4608,16,1.0,42fe58ee2f371b452def1e13724b2f47c0589526628828c9de5a4562717ef344,431.642,345.687,519.421,205.768,225.874,225.874,225.874,,493056,11
cuda,32,core,576,32,1,1,1,warm,E,73728,73728,0,0,16,1.0,42fe58ee2f371b452def1e13724b2f47c0589526628828c9de5a4562717ef344,419.36199999999997,341.28200000000004,470.95899999999995,189.387,225.631,225.631,225.631,,483840,11
cuda,32,core,576,32,1,1,1,warm,F,73728,73728,0,0,16,1.0,42fe58ee2f371b452def1e13724b2f47c0589526628828c9de5a4562717ef344,410.229,330.93,540.143,181.848,224.974,224.974,224.974,,483840,11
cuda,32,core,576,32,1,1,1,warm,G,73728,73728,0,0,16,1.0,42fe58ee2f371b452def1e13724b2f47c0589526628828c9de5a4562717ef344,438.326,352.584,502.086,213.526,224.8,224.8,224.8,,488448,11
cuda,33,core,576,32,1,2,1,warm,A,73728,73728,0,0,16,2.0,42fe58ee2f371b452def1e13724b2f47c0589526628828c9de5a4562717ef344,322.173,292.314,351.08500000000004,72.013,125.07999999999998,131.2036,131.74792,,552960,11
cuda,33,core,576,32,1,2,1,warm,B,73728,73728,0,0,16,2.0,42fe58ee2f371b452def1e13724b2f47c0589526628828c9de5a4562717ef344,282.429,274.309,301.56,33.608,123.801,131.88490000000002,132.33058,,480768,11
cuda,33,core,576,32,1,2,1,warm,C,73728,73728,1152,4608,16,2.0,42fe58ee2f371b452def1e13724b2f47c0589526628828c9de5a4562717ef344,436.84599999999995,388.01899999999995,447.07500000000005,117.576,158.125,165.1846,165.81212,,563712,11
cuda,33,core,576,32,1,2,1,warm,D,73728,73728,1152,4608,16,2.0,42fe58ee2f371b452def1e13724b2f47c0589526628828c9de5a4562717ef344,370.495,355.462,392.029,117.272,128.2815,135.1753,135.90626,,493056,11
cuda,33,core,576,32,1,2,1,warm,E,73728,73728,0,0,16,2.0,42fe58ee2f371b452def1e13724b2f47c0589526628828c9de5a4562717ef344,365.267,351.526,393.377,113.842,126.63550000000001,134.15905,134.82781,,483840,11
cuda,33,core,576,32,1,2,1,warm,F,73728,73728,0,0,16,2.0,42fe58ee2f371b452def1e13724b2f47c0589526628828c9de5a4562717ef344,362.172,349.981,397.42199999999997,111.039,125.8785,133.4445,134.3161,,479232,11
cuda,33,core,576,32,1,2,1,warm,G,73728,73728,0,0,16,2.0,42fe58ee2f371b452def1e13724b2f47c0589526628828c9de5a4562717ef344,377.846,363.304,412.415,130.703,125.9445,132.96675000000002,133.59095000000002,,488448,11
cuda,34,core,576,32,1,4,1,warm,A,73728,73728,0,0,16,4.0,42fe58ee2f371b452def1e13724b2f47c0589526628828c9de5a4562717ef344,407.24899999999997,402.31,441.055,55.811,84.928,98.38154999999999,100.24190999999999,,552960,11
cuda,34,core,576,32,1,4,1,warm,B,73728,73728,0,0,16,4.0,42fe58ee2f371b452def1e13724b2f47c0589526628828c9de5a4562717ef344,389.7130000000001,371.497,406.21299999999997,26.111,88.6285,97.81755,98.86179,,480768,11
cuda,34,core,576,32,1,4,1,warm,C,73728,73728,1152,4608,16,4.0,42fe58ee2f371b452def1e13724b2f47c0589526628828c9de5a4562717ef344,548.6959999999999,521.304,561.6719999999999,92.644,107.47749999999999,125.04684999999999,125.35656999999999,,559104,11
cuda,34,core,576,32,1,4,1,warm,D,73728,73728,1152,4608,16,4.0,42fe58ee2f371b452def1e13724b2f47c0589526628828c9de5a4562717ef344,464.69100000000003,446.7610000000001,478.94200000000006,94.848,89.8925,105.69239999999999,108.27528,,488448,11
cuda,34,core,576,32,1,4,1,warm,E,73728,73728,0,0,16,4.0,42fe58ee2f371b452def1e13724b2f47c0589526628828c9de5a4562717ef344,451.10900000000004,437.49899999999997,476.179,91.066,89.1045,105.53334999999998,107.84594,,483840,11
cuda,34,core,576,32,1,4,1,warm,F,73728,73728,0,0,16,4.0,42fe58ee2f371b452def1e13724b2f47c0589526628828c9de5a4562717ef344,449.78299999999996,443.29200000000003,487.717,90.156,88.239,106.45795,108.60475999999998,,483840,11
cuda,34,core,576,32,1,4,1,warm,G,73728,73728,0,0,16,4.0,42fe58ee2f371b452def1e13724b2f47c0589526628828c9de5a4562717ef344,469.521,457.183,486.08299999999997,99.8,89.351,106.1258,107.84516,,488448,11
cuda,35,core,576,32,1,8,1,warm,A,73728,73728,0,0,16,8.0,42fe58ee2f371b452def1e13724b2f47c0589526628828c9de5a4562717ef344,620.773,610.044,630.727,47.905,68.8495,81.51685,84.77001,6.080632716049383,612864,11
cuda,35,core,576,32,1,8,1,warm,B,73728,73728,0,0,16,8.0,42fe58ee2f371b452def1e13724b2f47c0589526628828c9de5a4562717ef344,589.5020000000001,586.981,603.401,21.371,68.44149999999999,79.25534999999999,82.08307,5.792457420924574,540672,11
cuda,35,core,576,32,1,8,1,warm,C,73728,73728,1152,4608,16,8.0,42fe58ee2f371b452def1e13724b2f47c0589526628828c9de5a4562717ef344,796.5750000000002,792.3809999999999,809.9540000000001,77.294,86.2715,103.27544999999999,104.93109,7.972554890219561,623616,11
cuda,35,core,576,32,1,8,1,warm,D,73728,73728,1152,4608,16,8.0,42fe58ee2f371b452def1e13724b2f47c0589526628828c9de5a4562717ef344,652.9920000000001,646.4639999999999,659.988,76.734,68.5155,82.6206,86.52368,6.458791208791209,552960,11
cuda,35,core,576,32,1,8,1,warm,E,73728,73728,0,0,16,8.0,42fe58ee2f371b452def1e13724b2f47c0589526628828c9de5a4562717ef344,649.161,645.6099999999999,668.274,75.569,68.217,83.32005,86.98161,6.461906062261059,543744,11
cuda,35,core,576,32,1,8,1,warm,F,73728,73728,0,0,16,8.0,42fe58ee2f371b452def1e13724b2f47c0589526628828c9de5a4562717ef344,655.3140000000001,641.5459999999999,666.889,75.948,68.26650000000001,82.72335,86.75683,6.441939890710382,543744,11
cuda,35,core,576,32,1,8,1,warm,G,73728,73728,0,0,16,8.0,42fe58ee2f371b452def1e13724b2f47c0589526628828c9de5a4562717ef344,657.85,654.6969999999999,664.204,84.104,68.1585,83.28509999999999,86.22432,6.589086081609838,548352,11
cuda,36,core,576,32,1,16,1,warm,A,73728,73728,0,0,16,16.0,42fe58ee2f371b452def1e13724b2f47c0589526628828c9de5a4562717ef344,1159.8539999999998,1148.6689999999999,1165.9140000000002,47.049,67.609,77.93225,81.6846,,612864,11
cuda,36,core,576,32,1,16,1,warm,B,73728,73728,0,0,16,16.0,42fe58ee2f371b452def1e13724b2f47c0589526628828c9de5a4562717ef344,1123.5080000000003,1121.899,1132.6680000000001,21.145,67.527,76.9925,79.3532,,540672,11
cuda,36,core,576,32,1,16,1,warm,C,73728,73728,1152,4608,16,16.0,42fe58ee2f371b452def1e13724b2f47c0589526628828c9de5a4562717ef344,1479.1970000000001,1471.883,1490.546,77.915,85.3895,97.48325,102.35624999999999,,623616,11
cuda,36,core,576,32,1,16,1,warm,D,73728,73728,1152,4608,16,16.0,42fe58ee2f371b452def1e13724b2f47c0589526628828c9de5a4562717ef344,1197.3040000000003,1193.1660000000002,1206.6850000000002,77.144,67.894,78.7535,86.68795,,552960,11
cuda,36,core,576,32,1,16,1,warm,E,73728,73728,0,0,16,16.0,42fe58ee2f371b452def1e13724b2f47c0589526628828c9de5a4562717ef344,1191.789,1185.329,1194.4319999999998,74.985,67.642,78.4985,85.16755,,543744,11
cuda,36,core,576,32,1,16,1,warm,F,73728,73728,0,0,16,16.0,42fe58ee2f371b452def1e13724b2f47c0589526628828c9de5a4562717ef344,1194.183,1186.519,1203.0800000000002,75.801,67.6525,79.40299999999999,86.015,,543744,11
cuda,36,core,576,32,1,16,1,warm,G,73728,73728,0,0,16,16.0,42fe58ee2f371b452def1e13724b2f47c0589526628828c9de5a4562717ef344,1201.4979999999998,1195.91,1204.4579999999999,83.732,67.679,79.61725,85.34035,,548352,11
cuda,37,core,576,32,1,32,1,warm,A,73728,73728,0,0,16,32.0,42fe58ee2f371b452def1e13724b2f47c0589526628828c9de5a4562717ef344,2228.18,2219.969,2233.4429999999993,47.878,66.91499999999999,74.0962,81.10939000000002,,612864,11
cuda,37,core,576,32,1,32,1,warm,B,73728,73728,0,0,16,32.0,42fe58ee2f371b452def1e13724b2f47c0589526628828c9de5a4562717ef344,2207.336,2198.5959999999995,2209.7749999999996,21.192,67.2235,74.20485,79.40655,,540672,11
cuda,37,core,576,32,1,32,1,warm,C,73728,73728,1152,4608,16,32.0,42fe58ee2f371b452def1e13724b2f47c0589526628828c9de5a4562717ef344,2849.792,2817.697999999999,2853.0510000000004,77.37,84.8075,93.83725,101.23871000000001,,623616,11
cuda,37,core,576,32,1,32,1,warm,D,73728,73728,1152,4608,16,32.0,42fe58ee2f371b452def1e13724b2f47c0589526628828c9de5a4562717ef344,2280.285,2270.0050000000006,2283.0690000000004,76.996,67.281,74.75815,85.01314000000002,,552960,11
cuda,37,core,576,32,1,32,1,warm,E,73728,73728,0,0,16,32.0,42fe58ee2f371b452def1e13724b2f47c0589526628828c9de5a4562717ef344,2268.1759999999995,2260.546,2275.222000000001,74.694,67.297,74.98785,84.2663,,543744,11
cuda,37,core,576,32,1,32,1,warm,F,73728,73728,0,0,16,32.0,42fe58ee2f371b452def1e13724b2f47c0589526628828c9de5a4562717ef344,2268.4700000000003,2254.082,2280.2630000000004,75.656,67.146,73.18,84.15935000000002,,543744,11
cuda,37,core,576,32,1,32,1,warm,G,73728,73728,0,0,16,32.0,42fe58ee2f371b452def1e13724b2f47c0589526628828c9de5a4562717ef344,2280.822,2269.134,2287.93,83.409,67.189,74.07545,84.41454000000002,,548352,11
cuda,38,core,576,32,1,64,1,warm,A,73728,73728,0,0,16,64.0,42fe58ee2f371b452def1e13724b2f47c0589526628828c9de5a4562717ef344,4390.487999999999,4378.9800000000005,4404.768999999999,47.761,66.9165,73.6598,79.04771999999998,,612864,11
cuda,38,core,576,32,1,64,1,warm,B,73728,73728,0,0,16,64.0,42fe58ee2f371b452def1e13724b2f47c0589526628828c9de5a4562717ef344,4368.357999999999,4354.664000000001,4381.490000000001,21.81,67.075,73.818,79.11728,,540672,11
cuda,38,core,576,32,1,64,1,warm,C,73728,73728,1152,4608,16,64.0,42fe58ee2f371b452def1e13724b2f47c0589526628828c9de5a4562717ef344,5563.971999999999,5539.596999999998,5578.834000000001,77.041,84.375,93.01875,98.66055999999999,,619008,11
cuda,38,core,576,32,1,64,1,warm,D,73728,73728,1152,4608,16,64.0,42fe58ee2f371b452def1e13724b2f47c0589526628828c9de5a4562717ef344,4440.119,4423.785000000001,4463.404000000001,76.117,67.162,73.4407,82.45468999999996,,552960,11
cuda,38,core,576,32,1,64,1,warm,E,73728,73728,0,0,16,64.0,42fe58ee2f371b452def1e13724b2f47c0589526628828c9de5a4562717ef344,4461.7699999999995,4434.566000000002,4464.773,76.01,67.33250000000001,73.62865,83.83679999999995,,543744,11
cuda,38,core,576,32,1,64,1,warm,F,73728,73728,0,0,16,64.0,42fe58ee2f371b452def1e13724b2f47c0589526628828c9de5a4562717ef344,4440.217,4407.244000000001,4457.821,76.294,67.1165,74.55749999999999,81.02460999999998,,543744,11
cuda,38,core,576,32,1,64,1,warm,G,73728,73728,0,0,16,64.0,42fe58ee2f371b452def1e13724b2f47c0589526628828c9de5a4562717ef344,4451.775000000001,4432.707999999999,4464.474,84.421,67.146,74.13794999999999,81.98928999999997,,548352,11
cuda,39,core,576,32,1,128,1,warm,A,73728,73728,0,0,16,128.0,42fe58ee2f371b452def1e13724b2f47c0589526628828c9de5a4562717ef344,8718.537000000002,8670.297,8743.130000000005,47.95,66.90700000000001,73.77855,78.03443000000001,,612864,11
cuda,39,core,576,32,1,128,1,warm,B,73728,73728,0,0,16,128.0,42fe58ee2f371b452def1e13724b2f47c0589526628828c9de5a4562717ef344,8702.805000000002,8666.399000000005,8719.588999999996,21.953,67.0305,74.01985,77.49624000000001,,540672,11
cuda,39,core,576,32,1,128,1,warm,C,73728,73728,1152,4608,16,128.0,42fe58ee2f371b452def1e13724b2f47c0589526628828c9de5a4562717ef344,10995.751999999999,10984.55,11023.704000000003,77.365,84.125,92.8,97.70646,,623616,11
cuda,39,core,576,32,1,128,1,warm,D,73728,73728,1152,4608,16,128.0,42fe58ee2f371b452def1e13724b2f47c0589526628828c9de5a4562717ef344,8771.725000000002,8742.097999999998,8798.667000000003,77.385,67.128,73.70165,79.64771000000002,,552960,11
cuda,39,core,576,32,1,128,1,warm,E,73728,73728,0,0,16,128.0,42fe58ee2f371b452def1e13724b2f47c0589526628828c9de5a4562717ef344,8766.46,8730.687999999996,8797.461,75.398,67.05250000000001,74.37485,79.33836000000002,,543744,11
cuda,39,core,576,32,1,128,1,warm,F,73728,73728,0,0,16,128.0,42fe58ee2f371b452def1e13724b2f47c0589526628828c9de5a4562717ef344,8762.707,8745.643000000002,8804.476999999999,76.259,67.0135,74.1809,78.29437000000001,,543744,11
cuda,39,core,576,32,1,128,1,warm,G,73728,73728,0,0,16,128.0,42fe58ee2f371b452def1e13724b2f47c0589526628828c9de5a4562717ef344,8764.19,8719.700000000003,8808.127999999997,83.967,67.006,74.7014,81.20324000000002,,548352,11
cuda,40,core,576,32,3,1,1,warm,A,73728,221184,0,0,48,3.0,42fe58ee2f371b452def1e13724b2f47c0589526628828c9de5a4562717ef344,315.976,311.063,324.044,89.483,71.894,81.8782,82.61818,,1073664,11
cuda,40,core,576,32,3,1,1,warm,B,73728,73728,0,0,16,3.0,42fe58ee2f371b452def1e13724b2f47c0589526628828c9de5a4562717ef344,236.165,233.962,243.486,21.643,70.081,75.4895,75.8867,,840192,11
cuda,40,core,576,32,3,1,1,warm,C,73728,73728,1152,13824,16,3.0,42fe58ee2f371b452def1e13724b2f47c0589526628828c9de5a4562717ef344,374.998,369.898,383.02000000000004,94.197,90.803,99.7204,100.53367999999999,,941568,11
cuda,40,core,576,32,3,1,1,warm,D,73728,73728,1152,13824,16,3.0,42fe58ee2f371b452def1e13724b2f47c0589526628828c9de5a4562717ef344,324.165,322.29200000000003,326.081,96.196,71.885,84.2262,85.2975,,870912,11
cuda,40,core,576,32,3,1,1,warm,E,73728,73728,0,0,16,3.0,42fe58ee2f371b452def1e13724b2f47c0589526628828c9de5a4562717ef344,344.352,340.098,349.944,78.108,87.223,90.7849,91.12978,,780288,11
cuda,40,core,576,32,3,1,1,warm,F,73728,73728,0,0,16,3.0,42fe58ee2f371b452def1e13724b2f47c0589526628828c9de5a4562717ef344,305.719,300.197,312.143,77.426,71.676,83.35549999999999,84.3639,,843264,11
cuda,40,core,576,32,3,1,1,warm,G,73728,221184,0,0,48,3.0,42fe58ee2f371b452def1e13724b2f47c0589526628828c9de5a4562717ef344,359.88700000000006,354.686,367.739,130.107,72.225,84.9357,86.09353999999999,,1142784,11
cuda,41,core,576,32,3,2,1,warm,A,73728,221184,0,0,48,6.0,42fe58ee2f371b452def1e13724b2f47c0589526628828c9de5a4562717ef344,523.85,515.5519999999999,526.569,89.433,70.05199999999999,80.3925,82.46075,,1207296,11
cuda,41,core,576,32,3,2,1,warm,B,73728,73728,0,0,16,6.0,42fe58ee2f371b452def1e13724b2f47c0589526628828c9de5a4562717ef344,448.399,443.063,453.614,21.871,68.78,77.882,78.40520000000001,,840192,11
cuda,41,core,576,32,3,2,1,warm,C,73728,73728,1152,13824,16,6.0,42fe58ee2f371b452def1e13724b2f47c0589526628828c9de5a4562717ef344,633.911,624.673,636.331,93.736,86.06800000000001,98.24825,99.8373,,941568,11
cuda,41,core,576,32,3,2,1,warm,D,73728,73728,1152,13824,16,6.0,42fe58ee2f371b452def1e13724b2f47c0589526628828c9de5a4562717ef344,532.815,524.405,536.244,97.1,68.3005,82.71424999999999,85.63085,,870912,11
cuda,41,core,576,32,3,2,1,warm,E,73728,73728,0,0,16,6.0,42fe58ee2f371b452def1e13724b2f47c0589526628828c9de5a4562717ef344,591.866,589.532,595.575,77.347,86.326,94.25625,95.11525,,913920,11
cuda,41,core,576,32,3,2,1,warm,F,73728,73728,0,0,16,6.0,42fe58ee2f371b452def1e13724b2f47c0589526628828c9de5a4562717ef344,509.413,507.121,517.12,77.407,69.0565,81.9375,84.274,,843264,11
cuda,41,core,576,32,3,2,1,warm,G,73728,221184,0,0,48,6.0,42fe58ee2f371b452def1e13724b2f47c0589526628828c9de5a4562717ef344,563.06,558.47,574.067,130.84,68.3425,83.51875,86.77095,,1142784,11
cuda,42,core,576,32,3,4,1,warm,A,73728,221184,0,0,48,12.0,42fe58ee2f371b452def1e13724b2f47c0589526628828c9de5a4562717ef344,927.9379999999999,922.0069999999998,937.7799999999999,90.469,67.667,79.4082,82.40156,,1207296,11
cuda,42,core,576,32,3,4,1,warm,B,73728,73728,0,0,16,12.0,42fe58ee2f371b452def1e13724b2f47c0589526628828c9de5a4562717ef344,847.868,845.172,856.518,21.995,67.4795,75.12950000000001,77.1485,,840192,11
cuda,42,core,576,32,3,4,1,warm,C,73728,73728,1152,13824,16,12.0,42fe58ee2f371b452def1e13724b2f47c0589526628828c9de5a4562717ef344,1148.6129999999998,1136.2850000000003,1152.149,94.728,85.23599999999999,96.94515,99.40182,,941568,11
cuda,42,core,576,32,3,4,1,warm,D,73728,73728,1152,13824,16,12.0,42fe58ee2f371b452def1e13724b2f47c0589526628828c9de5a4562717ef344,935.4920000000001,931.499,940.737,95.853,67.70949999999999,79.77614999999999,82.95681,,870912,11
cuda,42,core,576,32,3,4,1,warm,E,73728,73728,0,0,16,12.0,42fe58ee2f371b452def1e13724b2f47c0589526628828c9de5a4562717ef344,1075.433,1065.385,1079.429,77.76,84.9365,93.3993,95.93281,,913920,11
cuda,42,core,576,32,3,4,1,warm,F,73728,73728,0,0,16,12.0,42fe58ee2f371b452def1e13724b2f47c0589526628828c9de5a4562717ef344,920.4120000000001,917.6110000000001,921.5380000000001,77.943,67.925,80.19149999999999,83.48996,,843264,11
cuda,42,core,576,32,3,4,1,warm,G,73728,221184,0,0,48,12.0,42fe58ee2f371b452def1e13724b2f47c0589526628828c9de5a4562717ef344,975.0859999999999,971.0690000000002,979.1960000000001,129.863,67.77950000000001,81.94924999999999,85.72393,,1142784,11
cuda,43,core,576,32,3,8,1,warm,A,73728,221184,0,0,48,24.0,42fe58ee2f371b452def1e13724b2f47c0589526628828c9de5a4562717ef344,1747.795,1742.6739999999998,1765.1580000000001,92.275,67.3265,76.04505,87.55839,5.709599614085866,1350144,11
cuda,43,core,576,32,3,8,1,warm,B,73728,73728,0,0,16,24.0,42fe58ee2f371b452def1e13724b2f47c0589526628828c9de5a4562717ef344,1676.7519999999997,1663.1739999999995,1682.883,22.068,67.3605,76.09224999999999,77.80838,5.408333333333333,983040,11
cuda,43,core,576,32,3,8,1,warm,C,73728,73728,1152,13824,16,24.0,42fe58ee2f371b452def1e13724b2f47c0589526628828c9de5a4562717ef344,2180.2660000000005,2162.3849999999998,2210.497,94.626,85.0555,96.54079999999999,101.10889,7.142953321364453,1084416,11
cuda,43,core,576,32,3,8,1,warm,D,73728,73728,1152,13824,16,24.0,42fe58ee2f371b452def1e13724b2f47c0589526628828c9de5a4562717ef344,1760.9429999999998,1754.3320000000006,1764.4309999999998,96.24,67.40299999999999,76.41905,83.96679,5.723110465116279,1013760,11
cuda,43,core,576,32,3,8,1,warm,E,73728,73728,0,0,16,24.0,42fe58ee2f371b452def1e13724b2f47c0589526628828c9de5a4562717ef344,2052.154,2027.48,2071.028,78.166,84.90299999999999,94.38694999999998,96.28407,6.593417366946778,909312,11
cuda,43,core,576,32,3,8,1,warm,F,73728,73728,0,0,16,24.0,42fe58ee2f371b452def1e13724b2f47c0589526628828c9de5a4562717ef344,1750.254,1737.6529999999998,1762.288,78.78,67.80199999999999,79.72689999999999,84.81930999999999,5.641439502630321,986112,11
cuda,43,core,576,32,3,8,1,warm,G,73728,221184,0,0,48,24.0,42fe58ee2f371b452def1e13724b2f47c0589526628828c9de5a4562717ef344,1794.8320000000003,1781.5259999999998,1802.1079999999997,130.858,67.5385,76.69419999999998,84.50751,5.898916292974589,1285632,11
cuda,44,core,576,32,3,16,1,warm,A,73728,221184,0,0,48,48.0,42fe58ee2f371b452def1e13724b2f47c0589526628828c9de5a4562717ef344,3366.6150000000002,3355.0799999999995,3391.158,90.624,67.0655,74.76165,83.69564000000003,,1202688,11
cuda,44,core,576,32,3,16,1,warm,B,73728,73728,0,0,16,48.0,42fe58ee2f371b452def1e13724b2f47c0589526628828c9de5a4562717ef344,3294.718,3283.769,3316.604,22.131,67.119,74.3288,76.68337,,835584,11
cuda,44,core,576,32,3,16,1,warm,C,73728,73728,1152,13824,16,48.0,42fe58ee2f371b452def1e13724b2f47c0589526628828c9de5a4562717ef344,4232.871,4223.469999999999,4265.736,94.768,84.69550000000001,94.96815,101.37439,,936960,11
cuda,44,core,576,32,3,16,1,warm,D,73728,73728,1152,13824,16,48.0,42fe58ee2f371b452def1e13724b2f47c0589526628828c9de5a4562717ef344,3386.6079999999993,3360.752,3402.2980000000002,97.45,67.17850000000001,74.17075,81.71196000000002,,866304,11
cuda,44,core,576,32,3,16,1,warm,E,73728,73728,0,0,16,48.0,42fe58ee2f371b452def1e13724b2f47c0589526628828c9de5a4562717ef344,3984.7719999999995,3971.076,4001.8109999999997,78.435,84.5875,92.37814999999999,99.59746000000001,,909312,11
cuda,44,core,576,32,3,16,1,warm,F,73728,73728,0,0,16,48.0,42fe58ee2f371b452def1e13724b2f47c0589526628828c9de5a4562717ef344,3368.5140000000015,3357.4430000000007,3383.64,78.102,67.2615,75.7623,85.11670000000001,,838656,11
cuda,44,core,576,32,3,16,1,warm,G,73728,221184,0,0,48,48.0,42fe58ee2f371b452def1e13724b2f47c0589526628828c9de5a4562717ef344,3422.9909999999995,3401.5060000000008,3439.169,131.232,67.209,75.00305,83.70756,,1138176,11
cuda,45,core,576,32,3,32,1,warm,A,73728,221184,0,0,48,96.0,42fe58ee2f371b452def1e13724b2f47c0589526628828c9de5a4562717ef344,6624.703000000001,6603.219,6637.307,90.296,67.047,73.41725,82.37365,,1202688,11
cuda,45,core,576,32,3,32,1,warm,B,73728,73728,0,0,16,96.0,42fe58ee2f371b452def1e13724b2f47c0589526628828c9de5a4562717ef344,6528.6860000000015,6486.032999999998,6548.219999999999,22.283,66.86250000000001,73.36749999999999,77.78259999999999,,835584,11
cuda,45,core,576,32,3,32,1,warm,C,73728,73728,1152,13824,16,96.0,42fe58ee2f371b452def1e13724b2f47c0589526628828c9de5a4562717ef344,8321.908000000001,8305.506,8340.277999999997,95.594,84.44,93.0025,96.88944999999998,,936960,11
cuda,45,core,576,32,3,32,1,warm,D,73728,73728,1152,13824,16,96.0,42fe58ee2f371b452def1e13724b2f47c0589526628828c9de5a4562717ef344,6619.810999999997,6588.449000000002,6646.613,96.119,67.06800000000001,73.48575,79.29449999999999,,866304,11
cuda,45,core,576,32,3,32,1,warm,E,73728,73728,0,0,16,96.0,42fe58ee2f371b452def1e13724b2f47c0589526628828c9de5a4562717ef344,7815.182,7796.128999999999,7825.730000000002,77.976,84.178,91.20249999999999,95.53075,,909312,11
cuda,45,core,576,32,3,32,1,warm,F,73728,73728,0,0,16,96.0,42fe58ee2f371b452def1e13724b2f47c0589526628828c9de5a4562717ef344,6605.081000000001,6586.450999999998,6674.61,77.486,67.13550000000001,73.92575000000001,80.81994999999998,,838656,11
cuda,45,core,576,32,3,32,1,warm,G,73728,221184,0,0,48,96.0,42fe58ee2f371b452def1e13724b2f47c0589526628828c9de5a4562717ef344,6653.039999999999,6613.3240000000005,6668.136,130.465,66.9345,73.56675000000001,78.83264999999999,,1004544,11
cuda,46,core,576,32,3,64,1,warm,A,73728,221184,0,0,48,192.0,42fe58ee2f371b452def1e13724b2f47c0589526628828c9de5a4562717ef344,13042.789999999997,12996.102,13084.349000000004,92.487,66.6995,72.98504999999999,76.64836000000001,,1202688,11
cuda,46,core,576,32,3,64,1,warm,B,73728,73728,0,0,16,192.0,42fe58ee2f371b452def1e13724b2f47c0589526628828c9de5a4562717ef344,12977.874000000007,12912.405000000004,13008.654000000004,22.602,66.908,72.9358,76.66678000000002,,835584,11
cuda,46,core,576,32,3,64,1,warm,C,73728,73728,1152,13824,16,192.0,42fe58ee2f371b452def1e13724b2f47c0589526628828c9de5a4562717ef344,16455.688000000013,16439.945999999996,16537.43300000001,94.936,84.205,92.2316,95.76051000000002,,936960,11
cuda,46,core,576,32,3,64,1,warm,D,73728,73728,1152,13824,16,192.0,42fe58ee2f371b452def1e13724b2f47c0589526628828c9de5a4562717ef344,13070.370999999996,13048.992000000006,13083.619000000004,97.014,66.8665,73.35674999999999,75.94556000000001,,866304,11
cuda,46,core,576,32,3,64,1,warm,E,73728,73728,0,0,16,192.0,42fe58ee2f371b452def1e13724b2f47c0589526628828c9de5a4562717ef344,15431.212999999996,15383.189000000013,15449.631,78.797,83.80799999999999,90.2263,94.45185,,909312,11
cuda,46,core,576,32,3,64,1,warm,F,73728,73728,0,0,16,192.0,42fe58ee2f371b452def1e13724b2f47c0589526628828c9de5a4562717ef344,13063.296,13045.501999999999,13141.841999999991,79.572,67.014,72.92925,77.28966000000003,,838656,11
cuda,46,core,576,32,3,64,1,warm,G,73728,221184,0,0,48,192.0,42fe58ee2f371b452def1e13724b2f47c0589526628828c9de5a4562717ef344,13116.174999999994,13082.283999999998,13167.902999999998,130.707,66.98949999999999,73.1108,76.57173,,1138176,11
cuda,47,core,576,32,3,128,1,warm,A,73728,221184,0,0,48,384.0,42fe58ee2f371b452def1e13724b2f47c0589526628828c9de5a4562717ef344,26507.133999999995,26328.291000000005,26590.842,97.3,68.3265,73.13355,75.84486000000008,,1202688,11
cuda,47,core,576,32,3,128,1,warm,B,73728,73728,0,0,16,384.0,42fe58ee2f371b452def1e13724b2f47c0589526628828c9de5a4562717ef344,26420.661000000022,25904.83199999999,30748.845000000012,23.943,68.3265,73.03175,75.70000000000002,,835584,11
cuda,47,core,576,32,3,128,1,warm,C,73728,73728,1152,13824,16,384.0,42fe58ee2f371b452def1e13724b2f47c0589526628828c9de5a4562717ef344,33594.48199999995,33440.402999999984,38931.71699999996,109.241,86.542,92.11475,94.67062000000001,,936960,11
cuda,47,core,576,32,3,128,1,warm,D,73728,73728,1152,13824,16,384.0,42fe58ee2f371b452def1e13724b2f47c0589526628828c9de5a4562717ef344,26560.382999999994,26443.192999999974,30871.779000000013,108.465,68.401,73.26989999999998,75.69388000000001,,866304,11
cuda,47,core,576,32,3,128,1,warm,E,73728,73728,0,0,16,384.0,42fe58ee2f371b452def1e13724b2f47c0589526628828c9de5a4562717ef344,31454.844999999994,31223.195,36483.33000000002,85.244,86.0705,91.32404999999997,94.87425,,909312,11
cuda,47,core,576,32,3,128,1,warm,F,73728,73728,0,0,16,384.0,42fe58ee2f371b452def1e13724b2f47c0589526628828c9de5a4562717ef344,26643.628000000008,26563.281,30932.660000000025,87.942,68.6965,73.4119,75.7562,,838656,11
cuda,47,core,576,32,3,128,1,warm,G,73728,221184,0,0,48,384.0,42fe58ee2f371b452def1e13724b2f47c0589526628828c9de5a4562717ef344,26704.479000000007,26563.74600000003,31086.033000000003,147.688,68.6605,73.23285,76.02408000000001,,1138176,11
cuda,48,core,2304,32,1,1,1,warm,A,294912,294912,0,0,16,1.0,42fe58ee2f371b452def1e13724b2f47c0589526628828c9de5a4562717ef344,152.928,151.555,155.304,54.236,98.161,98.161,98.161,,2211840,11
cuda,48,core,2304,32,1,1,1,warm,B,294912,294912,0,0,16,1.0,42fe58ee2f371b452def1e13724b2f47c0589526628828c9de5a4562717ef344,120.65299999999999,119.179,123.876,24.729,95.792,95.792,95.792,,1918464,11
cuda,48,core,2304,32,1,1,1,warm,C,294912,294912,4608,18432,16,1.0,42fe58ee2f371b452def1e13724b2f47c0589526628828c9de5a4562717ef344,214.35500000000002,212.773,215.223,92.125,121.787,121.787,121.787,,2250240,11
cuda,48,core,2304,32,1,1,1,warm,D,294912,294912,4608,18432,16,1.0,42fe58ee2f371b452def1e13724b2f47c0589526628828c9de5a4562717ef344,192.794,191.848,206.09199999999998,90.916,102.609,102.609,102.609,,1953792,11
cuda,48,core,2304,32,1,1,1,warm,E,294912,294912,0,0,16,1.0,42fe58ee2f371b452def1e13724b2f47c0589526628828c9de5a4562717ef344,193.51,192.305,201.901,89.927,103.217,103.217,103.217,,1935360,11
cuda,48,core,2304,32,1,1,1,warm,F,294912,294912,0,0,16,1.0,42fe58ee2f371b452def1e13724b2f47c0589526628828c9de5a4562717ef344,192.808,190.232,196.76100000000002,89.153,102.266,102.266,102.266,,1935360,11
cuda,48,core,2304,32,1,1,1,warm,G,294912,294912,0,0,16,1.0,42fe58ee2f371b452def1e13724b2f47c0589526628828c9de5a4562717ef344,198.577,197.637,205.578,96.955,102.064,102.064,102.064,,1953792,11
cuda,49,core,2304,32,1,2,1,warm,A,294912,294912,0,0,16,2.0,42fe58ee2f371b452def1e13724b2f47c0589526628828c9de5a4562717ef344,238.63199999999998,237.89100000000002,240.968,55.152,91.702,97.5452,98.03224,,2211840,11
cuda,49,core,2304,32,1,2,1,warm,B,294912,294912,0,0,16,2.0,42fe58ee2f371b452def1e13724b2f47c0589526628828c9de5a4562717ef344,205.451,204.57999999999998,209.288,24.915,90.256,94.5202,94.89924,,1918976,11
cuda,49,core,2304,32,1,2,1,warm,C,294912,294912,4608,18432,16,2.0,42fe58ee2f371b452def1e13724b2f47c0589526628828c9de5a4562717ef344,327.652,320.41,330.399,92.057,117.7975,121.5302,122.04603999999999,,2250752,11
cuda,49,core,2304,32,1,2,1,warm,D,294912,294912,4608,18432,16,2.0,42fe58ee2f371b452def1e13724b2f47c0589526628828c9de5a4562717ef344,282.712,279.419,288.17400000000004,90.789,95.80799999999999,101.8639,102.21739,,1972224,11
cuda,49,core,2304,32,1,2,1,warm,E,294912,294912,0,0,16,2.0,42fe58ee2f371b452def1e13724b2f47c0589526628828c9de5a4562717ef344,280.225,276.778,282.904,89.345,94.49549999999999,101.99024999999999,102.65644999999999,,1935360,11
cuda,49,core,2304,32,1,2,1,warm,F,294912,294912,0,0,16,2.0,42fe58ee2f371b452def1e13724b2f47c0589526628828c9de5a4562717ef344,283.86899999999997,281.036,285.299,90.089,96.3785,103.9356,104.62792,,1935360,11
cuda,49,core,2304,32,1,2,1,warm,G,294912,294912,0,0,16,2.0,42fe58ee2f371b452def1e13724b2f47c0589526628828c9de5a4562717ef344,287.747,286.144,296.628,97.541,94.67699999999999,101.3968,102.01696,,1953792,11
cuda,50,core,2304,32,1,4,1,warm,A,294912,294912,0,0,16,4.0,42fe58ee2f371b452def1e13724b2f47c0589526628828c9de5a4562717ef344,404.90799999999996,402.493,408.28099999999995,55.381,84.632,96.95084999999999,98.22776999999999,,2211840,11
cuda,50,core,2304,32,1,4,1,warm,B,294912,294912,0,0,16,4.0,42fe58ee2f371b452def1e13724b2f47c0589526628828c9de5a4562717ef344,368.444,366.94500000000005,376.606,24.659,83.644,93.05819999999999,94.10228000000001,,1918976,11
cuda,50,core,2304,32,1,4,1,warm,C,294912,294912,4608,18432,16,4.0,42fe58ee2f371b452def1e13724b2f47c0589526628828c9de5a4562717ef344,532.4209999999999,526.755,535.4580000000001,91.4,106.803,119.45555,120.18625,,2250752,11
cuda,50,core,2304,32,1,4,1,warm,D,294912,294912,4608,18432,16,4.0,42fe58ee2f371b452def1e13724b2f47c0589526628828c9de5a4562717ef344,445.36400000000003,443.02099999999996,447.30199999999996,91.183,84.3625,100.89155,102.84071,,1972224,11
cuda,50,core,2304,32,1,4,1,warm,E,294912,294912,0,0,16,4.0,42fe58ee2f371b452def1e13724b2f47c0589526628828c9de5a4562717ef344,446.734,441.555,453.75800000000004,89.714,84.9555,100.6104,101.63710999999999,,1935360,11
cuda,50,core,2304,32,1,4,1,warm,F,294912,294912,0,0,16,4.0,42fe58ee2f371b452def1e13724b2f47c0589526628828c9de5a4562717ef344,449.98799999999994,441.96500000000003,451.813,89.735,85.1525,102.2671,104.17342000000001,,1935360,11
cuda,50,core,2304,32,1,4,1,warm,G,294912,294912,0,0,16,4.0,42fe58ee2f371b452def1e13724b2f47c0589526628828c9de5a4562717ef344,452.481,449.54699999999997,461.19300000000004,98.378,84.229,100.62259999999999,102.07741,,1953792,11
cuda,51,core,2304,32,1,8,1,warm,A,294912,294912,0,0,16,8.0,42fe58ee2f371b452def1e13724b2f47c0589526628828c9de5a4562717ef344,620.928,610.967,630.422,48.078,68.2235,82.42515,86.08667,6.225609756097561,2451456,11
cuda,51,core,2304,32,1,8,1,warm,B,294912,294912,0,0,16,8.0,42fe58ee2f371b452def1e13724b2f47c0589526628828c9de5a4562717ef344,593.7909999999999,581.799,598.226,21.406,69.4185,78.8797,80.25689,5.82997803806735,2158592,11
cuda,51,core,2304,32,1,8,1,warm,C,294912,294912,4608,18432,16,8.0,42fe58ee2f371b452def1e13724b2f47c0589526628828c9de5a4562717ef344,809.67,797.2720000000002,824.1310000000001,85.924,87.5865,101.5127,103.80492,8.102431712191873,2471936,11
cuda,51,core,2304,32,1,8,1,warm,D,294912,294912,4608,18432,16,8.0,42fe58ee2f371b452def1e13724b2f47c0589526628828c9de5a4562717ef344,667.0400000000001,662.116,681.105,85.579,69.398,86.70214999999999,90.45665,6.741155334438917,2211840,11
cuda,51,core,2304,32,1,8,1,warm,E,294912,294912,0,0,16,8.0,42fe58ee2f371b452def1e13724b2f47c0589526628828c9de5a4562717ef344,662.8910000000001,658.831,668.7080000000001,83.596,69.1215,85.21054999999998,89.59004999999999,6.630425824175824,2156544,11
cuda,51,core,2304,32,1,8,1,warm,F,294912,294912,0,0,16,8.0,42fe58ee2f371b452def1e13724b2f47c0589526628828c9de5a4562717ef344,666.9739999999999,656.6400000000001,672.5360000000001,83.75,68.9685,85.23939999999999,89.63156,6.563562808557323,2174976,11
cuda,51,core,2304,32,1,8,1,warm,G,294912,294912,0,0,16,8.0,42fe58ee2f371b452def1e13724b2f47c0589526628828c9de5a4562717ef344,667.758,661.745,676.5949999999999,89.629,68.90950000000001,87.3201,92.47601999999999,6.72037088678193,2174976,11
cuda,52,core,2304,32,1,16,1,warm,A,294912,294912,0,0,16,16.0,42fe58ee2f371b452def1e13724b2f47c0589526628828c9de5a4562717ef344,1156.8919999999998,1153.5560000000003,1160.777,46.99,67.59049999999999,78.03800000000001,82.1211,,2433024,11
cuda,52,core,2304,32,1,16,1,warm,B,294912,294912,0,0,16,16.0,42fe58ee2f371b452def1e13724b2f47c0589526628828c9de5a4562717ef344,1126.974,1123.622,1137.6709999999998,21.356,67.791,77.63125000000001,80.08775,,2140160,11
cuda,52,core,2304,32,1,16,1,warm,C,294912,294912,4608,18432,16,16.0,42fe58ee2f371b452def1e13724b2f47c0589526628828c9de5a4562717ef344,1494.1249999999998,1486.503,1498.879,85.586,85.487,98.2655,103.61254999999998,,2471936,11
cuda,52,core,2304,32,1,16,1,warm,D,294912,294912,4608,18432,16,16.0,42fe58ee2f371b452def1e13724b2f47c0589526628828c9de5a4562717ef344,1213.0690000000002,1208.6689999999999,1227.9709999999998,84.933,68.0315,82.44525,87.99510000000001,,2193408,11
cuda,52,core,2304,32,1,16,1,warm,E,294912,294912,0,0,16,16.0,42fe58ee2f371b452def1e13724b2f47c0589526628828c9de5a4562717ef344,1200.889,1194.9529999999997,1206.5270000000003,83.431,67.774,79.01249999999999,85.93769999999999,,2156544,11
cuda,52,core,2304,32,1,16,1,warm,F,294912,294912,0,0,16,16.0,42fe58ee2f371b452def1e13724b2f47c0589526628828c9de5a4562717ef344,1204.5419999999997,1195.879,1210.1979999999999,83.428,67.941,79.655,85.8034,,2156544,11
cuda,52,core,2304,32,1,16,1,warm,G,294912,294912,0,0,16,16.0,42fe58ee2f371b452def1e13724b2f47c0589526628828c9de5a4562717ef344,1214.8580000000002,1211.938,1220.112,90.284,67.69550000000001,81.28675,88.80824999999999,,2174976,11
cuda,53,core,2304,32,1,32,1,warm,A,294912,294912,0,0,16,32.0,42fe58ee2f371b452def1e13724b2f47c0589526628828c9de5a4562717ef344,2241.3700000000003,2232.338,2252.0969999999993,47.812,67.173,76.60175,83.31868000000001,,2433024,11
cuda,53,core,2304,32,1,32,1,warm,B,294912,294912,0,0,16,32.0,42fe58ee2f371b452def1e13724b2f47c0589526628828c9de5a4562717ef344,2209.271,2202.81,2220.4159999999997,21.398,67.499,74.1837,79.12868000000002,,2140160,11
cuda,53,core,2304,32,1,32,1,warm,C,294912,294912,4608,18432,16,32.0,42fe58ee2f371b452def1e13724b2f47c0589526628828c9de5a4562717ef344,2830.615,2827.3430000000003,2843.0470000000014,85.895,84.18299999999999,94.18055000000001,100.39281000000001,,2471936,11
cuda,53,core,2304,32,1,32,1,warm,D,294912,294912,4608,18432,16,32.0,42fe58ee2f371b452def1e13724b2f47c0589526628828c9de5a4562717ef344,2292.2169999999996,2289.6019999999994,2304.4930000000004,84.925,67.398,75.47515,85.12320000000001,,2193408,11
cuda,53,core,2304,32,1,32,1,warm,E,294912,294912,0,0,16,32.0,42fe58ee2f371b452def1e13724b2f47c0589526628828c9de5a4562717ef344,2279.918,2273.9619999999995,2291.1589999999997,83.846,67.1345,75.2391,83.55756000000002,,2156544,11
cuda,53,core,2304,32,1,32,1,warm,F,294912,294912,0,0,16,32.0,42fe58ee2f371b452def1e13724b2f47c0589526628828c9de5a4562717ef344,2286.9550000000004,2278.256,2293.5190000000002,83.488,67.2305,76.12155,85.68058000000002,,2156544,11
cuda,53,core,2304,32,1,32,1,warm,G,294912,294912,0,0,16,32.0,42fe58ee2f371b452def1e13724b2f47c0589526628828c9de5a4562717ef344,2289.8879999999995,2284.5530000000003,2298.949,89.97,67.1865,76.2688,86.03280000000001,,2174976,11
cuda,54,core,2304,32,1,64,1,warm,A,294912,294912,0,0,16,64.0,42fe58ee2f371b452def1e13724b2f47c0589526628828c9de5a4562717ef344,4374.7350000000015,4371.952,4388.6359999999995,47.076,66.7205,73.67564999999999,79.38313999999998,,2433024,11
cuda,54,core,2304,32,1,64,1,warm,B,294912,294912,0,0,16,64.0,42fe58ee2f371b452def1e13724b2f47c0589526628828c9de5a4562717ef344,4350.521999999999,4341.367000000001,4366.415999999999,21.551,66.7565,73.67195,78.28242,,2140160,11
cuda,54,core,2304,32,1,64,1,warm,C,294912,294912,4608,18432,16,64.0,42fe58ee2f371b452def1e13724b2f47c0589526628828c9de5a4562717ef344,5556.711000000001,5542.864999999999,5592.652999999999,85.907,84.10499999999999,93.10005,98.72958999999999,,2471936,11
cuda,54,core,2304,32,1,64,1,warm,D,294912,294912,4608,18432,16,64.0,42fe58ee2f371b452def1e13724b2f47c0589526628828c9de5a4562717ef344,4446.203,4430.098,4459.234,85.234,67.01650000000001,73.95804999999999,80.45669999999997,,2174976,11
cuda,54,core,2304,32,1,64,1,warm,E,294912,294912,0,0,16,64.0,42fe58ee2f371b452def1e13724b2f47c0589526628828c9de5a4562717ef344,4433.131,4417.513000000001,4458.213000000001,83.778,67.08250000000001,74.1943,80.27574999999997,,2156544,11
cuda,54,core,2304,32,1,64,1,warm,F,294912,294912,0,0,16,64.0,42fe58ee2f371b452def1e13724b2f47c0589526628828c9de5a4562717ef344,4428.020000000002,4424.525,4432.743,83.693,66.8315,74.06349999999999,82.42968999999995,,2156544,11
cuda,54,core,2304,32,1,64,1,warm,G,294912,294912,0,0,16,64.0,42fe58ee2f371b452def1e13724b2f47c0589526628828c9de5a4562717ef344,4423.897999999999,4412.453,4443.734,89.615,66.6925,74.27474999999998,82.02069999999995,,2174976,11
cuda,55,core,2304,32,1,128,1,warm,A,294912,294912,0,0,16,128.0,42fe58ee2f371b452def1e13724b2f47c0589526628828c9de5a4562717ef344,8694.868,8683.095000000003,8746.425000000003,47.709,66.89750000000001,73.03375,76.49453000000001,,2433024,11
cuda,55,core,2304,32,1,128,1,warm,B,294912,294912,0,0,16,128.0,42fe58ee2f371b452def1e13724b2f47c0589526628828c9de5a4562717ef344,8690.824,8666.806000000002,8724.613000000001,21.649,67.0685,73.61064999999999,78.49441,,2140160,11
cuda,55,core,2304,32,1,128,1,warm,C,294912,294912,4608,18432,16,128.0,42fe58ee2f371b452def1e13724b2f47c0589526628828c9de5a4562717ef344,10967.855999999996,10951.238,11009.060999999998,85.987,84.054,92.19325,96.76824000000002,,2471936,11
cuda,55,core,2304,32,1,128,1,warm,D,294912,294912,4608,18432,16,128.0,42fe58ee2f371b452def1e13724b2f47c0589526628828c9de5a4562717ef344,8788.957999999993,8772.610999999999,8833.482000000005,85.695,67.2405,73.7082,76.61664,,2193408,11
cuda,55,core,2304,32,1,128,1,warm,E,294912,294912,0,0,16,128.0,42fe58ee2f371b452def1e13724b2f47c0589526628828c9de5a4562717ef344,8746.920999999998,8735.818999999994,8775.647999999996,84.081,67.0425,73.22875,77.51838000000001,,2156544,11
cuda,55,core,2304,32,1,128,1,warm,F,294912,294912,0,0,16,128.0,42fe58ee2f371b452def1e13724b2f47c0589526628828c9de5a4562717ef344,8774.318999999996,8743.357,8809.609,83.755,67.1675,74.00995,79.62017000000003,,2156544,11
cuda,55,core,2304,32,1,128,1,warm,G,294912,294912,0,0,16,128.0,42fe58ee2f371b452def1e13724b2f47c0589526628828c9de5a4562717ef344,8780.314,8746.601999999999,8800.361000000003,89.843,67.0885,74.01995,80.47737000000001,,2174976,11
cuda,56,core,2304,32,3,1,1,warm,A,294912,884736,0,0,48,3.0,42fe58ee2f371b452def1e13724b2f47c0589526628828c9de5a4562717ef344,314.683,313.977,317.128,91.073,71.623,82.6639,83.38268,,4810752,11
cuda,56,core,2304,32,3,1,1,warm,B,294912,294912,0,0,16,3.0,42fe58ee2f371b452def1e13724b2f47c0589526628828c9de5a4562717ef344,239.406,235.82600000000002,247.09300000000002,21.94,70.81,78.4514,78.74788000000001,,3338240,11
cuda,56,core,2304,32,3,1,1,warm,C,294912,294912,4608,55296,16,3.0,42fe58ee2f371b452def1e13724b2f47c0589526628828c9de5a4562717ef344,374.253,373.534,386.339,96.88,89.838,101.348,102.42,,3743744,11
cuda,56,core,2304,32,3,1,1,warm,D,294912,294912,4608,55296,16,3.0,42fe58ee2f371b452def1e13724b2f47c0589526628828c9de5a4562717ef344,323.279,321.502,329.30100000000004,96.497,72.38,84.4823,84.86749999999999,,3465216,11
cuda,56,core,2304,32,3,1,1,warm,E,294912,294912,0,0,16,3.0,42fe58ee2f371b452def1e13724b2f47c0589526628828c9de5a4562717ef344,353.30899999999997,348.422,362.22400000000005,85.802,87.438,92.51469999999999,92.75442,,3633152,11
cuda,56,core,2304,32,3,1,1,warm,F,294912,294912,0,0,16,3.0,42fe58ee2f371b452def1e13724b2f47c0589526628828c9de5a4562717ef344,311.58299999999997,310.091,314.058,85.786,72.397,83.1834,84.23268,,3354624,11
cuda,56,core,2304,32,3,1,1,warm,G,294912,884736,0,0,48,3.0,42fe58ee2f371b452def1e13724b2f47c0589526628828c9de5a4562717ef344,355.159,353.69800000000004,370.118,130.601,71.985,84.29629999999999,85.34885999999999,,4552704,11
cuda,57,core,2304,32,3,2,1,warm,A,294912,884736,0,0,48,6.0,42fe58ee2f371b452def1e13724b2f47c0589526628828c9de5a4562717ef344,519.3290000000001,515.908,527.125,90.318,68.6525,80.7855,82.5366,,4276224,11
cuda,57,core,2304,32,3,2,1,warm,B,294912,294912,0,0,16,6.0,42fe58ee2f371b452def1e13724b2f47c0589526628828c9de5a4562717ef344,450.263,443.23199999999997,453.9510000000001,22.044,69.1455,77.62325,77.7201,,3338240,11
cuda,57,core,2304,32,3,2,1,warm,C,294912,294912,4608,55296,16,6.0,42fe58ee2f371b452def1e13724b2f47c0589526628828c9de5a4562717ef344,636.499,633.5540000000001,642.79,97.104,86.298,99.37025,101.50630000000001,,3743744,11
cuda,57,core,2304,32,3,2,1,warm,D,294912,294912,4608,55296,16,6.0,42fe58ee2f371b452def1e13724b2f47c0589526628828c9de5a4562717ef344,532.596,529.859,535.0889999999999,96.667,69.46600000000001,82.90899999999999,85.41255000000001,,3465216,11
cuda,57,core,2304,32,3,2,1,warm,E,294912,294912,0,0,16,6.0,42fe58ee2f371b452def1e13724b2f47c0589526628828c9de5a4562717ef344,597.554,592.031,604.3290000000001,85.907,86.559,91.64474999999999,91.92335,,3633152,11
cuda,57,core,2304,32,3,2,1,warm,F,294912,294912,0,0,16,6.0,42fe58ee2f371b452def1e13724b2f47c0589526628828c9de5a4562717ef344,525.699,522.915,527.573,85.729,70.7595,83.11425,84.8034,,3354624,11
cuda,57,core,2304,32,3,2,1,warm,G,294912,884736,0,0,48,6.0,42fe58ee2f371b452def1e13724b2f47c0589526628828c9de5a4562717ef344,566.87,564.583,569.902,130.288,69.36449999999999,83.32050000000001,86.1577,,4552704,11
cuda,58,core,2304,32,3,4,1,warm,A,294912,884736,0,0,48,12.0,42fe58ee2f371b452def1e13724b2f47c0589526628828c9de5a4562717ef344,928.981,926.1680000000001,938.258,92.069,67.701,79.17214999999999,82.85927000000001,,4810752,11
cuda,58,core,2304,32,3,4,1,warm,B,294912,294912,0,0,16,12.0,42fe58ee2f371b452def1e13724b2f47c0589526628828c9de5a4562717ef344,854.455,850.3120000000001,857.273,22.166,67.9145,75.87455,77.353,,3338240,11
cuda,58,core,2304,32,3,4,1,warm,C,294912,294912,4608,55296,16,12.0,42fe58ee2f371b452def1e13724b2f47c0589526628828c9de5a4562717ef344,1154.612,1152.658,1159.8619999999999,98.666,85.8535,97.7444,101.00246,,3743744,11
cuda,58,core,2304,32,3,4,1,warm,D,294912,294912,4608,55296,16,12.0,42fe58ee2f371b452def1e13724b2f47c0589526628828c9de5a4562717ef344,942.067,936.963,944.402,97.331,67.89,80.0295,84.56913000000002,,3465216,11
cuda,58,core,2304,32,3,4,1,warm,E,294912,294912,0,0,16,12.0,42fe58ee2f371b452def1e13724b2f47c0589526628828c9de5a4562717ef344,1090.5610000000001,1078.678,1099.203,85.915,85.781,93.15039999999999,93.76105,,3633152,11
cuda,58,core,2304,32,3,4,1,warm,F,294912,294912,0,0,16,12.0,42fe58ee2f371b452def1e13724b2f47c0589526628828c9de5a4562717ef344,930.3380000000002,927.4639999999998,937.1350000000001,85.814,68.2185,80.97845,84.66189,,3354624,11
cuda,58,core,2304,32,3,4,1,warm,G,294912,884736,0,0,48,12.0,42fe58ee2f371b452def1e13724b2f47c0589526628828c9de5a4562717ef344,978.3520000000001,975.7700000000002,985.1199999999999,130.829,68.3095,81.52579999999999,86.04303000000002,,4552704,11
cuda,59,core,2304,32,3,8,1,warm,A,294912,884736,0,0,48,24.0,42fe58ee2f371b452def1e13724b2f47c0589526628828c9de5a4562717ef344,1745.673,1741.399,1749.2390000000003,90.828,67.30850000000001,76.88754999999999,82.33400999999999,5.834061135371179,5400576,11
cuda,59,core,2304,32,3,8,1,warm,B,294912,294912,0,0,16,24.0,42fe58ee2f371b452def1e13724b2f47c0589526628828c9de5a4562717ef344,1665.9789999999998,1654.6670000000001,1670.1960000000001,21.866,67.34299999999999,75.7696,77.26153,5.456785878037597,3928064,11
cuda,59,core,2304,32,3,8,1,warm,C,294912,294912,4608,55296,16,24.0,42fe58ee2f371b452def1e13724b2f47c0589526628828c9de5a4562717ef344,2177.415,2172.1670000000004,2185.907,97.937,84.862,95.71109999999999,101.69221,7.388209541062802,4333568,11
cuda,59,core,2304,32,3,8,1,warm,D,294912,294912,4608,55296,16,24.0,42fe58ee2f371b452def1e13724b2f47c0589526628828c9de5a4562717ef344,1760.8960000000002,1756.057,1773.5290000000005,98.364,67.5295,77.51485,84.90359999999998,5.860297706198145,3465216,11
cuda,59,core,2304,32,3,8,1,warm,E,294912,294912,0,0,16,24.0,42fe58ee2f371b452def1e13724b2f47c0589526628828c9de5a4562717ef344,2044.7450000000006,2029.248,2062.5819999999994,86.568,84.4755,92.6336,96.68369,6.855672268907563,3633152,11
cuda,59,core,2304,32,3,8,1,warm,F,294912,294912,0,0,16,24.0,42fe58ee2f371b452def1e13724b2f47c0589526628828c9de5a4562717ef344,1742.1240000000005,1739.0130000000001,1750.2380000000003,86.516,67.206,76.42195,84.10449999999999,5.744107744107744,3944448,11
cuda,59,core,2304,32,3,8,1,warm,G,294912,884736,0,0,48,24.0,42fe58ee2f371b452def1e13724b2f47c0589526628828c9de5a4562717ef344,1789.5439999999996,1788.7480000000003,1802.7550000000003,131.283,67.445,77.32245,85.04297,6.011273044344793,5142528,11
cuda,60,core,2304,32,3,16,1,warm,A,294912,884736,0,0,48,48.0,42fe58ee2f371b452def1e13724b2f47c0589526628828c9de5a4562717ef344,3354.137,3342.101000000001,3365.325000000001,91.026,66.9125,73.46215,80.09296,,4810752,11
cuda,60,core,2304,32,3,16,1,warm,B,294912,294912,0,0,16,48.0,42fe58ee2f371b452def1e13724b2f47c0589526628828c9de5a4562717ef344,3269.0590000000016,3261.667,3290.323,22.424,66.8435,73.74249999999999,76.15509,,3338240,11
cuda,60,core,2304,32,3,16,1,warm,C,294912,294912,4608,55296,16,48.0,42fe58ee2f371b452def1e13724b2f47c0589526628828c9de5a4562717ef344,4230.914,4198.766999999999,4233.613,97.281,84.8005,93.01010000000001,98.47590000000001,,3743744,11
cuda,60,core,2304,32,3,16,1,warm,D,294912,294912,4608,55296,16,48.0,42fe58ee2f371b452def1e13724b2f47c0589526628828c9de5a4562717ef344,3366.825,3364.605999999999,3377.6509999999994,96.853,67.0375,74.51604999999999,81.19457000000001,,3465216,11
cuda,60,core,2304,32,3,16,1,warm,E,294912,294912,0,0,16,48.0,42fe58ee2f371b452def1e13724b2f47c0589526628828c9de5a4562717ef344,3979.4849999999988,3958.0030000000006,3997.7000000000007,86.061,84.46600000000001,92.49595,95.37503000000001,,3633152,11
cuda,60,core,2304,32,3,16,1,warm,F,294912,294912,0,0,16,48.0,42fe58ee2f371b452def1e13724b2f47c0589526628828c9de5a4562717ef344,3363.0479999999993,3350.907999999999,3372.8220000000006,86.352,67.167,74.6015,81.68420000000002,,3354624,11
cuda,60,core,2304,32,3,16,1,warm,G,294912,884736,0,0,48,48.0,42fe58ee2f371b452def1e13724b2f47c0589526628828c9de5a4562717ef344,3394.4930000000004,3383.275000000001,3422.5039999999995,130.998,67.0535,74.56765,82.31142000000001,,4552704,11
cuda,61,core,2304,32,3,32,1,warm,A,294912,884736,0,0,48,96.0,42fe58ee2f371b452def1e13724b2f47c0589526628828c9de5a4562717ef344,6623.863,6612.979999999999,6652.2840000000015,91.096,67.227,73.69275,79.51509999999999,,4276224,11
cuda,61,core,2304,32,3,32,1,warm,B,294912,294912,0,0,16,96.0,42fe58ee2f371b452def1e13724b2f47c0589526628828c9de5a4562717ef344,6530.858000000004,6501.919999999999,6555.319999999997,22.168,67.03,73.66525,76.13014999999997,,3338240,11
cuda,61,core,2304,32,3,32,1,warm,C,294912,294912,4608,55296,16,96.0,42fe58ee2f371b452def1e13724b2f47c0589526628828c9de5a4562717ef344,8336.411,8297.000999999998,8344.772999999997,96.799,84.676,92.91775,97.83955,,3743744,11
cuda,61,core,2304,32,3,32,1,warm,D,294912,294912,4608,55296,16,96.0,42fe58ee2f371b452def1e13724b2f47c0589526628828c9de5a4562717ef344,6638.6359999999995,6618.931999999999,6678.182,97.474,67.2475,74.53999999999999,79.55744999999997,,3465216,11
cuda,61,core,2304,32,3,32,1,warm,E,294912,294912,0,0,16,96.0,42fe58ee2f371b452def1e13724b2f47c0589526628828c9de5a4562717ef344,7810.697000000002,7799.261,7839.587999999997,86.395,84.176,91.439,94.9457,,3633152,11
cuda,61,core,2304,32,3,32,1,warm,F,294912,294912,0,0,16,96.0,42fe58ee2f371b452def1e13724b2f47c0589526628828c9de5a4562717ef344,6645.328000000001,6613.807000000001,6654.901999999999,86.352,67.463,74.25,78.83389999999997,,3354624,11
cuda,61,core,2304,32,3,32,1,warm,G,294912,884736,0,0,48,96.0,42fe58ee2f371b452def1e13724b2f47c0589526628828c9de5a4562717ef344,6679.674999999996,6656.009000000001,6702.3759999999975,130.885,67.24199999999999,74.383,77.98639999999997,,4552704,11
cuda,62,core,2304,32,3,64,1,warm,A,294912,884736,0,0,48,192.0,42fe58ee2f371b452def1e13724b2f47c0589526628828c9de5a4562717ef344,13115.450999999997,13070.331999999993,13175.811999999994,91.562,67.14750000000001,72.9853,76.85552000000001,,4810752,11
cuda,62,core,2304,32,3,64,1,warm,B,294912,294912,0,0,16,192.0,42fe58ee2f371b452def1e13724b2f47c0589526628828c9de5a4562717ef344,13075.289000000008,13018.132000000003,13095.002,22.543,67.3535,73.87984999999999,75.9868,,3338240,11
cuda,62,core,2304,32,3,64,1,warm,C,294912,294912,4608,55296,16,192.0,42fe58ee2f371b452def1e13724b2f47c0589526628828c9de5a4562717ef344,16477.39800000001,16417.984999999993,16484.414999999997,98.328,84.30350000000001,92.08035,95.95585000000001,,3743744,11
cuda,62,core,2304,32,3,64,1,warm,D,294912,294912,4608,55296,16,192.0,42fe58ee2f371b452def1e13724b2f47c0589526628828c9de5a4562717ef344,13164.275999999994,13126.631000000008,13180.350000000006,97.547,67.345,73.51214999999999,76.10354000000002,,3465216,11
cuda,62,core,2304,32,3,64,1,warm,E,294912,294912,0,0,16,192.0,42fe58ee2f371b452def1e13724b2f47c0589526628828c9de5a4562717ef344,15460.770999999995,15392.508000000003,15518.385999999984,86.998,83.74600000000001,91.03904999999999,94.29559,,3633152,11
cuda,62,core,2304,32,3,64,1,warm,F,294912,294912,0,0,16,192.0,42fe58ee2f371b452def1e13724b2f47c0589526628828c9de5a4562717ef344,13130.935000000005,13120.082999999995,13183.940999999993,86.802,67.26650000000001,73.295,76.84248000000001,,2820096,11
cuda,62,core,2304,32,3,64,1,warm,G,294912,884736,0,0,48,192.0,42fe58ee2f371b452def1e13724b2f47c0589526628828c9de5a4562717ef344,13149.32,13094.525999999998,13188.152999999991,132.092,67.15350000000001,73.41215,77.22136000000002,,4552704,11
cuda,63,core,2304,32,3,128,1,warm,A,294912,884736,0,0,48,384.0,42fe58ee2f371b452def1e13724b2f47c0589526628828c9de5a4562717ef344,26103.72599999999,26021.617999999995,26180.451999999997,92.885,67.03999999999999,72.97104999999999,75.62989,,4276224,11
cuda,63,core,2304,32,3,128,1,warm,B,294912,294912,0,0,16,384.0,42fe58ee2f371b452def1e13724b2f47c0589526628828c9de5a4562717ef344,25939.158,25911.48099999997,26015.539000000015,22.562,66.947,72.91704999999999,75.98579000000001,,3338240,11
cuda,63,core,2304,32,3,128,1,warm,C,294912,294912,4608,55296,16,384.0,42fe58ee2f371b452def1e13724b2f47c0589526628828c9de5a4562717ef344,32720.03900000001,32656.759999999987,32796.303,98.249,84.0505,91.73870000000001,94.73937000000002,,3743744,11
cuda,63,core,2304,32,3,128,1,warm,D,294912,294912,4608,55296,16,384.0,42fe58ee2f371b452def1e13724b2f47c0589526628828c9de5a4562717ef344,26114.080999999984,26038.42700000001,26223.558000000005,97.689,67.142,73.19045,75.94715000000001,,3465216,11
cuda,63,core,2304,32,3,128,1,warm,E,294912,294912,0,0,16,384.0,42fe58ee2f371b452def1e13724b2f47c0589526628828c9de5a4562717ef344,30768.63100000001,30712.33299999999,30908.517999999993,87.041,83.7425,90.80004999999998,93.67968,,3633152,11
cuda,63,core,2304,32,3,128,1,warm,F,294912,294912,0,0,16,384.0,42fe58ee2f371b452def1e13724b2f47c0589526628828c9de5a4562717ef344,26216.092999999993,26130.25199999997,26221.905000000002,87.373,67.3715,73.79329999999999,76.22735,,3354624,11
cuda,63,core,2304,32,3,128,1,warm,G,294912,884736,0,0,48,384.0,42fe58ee2f371b452def1e13724b2f47c0589526628828c9de5a4562717ef344,26115.20099999999,26054.62499999999,26332.502999999982,132.119,67.056,73.00335,76.20350000000005,,4552704,11
cuda,64,rank,576,8,3,8,1,warm,A,18432,55296,0,0,48,24.0,42fe58ee2f371b452def1e13724b2f47c0589526628828c9de5a4562717ef344,1756.66,1752.335,1763.096,91.827,67.945,76.9942,82.36889,,594432,11
cuda,64,rank,576,8,3,8,1,warm,B,18432,18432,0,0,16,24.0,42fe58ee2f371b452def1e13724b2f47c0589526628828c9de5a4562717ef344,1672.585,1665.686,1679.861,22.751,67.8495,75.04695,78.19699,,503808,11
cuda,64,rank,576,8,3,8,1,warm,C,18432,18432,1152,13824,16,24.0,42fe58ee2f371b452def1e13724b2f47c0589526628828c9de5a4562717ef344,2196.47,2181.5860000000002,2210.8839999999996,96.331,85.714,95.26939999999999,100.14170999999999,,549888,11
cuda,64,rank,576,8,3,8,1,warm,D,18432,18432,1152,13824,16,24.0,42fe58ee2f371b452def1e13724b2f47c0589526628828c9de5a4562717ef344,1763.1369999999997,1759.1640000000002,1767.9800000000002,98.126,67.9395,77.2509,84.25559,,534528,11
cuda,64,rank,576,8,3,8,1,warm,E,18432,18432,0,0,16,24.0,42fe58ee2f371b452def1e13724b2f47c0589526628828c9de5a4562717ef344,2059.7749999999996,2055.713,2068.2459999999996,78.835,85.577,92.94699999999999,96.34294,,522240,11
cuda,64,rank,576,8,3,8,1,warm,F,18432,18432,0,0,16,24.0,42fe58ee2f371b452def1e13724b2f47c0589526628828c9de5a4562717ef344,1747.4960000000003,1739.3779999999997,1760.566,79.554,67.93299999999999,76.29594999999999,84.05851,,506880,11
cuda,64,rank,576,8,3,8,1,warm,G,18432,55296,0,0,48,24.0,42fe58ee2f371b452def1e13724b2f47c0589526628828c9de5a4562717ef344,1806.4210000000003,1802.4310000000005,1817.9979999999996,132.533,68.1895,77.7023,85.16229,,1414656,11
cuda,65,rank,576,32,3,8,1,warm,A,73728,221184,0,0,48,24.0,42fe58ee2f371b452def1e13724b2f47c0589526628828c9de5a4562717ef344,1753.6530000000002,1748.55,1762.8140000000003,91.163,67.7005,76.7619,82.76651,,1290240,11
cuda,65,rank,576,32,3,8,1,warm,B,73728,73728,0,0,16,24.0,42fe58ee2f371b452def1e13724b2f47c0589526628828c9de5a4562717ef344,1670.183,1668.0560000000003,1680.154,22.729,67.8405,75.22269999999999,78.72438,,1056768,11
cuda,65,rank,576,32,3,8,1,warm,C,73728,73728,1152,13824,16,24.0,42fe58ee2f371b452def1e13724b2f47c0589526628828c9de5a4562717ef344,2194.7659999999996,2180.885,2211.2639999999997,96.287,85.589,96.75935,101.22556999999999,,1158144,11
cuda,65,rank,576,32,3,8,1,warm,D,73728,73728,1152,13824,16,24.0,42fe58ee2f371b452def1e13724b2f47c0589526628828c9de5a4562717ef344,1764.9569999999997,1763.308,1774.5219999999995,96.878,67.9525,77.7479,85.30583999999999,,1087488,11
cuda,65,rank,576,32,3,8,1,warm,E,73728,73728,0,0,16,24.0,42fe58ee2f371b452def1e13724b2f47c0589526628828c9de5a4562717ef344,2055.033,2050.557,2061.046,78.831,85.35849999999999,93.28035,96.27764,,1130496,11
cuda,65,rank,576,32,3,8,1,warm,F,73728,73728,0,0,16,24.0,42fe58ee2f371b452def1e13724b2f47c0589526628828c9de5a4562717ef344,1752.1390000000004,1745.1379999999997,1754.1570000000004,78.347,68.1235,77.2166,83.42325,,1059840,11
cuda,65,rank,576,32,3,8,1,warm,G,73728,221184,0,0,48,24.0,42fe58ee2f371b452def1e13724b2f47c0589526628828c9de5a4562717ef344,1802.084,1791.4640000000004,1802.3459999999995,131.749,67.782,75.85425,83.99457,,1359360,11
cuda,66,rank,576,128,3,8,1,warm,A,294912,884736,0,0,48,24.0,42fe58ee2f371b452def1e13724b2f47c0589526628828c9de5a4562717ef344,1758.3720000000003,1752.3759999999997,1776.458,92.002,67.62950000000001,77.03219999999999,84.33448,,4741632,11
cuda,66,rank,576,128,3,8,1,warm,B,294912,294912,0,0,16,24.0,42fe58ee2f371b452def1e13724b2f47c0589526628828c9de5a4562717ef344,1686.775,1678.8920000000003,1689.6770000000001,22.69,68.0535,76.60195,78.85228,,3269120,11
cuda,66,rank,576,128,3,8,1,warm,C,294912,294912,1152,13824,16,24.0,42fe58ee2f371b452def1e13724b2f47c0589526628828c9de5a4562717ef344,2195.9760000000006,2186.648,2203.097,96.087,85.52850000000001,96.55639999999998,101.14886,,3591680,11
cuda,66,rank,576,128,3,8,1,warm,D,294912,294912,1152,13824,16,24.0,42fe58ee2f371b452def1e13724b2f47c0589526628828c9de5a4562717ef344,1774.8400000000001,1757.2949999999996,1779.1890000000003,98.205,68.0675,76.8273,84.06578999999999,,3299328,11
cuda,66,rank,576,128,3,8,1,warm,E,294912,294912,0,0,16,24.0,42fe58ee2f371b452def1e13724b2f47c0589526628828c9de5a4562717ef344,2057.635,2050.5739999999996,2066.495,78.303,85.3965,93.38579999999999,96.19293,,3564032,11
cuda,66,rank,576,128,3,8,1,warm,F,294912,294912,0,0,16,24.0,42fe58ee2f371b452def1e13724b2f47c0589526628828c9de5a4562717ef344,1750.025,1737.9279999999997,1773.2649999999999,77.955,68.01650000000001,77.45675,83.27996,,3271680,11
cuda,66,rank,576,128,3,8,1,warm,G,294912,884736,0,0,48,24.0,42fe58ee2f371b452def1e13724b2f47c0589526628828c9de5a4562717ef344,1804.6409999999998,1794.737,1811.3980000000004,131.055,68.078,77.06469999999999,84.42876,,4455936,11
cuda,67,working_set,576,32,3,8,1,warm,A,73728,221184,0,0,48,24.0,42fe58ee2f371b452def1e13724b2f47c0589526628828c9de5a4562717ef344,1754.1100000000006,1747.5190000000002,1758.4919999999997,91.825,67.732,76.98669999999998,82.90921,,1423872,11
cuda,67,working_set,576,32,3,8,1,warm,B,73728,73728,0,0,16,24.0,42fe58ee2f371b452def1e13724b2f47c0589526628828c9de5a4562717ef344,1674.4180000000006,1668.5920000000003,1678.482,21.942,67.49449999999999,75.63579999999999,78.00228,,1720320,11
cuda,67,working_set,576,32,3,8,1,warm,C,73728,73728,1152,13824,16,24.0,42fe58ee2f371b452def1e13724b2f47c0589526628828c9de5a4562717ef344,2183.311,2177.3609999999994,2192.596,96.349,85.16,96.4217,99.92201,,1158144,11
cuda,67,working_set,576,32,3,8,1,warm,D,73728,73728,1152,13824,16,24.0,42fe58ee2f371b452def1e13724b2f47c0589526628828c9de5a4562717ef344,1761.6979999999999,1755.4009999999998,1768.9920000000002,97.708,67.6935,77.44394999999999,83.31149,,1087488,11
cuda,67,working_set,576,32,3,8,1,warm,E,73728,73728,0,0,16,24.0,42fe58ee2f371b452def1e13724b2f47c0589526628828c9de5a4562717ef344,2045.8780000000006,2040.543,2052.421,79.262,85.23750000000001,92.0029,94.76373,,1130496,11
cuda,67,working_set,576,32,3,8,1,warm,F,73728,73728,0,0,16,24.0,42fe58ee2f371b452def1e13724b2f47c0589526628828c9de5a4562717ef344,1748.988,1738.742,1759.2689999999996,77.949,68.028,76.32555,83.70501,,1059840,11
cuda,67,working_set,576,32,3,8,1,warm,G,73728,221184,0,0,48,24.0,42fe58ee2f371b452def1e13724b2f47c0589526628828c9de5a4562717ef344,1795.099,1790.2519999999997,1800.9289999999999,132.378,67.607,76.24305,85.05194999999999,,1225728,11
cuda,68,working_set,576,32,3,8,1,eviction_buffer,A,73728,221184,0,0,48,24.0,42fe58ee2f371b452def1e13724b2f47c0589526628828c9de5a4562717ef344,1833.654,1829.007,1859.8540000000005,92.118,71.113,78.53089999999999,86.13332,,68532736,11
cuda,68,working_set,576,32,3,8,1,eviction_buffer,B,73728,73728,0,0,16,24.0,42fe58ee2f371b452def1e13724b2f47c0589526628828c9de5a4562717ef344,1753.4619999999998,1750.6280000000004,1768.0629999999999,22.452,70.9935,78.04395,80.51286,,68165632,11
cuda,68,working_set,576,32,3,8,1,eviction_buffer,C,73728,73728,1152,13824,16,24.0,42fe58ee2f371b452def1e13724b2f47c0589526628828c9de5a4562717ef344,2309.5260000000003,2300.963,2315.954,96.389,90.4885,99.05015,104.18454,,68267008,11
cuda,68,working_set,576,32,3,8,1,eviction_buffer,D,73728,73728,1152,13824,16,24.0,42fe58ee2f371b452def1e13724b2f47c0589526628828c9de5a4562717ef344,1848.7930000000001,1840.505,1864.2899999999997,97.809,71.5575,79.80319999999999,87.85821,,68196352,11
cuda,68,working_set,576,32,3,8,1,eviction_buffer,E,73728,73728,0,0,16,24.0,42fe58ee2f371b452def1e13724b2f47c0589526628828c9de5a4562717ef344,2171.058,2155.8050000000003,2175.5319999999992,77.556,90.04050000000001,97.59134999999999,99.17385999999999,,68239360,11
cuda,68,working_set,576,32,3,8,1,eviction_buffer,F,73728,73728,0,0,16,24.0,42fe58ee2f371b452def1e13724b2f47c0589526628828c9de5a4562717ef344,1844.0969999999995,1837.0999999999997,1851.0079999999998,79.143,71.96199999999999,78.52825,87.3462,,68168704,11
cuda,68,working_set,576,32,3,8,1,eviction_buffer,G,73728,221184,0,0,48,24.0,42fe58ee2f371b452def1e13724b2f47c0589526628828c9de5a4562717ef344,1886.8970000000002,1880.8359999999998,1900.6180000000002,131.525,71.4765,80.60465,89.00922999999999,,68468224,11
cuda,69,working_set,576,32,3,8,16,warm,A,73728,3538944,0,0,768,24.0,42fe58ee2f371b452def1e13724b2f47c0589526628828c9de5a4562717ef344,25912.604999999992,25853.333999999988,26074.769999999997,90.927,66.67,72.68055,75.68861000000004,,14694912,11
cuda,69,working_set,576,32,3,8,16,warm,B,73728,1179648,0,0,256,24.0,42fe58ee2f371b452def1e13724b2f47c0589526628828c9de5a4562717ef344,25797.048999999988,25736.34699999999,26002.69600000003,22.546,66.6615,72.46015,74.48194000000001,,8798208,11
cuda,69,working_set,576,32,3,8,16,warm,C,73728,1179648,1152,13824,256,24.0,42fe58ee2f371b452def1e13724b2f47c0589526628828c9de5a4562717ef344,32645.35100000001,32464.615000000013,32770.01299999998,96.95,83.97200000000001,91.16295,94.90147,,8899584,11
cuda,69,working_set,576,32,3,8,16,warm,D,73728,1179648,1152,13824,256,24.0,42fe58ee2f371b452def1e13724b2f47c0589526628828c9de5a4562717ef344,26071.619999999995,25975.55099999997,26133.749000000014,97.521,67.0735,72.6352,75.26702000000002,,8828928,11
cuda,69,working_set,576,32,3,8,16,warm,E,73728,1179648,0,0,256,24.0,42fe58ee2f371b452def1e13724b2f47c0589526628828c9de5a4562717ef344,30649.70699999999,30562.515000000003,30827.536999999997,79.025,83.7325,90.2599,93.25348,,8871936,11
cuda,69,working_set,576,32,3,8,16,warm,F,73728,1179648,0,0,256,24.0,42fe58ee2f371b452def1e13724b2f47c0589526628828c9de5a4562717ef344,25997.84800000001,25934.80499999999,26107.64000000003,78.769,66.9005,72.86019999999999,75.5987,,8801280,11
cuda,69,working_set,576,32,3,8,16,warm,G,73728,3538944,0,0,768,24.0,42fe58ee2f371b452def1e13724b2f47c0589526628828c9de5a4562717ef344,26036.221,25967.816000000003,26182.834999999974,133.766,66.8435,72.71865,74.99725000000001,,13524480,11
cuda,70,working_set,576,32,3,8,16,eviction_buffer,A,73728,3538944,0,0,768,24.0,42fe58ee2f371b452def1e13724b2f47c0589526628828c9de5a4562717ef344,27266.44799999999,27183.624999999996,27417.331,91.253,70.021,75.47205,78.02896,,79458304,11
cuda,70,working_set,576,32,3,8,16,eviction_buffer,B,73728,1179648,0,0,256,24.0,42fe58ee2f371b452def1e13724b2f47c0589526628828c9de5a4562717ef344,27177.522000000026,27137.636000000006,27410.756999999998,23.027,70.0495,75.7284,78.26031,,75907072,11
cuda,70,working_set,576,32,3,8,16,eviction_buffer,C,73728,1179648,1152,13824,256,24.0,42fe58ee2f371b452def1e13724b2f47c0589526628828c9de5a4562717ef344,34649.787000000004,34579.15600000003,34713.23199999999,97.529,88.9555,95.45045,98.14677,,76008448,11
cuda,70,working_set,576,32,3,8,16,eviction_buffer,D,73728,1179648,1152,13824,256,24.0,42fe58ee2f371b452def1e13724b2f47c0589526628828c9de5a4562717ef344,27394.150000000005,27168.875999999982,27488.86799999998,98.579,70.30950000000001,75.67229999999999,78.24900000000001,,75937792,11
cuda,70,working_set,576,32,3,8,16,eviction_buffer,E,73728,1179648,0,0,256,24.0,42fe58ee2f371b452def1e13724b2f47c0589526628828c9de5a4562717ef344,32523.494,32337.441000000003,32646.527999999995,78.519,88.327,95.24029999999999,97.88173,,75980800,11
cuda,70,working_set,576,32,3,8,16,eviction_buffer,F,73728,1179648,0,0,256,24.0,42fe58ee2f371b452def1e13724b2f47c0589526628828c9de5a4562717ef344,27366.11300000001,27326.396999999994,27483.48200000001,79.611,70.31299999999999,75.82335,78.40666,,75910144,11
cuda,70,working_set,576,32,3,8,16,eviction_buffer,G,73728,3538944,0,0,768,24.0,42fe58ee2f371b452def1e13724b2f47c0589526628828c9de5a4562717ef344,27336.567000000006,27241.638000000014,27505.103000000003,133.133,70.15450000000001,75.67654999999999,77.53701,,80633344,11
cuda,71,working_set,576,32,3,8,128,warm,A,73728,28311552,0,0,6144,24.0,42fe58ee2f371b452def1e13724b2f47c0589526628828c9de5a4562717ef344,210033.20099999997,206667.8870000001,213216.41200000033,213.72,67.6015,73.87735,77.79872999999996,,114833920,11
cuda,71,working_set,576,32,3,8,128,warm,B,73728,9437184,0,0,2048,24.0,42fe58ee2f371b452def1e13724b2f47c0589526628828c9de5a4562717ef344,209102.28100000002,207941.1199999996,247530.416,47.266,67.5475,73.40065,75.80658,,66600960,11
cuda,71,working_set,576,32,3,8,128,warm,C,73728,9437184,1152,13824,2048,24.0,42fe58ee2f371b452def1e13724b2f47c0589526628828c9de5a4562717ef344,264127.23200000013,262002.52199999988,310164.2900000002,120.924,85.1695,92.66125,95.7636,,66702336,11
cuda,71,working_set,576,32,3,8,128,warm,D,73728,9437184,1152,13824,2048,24.0,42fe58ee2f371b452def1e13724b2f47c0589526628828c9de5a4562717ef344,209123.08400000024,208414.99999999983,247329.04500000068,120.011,67.4855,73.3198,78.8556,,66631680,11
cuda,71,working_set,576,32,3,8,128,warm,E,73728,9437184,0,0,2048,24.0,42fe58ee2f371b452def1e13724b2f47c0589526628828c9de5a4562717ef344,248241.7750000002,244910.926,277301.47999999963,106.08,84.957,90.58845,93.60328,,67723264,11
cuda,71,working_set,576,32,3,8,128,warm,F,73728,9437184,0,0,2048,24.0,42fe58ee2f371b452def1e13724b2f47c0589526628828c9de5a4562717ef344,210971.19699999975,207961.30900000042,248224.31499999986,105.982,67.95,73.9683,76.3198,,67652608,11
cuda,71,working_set,576,32,3,8,128,warm,G,73728,28311552,0,0,6144,24.0,42fe58ee2f371b452def1e13724b2f47c0589526628828c9de5a4562717ef344,210262.56699999992,207668.1000000006,213681.6500000001,186.983,67.6645,74.04345,79.41019,,105405952,11
cuda,72,working_set,576,32,3,8,128,eviction_buffer,A,73728,28311552,0,0,6144,24.0,42fe58ee2f371b452def1e13724b2f47c0589526628828c9de5a4562717ef344,218861.5179999999,218607.5379999999,219791.6579999997,214.01,70.416,75.7029,78.30083,,162033664,11
cuda,72,working_set,576,32,3,8,128,eviction_buffer,B,73728,9437184,0,0,2048,24.0,42fe58ee2f371b452def1e13724b2f47c0589526628828c9de5a4562717ef344,219442.44600000003,217711.82499999998,219683.88500000007,48.065,70.65899999999999,76.11895,78.35081,,133709824,11
cuda,72,working_set,576,32,3,8,128,eviction_buffer,C,73728,9437184,1152,13824,2048,24.0,42fe58ee2f371b452def1e13724b2f47c0589526628828c9de5a4562717ef344,276801.256,275992.6799999999,278597.89400000067,120.852,89.0395,95.67729999999999,98.47139999999999,,133811200,11
cuda,72,working_set,576,32,3,8,128,eviction_buffer,D,73728,9437184,1152,13824,2048,24.0,42fe58ee2f371b452def1e13724b2f47c0589526628828c9de5a4562717ef344,218936.5560000001,218218.78099999993,219817.03100000034,119.338,70.4265,76.17445,78.33729,,133740544,11
cuda,72,working_set,576,32,3,8,128,eviction_buffer,E,73728,9437184,0,0,2048,24.0,42fe58ee2f371b452def1e13724b2f47c0589526628828c9de5a4562717ef344,262232.377,260733.3210000003,263347.9659999997,105.621,89.312,96.3551,99.41920999999999,,133783552,11
cuda,72,working_set,576,32,3,8,128,eviction_buffer,F,73728,9437184,0,0,2048,24.0,42fe58ee2f371b452def1e13724b2f47c0589526628828c9de5a4562717ef344,219906.33699999982,219289.08599999978,220754.1049999991,105.586,70.801,76.6218,78.85216,,133712896,11
cuda,72,working_set,576,32,3,8,128,eviction_buffer,G,73728,28311552,0,0,6144,24.0,42fe58ee2f371b452def1e13724b2f47c0589526628828c9de5a4562717ef344,220484.18799999962,218484.89099999997,221738.04899999924,187.969,70.6015,76.15925,78.63202,,171466240,11
cuda,73,interleaved_tenants,576,32,3,1,16,warm,A,73728,3538944,0,0,768,3.0,42fe58ee2f371b452def1e13724b2f47c0589526628828c9de5a4562717ef344,3370.7760000000003,3356.487,3385.946999999999,89.749,67.3825,73.03699999999999,79.31654,,16529920,11
cuda,73,interleaved_tenants,576,32,3,1,16,warm,B,73728,1179648,0,0,256,3.0,42fe58ee2f371b452def1e13724b2f47c0589526628828c9de5a4562717ef344,3295.4379999999996,3280.4970000000003,3312.156000000001,21.831,67.411,73.6387,76.04619000000001,,10633216,11
cuda,73,interleaved_tenants,576,32,3,1,16,warm,C,73728,1179648,1152,13824,256,3.0,42fe58ee2f371b452def1e13724b2f47c0589526628828c9de5a4562717ef344,4194.893999999999,4188.868,4204.06,93.47,84.1665,93.27695,96.46844,,16646656,11
cuda,73,interleaved_tenants,576,32,3,1,16,warm,D,73728,1179648,1152,13824,256,3.0,42fe58ee2f371b452def1e13724b2f47c0589526628828c9de5a4562717ef344,3382.869,3374.274,3394.618,95.353,67.3935,74.33149999999999,81.36093000000001,,10663936,11
cuda,73,interleaved_tenants,576,32,3,1,16,warm,E,73728,1179648,0,0,256,3.0,42fe58ee2f371b452def1e13724b2f47c0589526628828c9de5a4562717ef344,3945.5890000000004,3936.023,3956.276,76.311,84.0375,90.91075000000001,93.00637,,10706944,11
cuda,73,interleaved_tenants,576,32,3,1,16,warm,F,73728,1179648,0,0,256,3.0,42fe58ee2f371b452def1e13724b2f47c0589526628828c9de5a4562717ef344,3367.557000000001,3356.9469999999988,3377.6919999999996,75.944,67.6935,75.1362,80.82841,,10636288,11
cuda,73,interleaved_tenants,576,32,3,1,16,warm,G,73728,3538944,0,0,768,3.0,42fe58ee2f371b452def1e13724b2f47c0589526628828c9de5a4562717ef344,3414.9829999999993,3400.181,3432.007,128.753,67.47149999999999,75.2933,81.97899000000001,,13014016,11
cuda,74,interleaved_tenants,576,32,3,8,16,warm,A,73728,3538944,0,0,768,24.0,42fe58ee2f371b452def1e13724b2f47c0589526628828c9de5a4562717ef344,25985.540999999997,25867.33400000001,26161.724000000006,91.009,66.921,71.9157,74.40621,,14694912,11
cuda,74,interleaved_tenants,576,32,3,8,16,warm,B,73728,1179648,0,0,256,24.0,42fe58ee2f371b452def1e13724b2f47c0589526628828c9de5a4562717ef344,25988.328999999987,25876.392000000007,26126.394000000037,22.189,67.19749999999999,72.64904999999999,74.90734,,8798208,11
cuda,74,interleaved_tenants,576,32,3,8,16,warm,C,73728,1179648,1152,13824,256,24.0,42fe58ee2f371b452def1e13724b2f47c0589526628828c9de5a4562717ef344,32709.532000000003,32606.451000000026,32747.354999999956,94.555,84.08099999999999,90.7401,93.37525000000001,,8899584,11
cuda,74,interleaved_tenants,576,32,3,8,16,warm,D,73728,1179648,1152,13824,256,24.0,42fe58ee2f371b452def1e13724b2f47c0589526628828c9de5a4562717ef344,26055.490999999998,26023.886000000013,26201.95499999999,95.232,67.15450000000001,72.6644,75.12816000000002,,8828928,11
cuda,74,interleaved_tenants,576,32,3,8,16,warm,E,73728,1179648,0,0,256,24.0,42fe58ee2f371b452def1e13724b2f47c0589526628828c9de5a4562717ef344,30674.646999999997,30619.102000000006,30803.36800000001,77.065,83.894,89.5624,92.22821,,8871936,11
cuda,74,interleaved_tenants,576,32,3,8,16,warm,F,73728,1179648,0,0,256,24.0,42fe58ee2f371b452def1e13724b2f47c0589526628828c9de5a4562717ef344,26045.627999999997,25952.004999999986,26158.956000000017,76.477,67.1155,72.7007,74.80173,,8801280,11
cuda,74,interleaved_tenants,576,32,3,8,16,warm,G,73728,3538944,0,0,768,24.0,42fe58ee2f371b452def1e13724b2f47c0589526628828c9de5a4562717ef344,26165.196000000014,25992.160999999982,26397.38799999998,128.799,67.2745,72.806,75.77774000000001,,13524480,11
cuda,75,interleaved_tenants,576,32,3,32,16,warm,A,73728,3538944,0,0,768,96.0,42fe58ee2f371b452def1e13724b2f47c0589526628828c9de5a4562717ef344,103710.76999999993,103635.05000000002,104006.52899999985,91.306,67.0995,72.18,74.30890000000001,,14694912,11
cuda,75,interleaved_tenants,576,32,3,32,16,warm,B,73728,1179648,0,0,256,96.0,42fe58ee2f371b452def1e13724b2f47c0589526628828c9de5a4562717ef344,103771.84100000001,103463.86599999973,103915.64499999993,22.725,67.124,72.174,74.0606,,8798208,11
cuda,75,interleaved_tenants,576,32,3,32,16,warm,C,73728,1179648,1152,13824,256,96.0,42fe58ee2f371b452def1e13724b2f47c0589526628828c9de5a4562717ef344,130283.64400000013,129863.57299999993,130351.18199999981,95.106,84.0495,90.5425,92.81380000000003,,8899584,11
cuda,75,interleaved_tenants,576,32,3,32,16,warm,D,73728,1179648,1152,13824,256,96.0,42fe58ee2f371b452def1e13724b2f47c0589526628828c9de5a4562717ef344,103824.65899999999,103597.80799999963,103910.59599999982,98.396,67.09049999999999,72.31725,74.25365000000001,,8828928,11
cuda,75,interleaved_tenants,576,32,3,32,16,warm,E,73728,1179648,0,0,256,96.0,42fe58ee2f371b452def1e13724b2f47c0589526628828c9de5a4562717ef344,122598.28199999989,122318.16799999986,122867.119,78.038,83.8775,89.62225000000001,92.3224,,8871936,11
cuda,75,interleaved_tenants,576,32,3,32,16,warm,F,73728,1179648,0,0,256,96.0,42fe58ee2f371b452def1e13724b2f47c0589526628828c9de5a4562717ef344,104110.73299999989,103766.06000000006,104266.40400000008,77.917,67.289,72.3855,74.22305000000001,,8801280,11
cuda,75,interleaved_tenants,576,32,3,32,16,warm,G,73728,3538944,0,0,768,96.0,42fe58ee2f371b452def1e13724b2f47c0589526628828c9de5a4562717ef344,104053.48000000019,103934.56999999977,104574.95300000002,132.475,67.20599999999999,72.31575,74.32255,,13524480,11
